Number,Descriptor,Context,CharLimit,Text
00001,menu.main.new_game,Main Menu,15,新遊戲
00002,menu.main.resume_game,Main Menu,15,繼續遊戲
00003,menu.main.load_game,Main Menu,15,載入遊戲
00004,menu.main.settings,Main Menu,15,設定
00005,menu.main.tutorial,Main Menu,15,教學
00006,menu.main.patch_notes,Main Menu,15,更新日誌
00007,menu.main.credits,Main Menu,15,鳴謝
00008,difficulty.menu.difficulty_settings,Difficulty Menu,24,難度設定
00009,difficulty.menu.presents,Difficulty Menu,32,預設
00010,difficulty.menu.trading,Difficulty Menu,32,交易
00011,difficulty.menu.loot,Difficulty Menu,32,搜刮
00012,difficulty.menu.progression,Difficulty Menu,32,遊戲節奏
00013,difficulty.menu.enemies,Difficulty Menu,32,敵人
00014,difficulty.menu.hardcore,Difficulty Menu,32,硬核
00015,difficulty.menu.rookie,Difficulty Menu,32,新手
00016,loadout.name.survivor,Loadout name,20,倖存者
00017,difficulty.menu.hunter,Difficulty Menu,32,獵人
00018,difficulty.menu.sell_multiplier,Difficulty Menu,32,商品價格
00019,difficulty.menu.items_amount,Difficulty Menu,32,物品數量
00020,difficulty.menu.amount_of_single_item,Difficulty Menu,32,單項物品數量
00021,difficulty.menu.minimum_weapons_durability,Difficulty Menu,32,掉落武器耐久下限
00022,difficulty.menu.maximum_weapons_durability,Difficulty Menu,32,掉落武器耐久上限
00023,difficulty.menu.npcs_drop_armor,Difficulty Menu,32,掉落護甲
00024,difficulty.menu.npc_ammo_amount,Difficulty Menu,32,掉落彈藥數量
00025,difficulty.menu.character_health,Difficulty Menu,32,生命
00026,difficulty.menu.minimum_transportable_weight,Difficulty Menu,32,負重上限
00027,difficulty.menu.hunger_thirst_decay_rate,Difficulty Menu,32,飢餓/口渴消耗
00028,difficulty.menu.reputation_multiplier,Difficulty Menu,32,聲望
00029,difficulty.menu.skill_experience_multiplier,Difficulty Menu,32,技能經驗
00030,difficulty.menu.reputation_from_quests,Difficulty Menu,32,任務聲望報酬
00031,difficulty.menu.roubles_from_quests,Difficulty Menu,32,任務盧布報酬
00032,difficulty.menu.items_from_quests,Difficulty Menu,32,任務物品報酬
00033,difficulty.menu.service_price,Difficulty Menu,32,服務費用
00034,difficulty.menu.human_health,Difficulty Menu,32,人類生命
00035,difficulty.menu.human_damage_dealt,"Difficulty Menu, damage dealt to humans",32,人類傷害
00036,difficulty.menu.mutant_health,Difficulty Menu,32,變異生物生命
00037,difficulty.menu.mutant_damage_dealt,"Difficulty Menu, damage dealt to mutants",32,變異生物傷害
00038,difficulty.menu.lose_equipment,Difficulty Menu,32,丟失裝備
00039,difficulty.menu.lose_ammo,Difficulty Menu,32,丟失彈藥
00040,difficulty.menu.lose_medication,Difficulty Menu,32,丟失藥品
00041,difficulty.menu.lose_consumable,Difficulty Menu,32,丟失消耗品
00042,difficulty.menu.lose_keys,Difficulty Menu,32,丟失鑰匙
00043,difficulty.menu.lose_other_item,Difficulty Menu,32,丟失其他物品
00044,difficulty.menu.perma_death,Difficulty Menu,32,永久死亡
00045,difficulty.menu.traders_money,Difficulty Menu,32,商人現金
00046,difficulty.menu.price_weapons,Difficulty Menu,32,武器價格
00047,difficulty.menu.price_armors,Difficulty Menu,32,護甲價格
00048,difficulty.menu.price_backpacks,Difficulty Menu,32,背包價格
00049,difficulty.menu.price_ammo,Difficulty Menu,32,彈藥價格
00050,difficulty.menu.price_medications,Difficulty Menu,32,藥品價格
00051,trade.menu.buy_for,Trading menu,32,購買
00052,general.next,"General Usage, go forward a step or menu",16,繼續
00053,ui.back,User Interface,40,返回
00054,general.exit,"General Usage, go forward a step or menu",16,退出
00055,general.on,"General Usage, On as in enabled",16,開
00056,general.off,"General Usage, Off as in disabled",16,關
00057,general.go,"General Usage, select an option or go to a place",16,前往
00058,general.extras,"General Usage, indicating additional options",16,其他
00059,general.track,"General Usage, track a requirement or object",16,追蹤
00060,quest.reward.reward,Quest Rewards,24,報酬
00061,quest.reward.exp,Quest Rewards,16,經驗
00062,quest.reward.rep,Quest Rewards,16,聲望
00063,crafting.requirements,"General Usage, quest or crafting conditions",24,需求
00064,general.general,"General Usage, meaning general usage",24,普通
00065,general.deal,"General Usage, accepting a deal or offer",18,接受
00066,map.area.forest,Map/Area Name,28,森林
00067,quest.name.makeshift_camp,Quest names,64,臨時營地
00068,map.area.industrial_area,Map/Area Name,28,工業區
00069,map.area.swamp,Map/Area Name,28,沼澤
00070,map.area.mall,Map/Area Name,28,商場
00071,map.area.cnpp,Map/Area Name,28,核電站
00072,map.area.zakov,Map/Area Name,28,扎科夫
00073,map.area.rural_area,Map/Area Name,28,農業區
00074,trade.scrap.are_you_sure_you_want_to_scrap_this_item,Scrap Menu,72,確定要分解此物品嗎？
00075,trade.scrap.no_keep_it,Scrap Menu,32,不，留着吧
00076,trade.scrap.yes_destroy_it,Scrap Menu,32,是的
00077,map.marker.add_marker,Marker context menu,24,添加標記
00078,map.marker.remove_marker,Marker context menu,24,移除標記
00079,crafting.menu.medication,Crafting Menu,24,藥品
00080,trade.trader.ammunition,Trader Pages,48,彈藥
00081,storage.stash.food,Stash page name,32,食物
00082,crafting.menu.repair_kit,Crafting Menu,24,修理套件
00083,crafting.menu.repair_gear,Crafting Menu,24,修理裝備
00084,crafting.menu.mod_weapons,Crafting Menu,24,改裝武器
00085,crafting.menu.modules_tier_1,Crafting Menu,24,一階模組
00086,crafting.menu.modules_tier_2,Crafting Menu,24,二階模組
00087,crafting.menu.required_items,Crafting Menu,24,所需物品
00088,crafting.menu.no_additional_requirements,Crafting Menu,32,無額外需求
00089,crafting.menu.craft,Crafting Menu,24,製作
00090,inventory.menu.inventory,Inventory Menu,32,儲藏
00091,inventory.menu.ground,Inventory Menu,32,地面
00092,item.medication.anti_bleed_gel,Medication Items,32,止血凝膠
00093,item.medication.bandage,Medication Items,32,繃帶
00094,item.medication.sterilised_bandage,Medication Items,32,消毒繃帶
00095,item.medication.first_aid_medikit,Medication Items,32,急救醫療包
00096,item.medication.professional_medikit,Medication Items,32,專業醫療包
00097,item.medication.improvised_medikit,Medication Items,32,臨時醫療包
00098,item.medication.standard_medikit,Medication Items,32,標準醫療包
00099,item.medication.modern_medikit,Medication Items,32,現代醫療包
00100,item.medication.medikit_t_000,Medication Items,32,T -000 醫療包
00101,item.medication.anti_rad_pills,Medication Items,32,抗輻射藥片
00102,loadout.name.assault,Loadout name,20,突擊手
00103,loadout.the_tried_and_tested_choice_a,Loadouts - Description,160,經典可靠的組合。在常規距離內都能有效打擊敵人，但沒有突出的優勢。
00104,loadout.name.bruiser,Loadout name,20,拳擊手
00105,loadout.get_in_close_and_make_them_hurt_what,Loadouts - Description,160,貼身肉搏，予以敵人迎頭痛擊！雖然射程不足，但在近距離擁有壓倒性優勢。
00106,loadout.name.marksman,Loadout name,20,神射手
00107,loadout.they_ll_never_see_it_coming_scout_out,Loadouts - Description,160,他們永遠無法預見死亡的到來。一個接着一個，遠遠地幹掉敵人。
00108,loadout.name.ranger,Loadout name,20,游擊隊員
00109,loadout.precision_on_the_move_great_at_mid_to,Loadouts - Description,160,飄搖不定，若即若離，依靠射程優勢打擊敵人，在他們逼近時則用短兵還以顏色。
00110,loadout.name.tactical_operator,Loadout name,20,戰術幹員
00111,loadout.who_needs_big_guns_reposition_quickly,Loadouts - Description,160,以小博大，緊張刺激！用手槍和閃光彈確立優勢。
00112,loadout.someone_packed_light_this_is_going_to,Loadouts - Description,160,輕裝上陣，沒什麼可怕的。
00113,item.backpack.backpack_1,Backpacks,48,1級背包
00114,item.backpack.military_standard_backpack,Backpacks,48,標準軍用背包
00115,item.backpack.military_high_capacity_backpack,Backpacks,48,大容量軍用背包
00116,item.backpack.rtu_backpack,Backpacks,48,RTU 背包
00117,item.backpack.rtu_000_backpack,Backpacks,48,RTU-000 背包
00118,item.backpack.szx_100_backpack,Backpacks,48,SZX-100 背包
00119,item.backpack.hfy_backpack,Backpacks,48,HFY 背包
00120,item.backpack.tq001_backpack,Backpacks,48,TQ001 背包
00121,item.backpack.exe_backpack,Backpacks,48,EXE 背包
00122,item.backpack.zxop_500_backpack,Backpacks,48,ZXOP-500 背包
00123,item.backpack.school_bag,Backpacks,48,書包
00124,item.backpack.santa_s_backpack,Backpacks,48,聖誕背包
00125,item.backpack.backpack_small,Backpacks,48,小型背包
00126,item.document.class_a_documents,Documents,48,A 級檔案
00127,item.document.class_b_documents,Documents,48,B 級檔案
00128,item.document.class_c_documents,Documents,48,C 級檔案
00129,item.document.class_d_documents,Documents,48,D 級檔案
00130,item.document.secret_documents_hand_these_to_a,Documents,96,祕密檔案。將其交給陣營首領可提升聲望。
00131,npc.electrical_anomaly,NPCs,48,閃電異常
00132,npc.fiery_anomaly,NPCs,48,火焰異常
00133,npc.arman,NPCs,48,阿爾曼
00134,npc.lazar,NPCs,48,拉扎爾
00135,npc.lazar_s_guard,NPCs,48,拉扎爾的近衛
00136,npc.orel,NPCs,48,奧廖爾
00137,npc.doctor,NPCs,48,醫生
00138,npc.networker,NPCs,48,聯絡員
00139,npc.barman,NPCs,48,酒保
00140,npc.big,NPCs,48,「大塊頭」
00141,npc.blink,NPCs,48,「閃爍」
00142,npc.boar,NPCs,48,野豬
00143,npc.mutated_boar,NPCs,48,變異野豬
00144,npc.soldier_gedeon_bogdanov,NPCs,48,士兵 - 吉迪恩·博格達諾夫
00145,npc.conductor,NPCs,48,列車長
00146,npc.soldier_ermolai_vlasov,NPCs,48,士兵 - 埃爾莫萊·弗拉索夫
00147,npc.joel_emerson,NPCs,48,喬爾·埃默森
00148,npc.max_parker,NPCs,48,馬克斯·帕克
00149,npc.daniel_baker,NPCs,48,丹尼爾·貝克
00150,npc.crow,NPCs,48,烏鴉
00151,npc.the_networker,NPCs,48,聯絡員
00152,npc.engineer_volkov,NPCs,48,工程師 - 沃爾科夫
00153,npc.igor_kuzmin,NPCs,48,伊戈爾·庫茲明
00154,npc.ghoul,NPCs,48,食屍鬼
00155,npc.soldier_yakim_borisov,NPCs,48,士兵 - 雅基姆·鮑里索夫
00156,npc.soldier_vadim_borisov,NPCs,48,士兵 - 瓦迪姆·鮑里索夫
00157,npc.soldier_kodiak_vlasov,NPCs,48,士兵 - 科迪亞克·弗拉索夫
00158,npc.the_guide,NPCs,48,嚮導
00159,npc.infestation,NPCs,48,感染源
00160,npc.mr_junk,NPCs,48,垃圾佬
00161,npc.kibba,NPCs,48,「肌霸」
00162,npc.reynard_shepard,NPCs,48,雷納德·謝潑德
00163,npc.general_artemovich,NPCs,48,將軍 - 阿爾捷莫維奇
00164,npc.henry_davies,NPCs,48,亨利·戴維斯
00165,npc.the_doctor,NPCs,48,醫生
00166,npc.dimitriy_alexeev,NPCs,48,德米特里·阿列克謝耶夫
00167,npc.crimson_assassin,NPCs,48,深紅公司殺手
00168,npc.sergeant_desya_popo,NPCs,48,中士 - 德西亞·波波
00169,npc.rabbit,NPCs,48,兔子
00170,npc.rat,NPCs,48,老鼠
00171,npc.santa_claus,NPCs,48,聖誕老人
00172,npc.chief_scientist_isaak_fedorov,NPCs,48,首席科學家 - 伊薩克·費奧多羅夫
00173,npc.mutated_spider,NPCs,48,變異蜘蛛
00174,npc.spine,NPCs,48,「脊椎」
00175,npc.alexei_andreevich,NPCs,48,阿列克謝·安德烈耶維奇
00176,npc.osip_andreevich,NPCs,48,奧西普·安德烈耶維奇
00177,npc.riley_evans,NPCs,48,萊利·埃文斯
00178,npc.viktor_tutorialovich,NPCs,48,維克托·圖圖洛維奇
00179,npc.unknown,NPCs,48,神祕人
00180,npc.wolf,NPCs,48,狼
00181,npc.zombie,NPCs,48,喪屍
00182,armor.repair.armor_repair_kit,Armor Repair,48,護甲修理套件
00183,armor.repair.to_use_this_repair_kit_put_the_weapon,Armor Repair Description,256,要使用此修理套件，請將武器裝備至主欄位，並右鍵使用以進行修理
00184,item.desc.to_use_this_repair_kit_put_the_weapon,Item description,256,要使用此修理套件，請將武器裝備至主欄位，並右鍵使用以進行修理
00185,armor.repair.to_use_this_repair_kit_equip_the_armor,Armor Repair Description,256,要使用此修理套件，請裝備護甲，並右鍵點擊修理套件以進行修理
00186,weapon.repair.weapon_repair_kit,Weapon Repair,48,武器修理套件
00187,stats.total_hunts,Stats,48,狩獵行動次數
00188,stats.hunts_survived,Stats,48,成功撤離次數
00189,stats.survival_rate,Stats,48,成功率% 
00190,stats.best_survival_streak,Stats,48,最多連續撤離次數
00191,stats.current_survival_streak,Stats,48,當前連續撤離次數
00192,stats.total_money_received,Stats,48,狩獵行動總收入
00193,stats.most_money_from_a_single_hunt,Stats,48,單次狩獵最高收入
00194,stats.most_exp_from_a_single_hunt,Stats,48,單次狩獵最高獲得經驗
00195,stats.total_human_killed,Stats,48,擊殺人類
00196,stats.bandits,Stats,48,強盜
00197,stats.green_army,Stats,48,綠軍
00198,train.skin.crimson_corporation,Train Skin Option Name,64,深紅公司
00199,stats.scientist,Stats/Factions,48,科學家
00200,stats.loner,Stats/Factions,48,獨狼
00201,stats.x,Stats,48,???
00202,stats.boss_lazar,Stats,48,Boss：拉扎爾
00203,stats.boss_arman,Stats,48,Boss：阿爾曼
00204,stats.boss_orel,Stats,48,Boss：奧廖爾
00205,stats.boss_kibba,Stats,48,Boss：「肌霸」
00206,stats.total_mutants_killed,Stats,48,擊殺變異生物
00207,stats.total_chest_opened,Stats,48,搜刮容器
00208,stats.tool_box,Stats,48,工具箱
00209,stats.medication_box,Stats,48,醫療用品箱
00210,stats.electronics_box,Stats,48,電子元件箱
00211,stats.bag,Stats,48,袋子
00212,stats.cabinet,Stats,48,櫃子
00213,stats.safe,Stats,48,保險箱
00214,stats.wood_box,Stats,48,木箱
00215,stats.hidden_stash,Stats,48,物資藏匿點
00216,stats.weapon_box,Stats,48,武器箱
00217,stats.attachment_box,Stats,48,配件箱
00218,stats.vending_machine,Stats,48,自動販賣機
00219,stats.crystal,Stats,48,水晶
00220,chest.air_drop,Chests,64,空投
00221,trade.tikhon_romanov,Traders,48,季洪·羅曼諾夫
00222,trade.trader.medication_and_food,Trader Pages,48,醫療用品和食物
00223,trade.trader.equipment,Trader Pages,48,裝備
00224,trade.trader.pistol_and_smg,Trader Pages,48,手槍和衝鋒槍
00225,weapon.type.shotgun,Trader Pages,48,霰彈槍
00226,trade.trader.sniper_rifle_and_dmr,Trader Pages,48,狙擊步槍和精確射手步槍
00227,trade.trader.stock_and_barrel,Trader Pages,48,槍托和槍管
00228,trade.trader.magazine,Trader Pages,48,彈匣
00229,trade.trader.handguard_and_pistol_grip,Trader Pages,48,護木和手槍握把
00230,trade.trader.attachment_and_scope,Trader Pages,48,配件和瞄具
00231,base.upgrade.building_kit_ammo_1,Upgrade Base Kit,48,建造套件：彈藥 1
00232,base.upgrade.building_kit_ammo_2,Upgrade Base Kit,48,建造套件：彈藥 2
00233,base.upgrade.building_kit_bedroom_1,Upgrade Base Kit,48,建造套件：臥室 1
00234,base.upgrade.building_kit_bedroom_2,Upgrade Base Kit,48,建造套件：臥室 2
00235,base.upgrade.building_kit_forge_1,Upgrade Base Kit,48,建造套件：鍛造台 1
00236,base.upgrade.building_kit_forge_2,Upgrade Base Kit,48,建造套件：鍛造台 2
00237,base.upgrade.building_kit_garden_1,Upgrade Base Kit,48,建造套件：花園 1
00238,base.upgrade.building_kit_garden_2,Upgrade Base Kit,48,建造套件：花園 2
00239,base.upgrade.building_kit_gym_1,Upgrade Base Kit,48,建造套件：健身房 1
00240,base.upgrade.building_kit_gym_2,Upgrade Base Kit,48,建造套件：健身房 2
00241,base.upgrade.building_kit_infirmary_1,Upgrade Base Kit,48,建造套件：醫務室 1
00242,base.upgrade.building_kit_infirmary_2,Upgrade Base Kit,48,建造套件：醫務室 2
00243,base.upgrade.building_kit_kitchen_1,Upgrade Base Kit,48,建造套件：廚房 1
00244,base.upgrade.building_kit_kitchen_2,Upgrade Base Kit,48,建造套件：廚房 2
00245,base.upgrade.building_kit_radio_station_1,Upgrade Base Kit,48,建造套件：廣播電臺 1
00246,base.upgrade.building_kit_radio_station_2,Upgrade Base Kit,48,建造套件：廣播電臺 2
00247,base.upgrade.building_kit_recycling_1,Upgrade Base Kit,48,建造套件：回收站 1
00248,base.upgrade.building_kit_recycling_2,Upgrade Base Kit,48,建造套件：回收站 2
00249,base.upgrade.building_kit_scavenger_1,Upgrade Base Kit,48,建造套件：清道夫 1
00250,base.upgrade.building_kit_scavenger_2,Upgrade Base Kit,48,建造套件：清道夫 2
00251,base.upgrade.building_kit_shooting_range_1,Upgrade Base Kit,48,建造套件：射擊場 1
00252,base.upgrade.building_kit_shooting_range_2,Upgrade Base Kit,48,建造套件：射擊場 2
00253,base.upgrade.building_kit_storage_1,Upgrade Base Kit,48,建造套件：儲存 1
00254,base.upgrade.building_kit_storage_2,Upgrade Base Kit,48,建造套件：儲存 2
00255,base.upgrade.building_kit_workshop_1,Upgrade Base Kit,48,建造套件：工坊 1
00256,base.upgrade.building_kit_workshop_2,Upgrade Base Kit,48,建造套件：工坊 2
00257,weapon.mod.foregrip,Weapon Mods,64,前握把
00258,weapon.mod.muzzle_brake_ppd_3c_for_9x18_9x19,Weapon Mods,64,9x18、9x19 PPD-3C 制退器
00259,weapon.mod.tr_15_wm_stock_war_machine,Weapon Mods,64,TR-15「戰爭機器」槍托
00260,weapon.mod.tr_15_b_mag_magazine_gen_t3_desert,Weapon Mods,64,TR-15 B 沙色彈匣 GEN T3
00261,weapon.mod.tr_15_pistol_grip,Weapon Mods,64,TR-15 手槍握把
00262,weapon.mod.batko_mkm_handguard,Weapon Mods,64,Batko MKM 護木
00263,weapon.mod.ec_standard_stock,Weapon Mods,64,EC 標準槍托
00264,weapon.mod.vs_98_5_round_magazine,Weapon Mods,64,VS-98 5發彈匣
00265,weapon.mod.ec_standard_handguard,Weapon Mods,64,EC 標準護木
00266,weapon.mod.suppressor_762x25,Weapon Mods,64,7.62x25 消音器
00267,weapon.mod.ec_series_long_barrel,Weapon Mods,64,EC 長槍管
00268,weapon.mod.milosun_red_dot,Weapon Mods,64,Milosun 紅點瞄準鏡
00269,weapon.mod.prk_standard_handguard,Weapon Mods,64,PRK 標準護木
00270,weapon.mod.f90_attachment_rail,Weapon Mods,64,F90 導軌
00271,weapon.mod.nc_47_long_barrel,Weapon Mods,64,NC 47 長槍管
00272,weapon.mod.grusa_double_rail,Weapon Mods,64,Grusa 雙導軌
00273,weapon.mod.g76_short_barrel,Weapon Mods,64,G76 短槍管
00274,weapon.mod.fanaz_standard_pistol_grip,Weapon Mods,64,Fanaz 標準手槍握把
00275,weapon.mod.sha_12_long_suppressor,Weapon Mods,64,Sha-12 長消音器
00276,weapon.mod.n4o1_standard_stock,Weapon Mods,64,N4o1 標準槍托
00277,weapon.mod.tr_15_black_handguard,Weapon Mods,64,TR-15 黑色護木
00278,weapon.mod.zz_vel_magazine,Weapon Mods,64,ZZ VEL 彈匣
00279,weapon.mod.ec_wooden_foregrip_with_rail,Weapon Mods,64,EC 木質導軌前握把
00280,weapon.mod.frd_wooden_stock,Weapon Mods,64,FRD 木質槍托
00281,weapon.mod.ec_b_mag_magazine_gen_t3_desert,Weapon Mods,64,EC B 沙色彈匣 GEN T3
00282,weapon.mod.mkm_handguard,Weapon Mods,64,MKM 護木
00283,weapon.mod.ec_desert_handguard,Weapon Mods,64,EC 沙色護木
00284,weapon.mod.spec_scope,Weapon Mods,64,Spec 瞄準鏡
00285,weapon.mod.skop_standard_handguard,Weapon Mods,64,Skop 標準護木
00286,weapon.mod.boulder_standard_grip,Weapon Mods,64,Boulder 標準握把
00287,weapon.mod.nb5_pistol_grip,Weapon Mods,64,NB5 手槍握把
00288,weapon.mod.n1o_standard_stock,Weapon Mods,64,N1o 標準槍托
00289,weapon.mod.g76_standard_stock,Weapon Mods,64,G76 標準槍托
00290,weapon.mod.fanaz_60_round_magazine,Weapon Mods,64,Fanaz 60發彈匣
00291,weapon.mod.muzzle_brake_7_62x51_and_7_62x39_revenge,Weapon Mods,64,7.62x51、7.62x39「復仇」制退器
00292,weapon.mod.tr_15_tactical_stock_grey,Weapon Mods,64,TR-15 灰色戰術槍托
00293,weapon.mod.tr_15_standard_magazine,Weapon Mods,64,TR-15 標準彈匣
00294,weapon.mod.tr_15_desert_pistol_grip,Weapon Mods,64,TR-15 沙色手槍握把
00295,weapon.mod.stv_40_15_round_magazine,Weapon Mods,64,STV-40 15發彈匣
00296,weapon.mod.vs_98_10_round_magazine,Weapon Mods,64,VS-98 10發彈匣
00297,weapon.mod.suppressor_5_7x28,Weapon Mods,64,5.7x28 消音器
00298,weapon.mod.ec_series_short_barrel,Weapon Mods,64,EC 短槍管
00299,weapon.mod.edatech_dot,Weapon Mods,64,Edatech 紅點瞄準鏡
00300,weapon.mod.prk_standard_grip,Weapon Mods,64,PRK 標準握把
00301,weapon.mod.nb5_stock,Weapon Mods,64,NB5 槍托
00302,weapon.mod.nc_47_short_barrel,Weapon Mods,64,NC 47 短槍管
00303,weapon.mod.grusa_single_rail,Weapon Mods,64,Grusa 單導軌
00304,weapon.mod.edl_10_round_magazine,Weapon Mods,64,EDL 10發彈匣
00305,weapon.mod.sha_12_short_suppressor,Weapon Mods,64,Sha-12 短消音器
00306,weapon.mod.suppressor_5_56x45_cak_cbss_desert,Weapon Mods,64,5.56x45 CAK CBSS 沙色消音器
00307,weapon.mod.tr_15_handguard_lone_moon,Weapon Mods,64,TR-15「孤月」護木
00308,weapon.mod.zz_vel_handguard,Weapon Mods,64,ZZ VEL 護木
00309,weapon.mod.ec_wooden_foregrip,Weapon Mods,64,EC 木質前握把
00310,weapon.mod.frd_20_round_magazine,Weapon Mods,64,FRD 20發彈匣
00311,weapon.mod.ec_standard_magazine,Weapon Mods,64,EC 標準彈匣
00312,weapon.mod.suppressor_9x19,Weapon Mods,64,9x19 消音器
00313,weapon.mod.ec_handguard,Weapon Mods,64,EC 護木
00314,weapon.mod.cu_scope,Weapon Mods,64,CU 瞄準鏡
00315,weapon.mod.skop_standard_pistol_grip,Weapon Mods,64,Skop 標準手槍握把
00316,weapon.mod.bbsh_drum_magazine,Weapon Mods,64,BBsH 彈鼓
00317,weapon.mod.nb153_stock,Weapon Mods,64,NB153 槍托
00318,weapon.mod.tactical_green_laser,Weapon Mods,64,戰術綠色雷射
00319,weapon.mod.g76_long_handguard_desert,Weapon Mods,64,G76 沙色長護木
00320,weapon.mod.fanaz_30_round_magazine,Weapon Mods,64,Fanaz 30發彈匣
00321,weapon.mod.muzzle_brake_5_56x45_revenge,Weapon Mods,64,5.56x45「復仇」制退器
00322,weapon.mod.tr_15_tactical_stock_desert,Weapon Mods,64,TR-15 沙色戰術槍托
00323,weapon.mod.tr_15_iron_sight,Weapon Mods,64,TR-15 金屬瞄具
00324,weapon.mod.n4o1_standard_pistol_grip,Weapon Mods,64,N4o1 標準手槍握把
00325,weapon.mod.stv_40_10_round_magazine,Weapon Mods,64,STV-40 10發彈匣
00326,weapon.mod.ec_stock,Weapon Mods,64,EC 槍托
00327,weapon.mod.stas_12_standard_stock,Weapon Mods,64,Stas 12 標準槍托
00328,weapon.mod.suppressor_5_45x39_tbs,Weapon Mods,64,5.45x39 TBS 消音器
00329,weapon.mod.ec_101_tactical_magazine,Weapon Mods,64,EC-101 戰術彈匣
00330,weapon.mod.alton_scope,Weapon Mods,64,Alton 瞄準鏡
00331,weapon.mod.renindon_700_extended_magazine,Weapon Mods,64,Renindon 700 擴展彈匣
00332,weapon.mod.n1o_skop_magazine_50_round,Weapon Mods,64,N1o/Skop 50發彈鼓
00333,weapon.mod.grusa_tactical_suppressor,Weapon Mods,64,Grusa 戰術消音器
00334,weapon.mod.edl_5_round_magazine,Weapon Mods,64,EDL 5發彈匣
00335,weapon.mod.sha_12_standard_brake,Weapon Mods,64,Sha-12 標準制退器
00336,weapon.mod.suppressor_5_56x45_cak_cbss,Weapon Mods,64,5.56x45 CAK CBSS 消音器
00337,weapon.mod.tr_15_desert_handguard,Weapon Mods,64,TR-15 沙色護木
00338,weapon.mod.zz_vel_pistol_grip,Weapon Mods,64,ZZ VEL 手槍握把
00339,weapon.mod.ec_74u_handguard,Weapon Mods,64,EC-74U 護木
00340,weapon.mod.frd_10_round_magazine,Weapon Mods,64,FRD 10發彈匣
00341,weapon.mod.suppressor_9x18,Weapon Mods,64,9x18 消音器
00342,weapon.mod.ec_standard_pistol_grip,Weapon Mods,64,EC 標準手槍握把
00343,weapon.mod.tsu_scope,Weapon Mods,64,TSU 瞄準鏡
00344,weapon.mod.skop_long_barrel,Weapon Mods,64,Skop 長槍管
00345,weapon.mod.bbsh_standard_magazine,Weapon Mods,64,BBsH 標準彈匣
00346,weapon.mod.tactical_red_laser,Weapon Mods,64,戰術紅色雷射
00347,weapon.mod.g76_long_handguard,Weapon Mods,64,G76 長護木
00348,weapon.mod.fanaz_20_round_magazine,Weapon Mods,64,Fanaz 20發彈匣
00349,weapon.mod.muzzle_brake_5_56x45_tvs_cqb,Weapon Mods,64,5.56x45 TVS CQB 制退器
00350,weapon.mod.tr_15_stock_ktr_green,Weapon Mods,64,TR-15 KTR 綠色槍托
00351,weapon.mod.tr_15_handguard_tnr_mt16,Weapon Mods,64,TR-15 TNR mt16 護木
00352,weapon.mod.sector_50_rounds_magazine,Weapon Mods,64,Sector 50發彈鼓
00353,weapon.mod.tr_15_muzzle_brake,Weapon Mods,64,TR-15 槍口制退器
00354,weapon.mod.stv_40_handguard,Weapon Mods,64,STV-40 護木
00355,weapon.mod.stas_12_attachment_rail,Weapon Mods,64,Stas 12 導軌
00356,weapon.mod.suppressor_5_45x39_hexaboom,Weapon Mods,64,5.45x39 Hexaboom 消音器
00357,weapon.mod.ec_101_standard_magazine,Weapon Mods,64,EC-101 標準彈匣
00358,weapon.mod.break_scope,Weapon Mods,64,Break 瞄準鏡
00359,weapon.mod.renindon_700_clip_magazine,Weapon Mods,64,Renindon 700 彈匣
00360,weapon.mod.nb5_30_round_magazine,Weapon Mods,64,NB5 30發彈匣
00361,weapon.mod.n1o_skop_magazine_30_round,Weapon Mods,64,N1o/Skop 30發彈匣
00362,weapon.mod.grusa_tactical_barrel,Weapon Mods,64,Grusa 戰術槍管
00363,weapon.mod.edl_pistol_grip,Weapon Mods,64,EDL 手槍握把
00364,weapon.mod.sha_12_standard_sight,Weapon Mods,64,Sha-12 標準瞄具
00365,weapon.mod.tr_15_b_mag_magazine_gen_t3_green,Weapon Mods,64,TR-15 B 彈匣 GEN T3
00366,weapon.mod.tr_15_lyua_c_handguard,Weapon Mods,64,TR-15 LYUA-C 護木
00367,weapon.mod.modern_tactical_torch,Weapon Mods,64,現代戰術手電筒
00368,weapon.mod.frd_advanced_handguard,Weapon Mods,64,FRD 高級護木
00369,weapon.mod.ec_b_mag_magazine_gen_t3,Weapon Mods,64,EC B 彈匣 GEN T3
00370,weapon.mod.suppressor_762x54,Weapon Mods,64,7.62x54R 消音器
00371,weapon.mod.nts_red_dot,Weapon Mods,64,NTS 紅點瞄準鏡
00372,weapon.mod.skop_short_barrel,Weapon Mods,64,Skop 短槍管
00373,weapon.mod.bb_91_30_round_magazine,Weapon Mods,64,BB 91 30發彈匣
00374,weapon.mod.nb153_handguard,Weapon Mods,64,NB153 護木
00375,weapon.mod.grusa_50_round_magazine,Weapon Mods,64,Grusa 50發彈鼓
00376,weapon.mod.g76_short_handguard_desert,Weapon Mods,64,G76 沙色短護木
00377,weapon.mod.fanaz_advanced_rail,Weapon Mods,64,Fanaz 高級導軌
00378,weapon.mod.muzzle_brake_5_45x39_zpww,Weapon Mods,64,5.45x39 ZPWW 制退器
00379,weapon.mod.tr_15_stock_ktr_black,Weapon Mods,64,TR-15 KTR 黑色槍托
00380,weapon.mod.tr_15_handguard_kv_rail,Weapon Mods,64,TR-15 KV-rail 護木
00381,weapon.mod.sector_21_rounds_magazine,Weapon Mods,64,Sector 21發彈匣
00382,weapon.mod.n4o1_long_barrel,Weapon Mods,64,N4o1 長槍管
00383,weapon.mod.frd_grip_stock,Weapon Mods,64,FRD 握把槍托
00384,weapon.mod.mkm_35_round_magazine,Weapon Mods,64,MKM 35發彈匣
00385,weapon.mod.ec_handguard_pentagoon,Weapon Mods,64,EC Pentagoon 護木
00386,weapon.mod.suppressor_45,Weapon Mods,64,.45 消音器
00387,weapon.mod.skop_stock,Weapon Mods,64,Skop 槍托
00388,weapon.mod.boulder_6_round_magazine,Weapon Mods,64,Boulder 6發彈鼓
00389,weapon.mod.nb5_20_round_magazine,Weapon Mods,64,NB5 20發彈匣
00390,weapon.mod.n1o_skop_magazine_20_round,Weapon Mods,64,N1o/Skop 20發彈匣
00391,weapon.mod.grusa_short_barrel,Weapon Mods,64,Grusa 短槍管
00392,weapon.mod.muzzle_brake_annikilator_for_5_56x45_7,Weapon Mods,64,5.56x45、7.62x51、9x19「終結者」制退器
00393,weapon.mod.sha_12_20_round_magazine,Weapon Mods,64,Sha-12 20發彈匣
00394,weapon.mod.tr_15_b_mag_magazine_gen_t3,Weapon Mods,64,TR-15 B 彈匣 GEN T3
00395,weapon.mod.n4o1_standard_handguard,Weapon Mods,64,N4o1 標準護木
00396,weapon.mod.standard_tactical_torch,Weapon Mods,64,標準戰術手電筒
00397,weapon.mod.ec_stock_yuas,Weapon Mods,64,EC YUAS 槍托
00398,weapon.mod.frd_polymer_handguard,Weapon Mods,64,FRD 聚合物護木
00399,weapon.mod.ec_60_round_magazine,Weapon Mods,64,EC 60發彈匣
00400,weapon.mod.suppressor_7_62x51_pts_udk,Weapon Mods,64,7.62x51 PTS/UDK 消音器
00401,weapon.mod.ec_tacto_savv_pistol_grip_desert,Weapon Mods,64,EC Tacto SAVV 沙色手槍握把
00402,weapon.mod.lion_scope,Weapon Mods,64,獅子瞄準鏡
00403,weapon.mod.prk_standard_stock,Weapon Mods,64,PRK 標準槍托
00404,weapon.mod.bb_91_20_round_magazine,Weapon Mods,64,BB 91 20發彈匣
00405,weapon.mod.nozin_modern_stock,Weapon Mods,64,Nozin 現代槍托
00406,weapon.mod.grusa_30_round_magazine,Weapon Mods,64,Grusa 20發彈匣
00407,weapon.mod.g76_short_handguard,Weapon Mods,64,G76 短護木
00408,weapon.mod.fanaz_attachment_rail,Weapon Mods,64,Fanaz 高級導軌
00409,weapon.mod.muzzle_brake_5_45x39_ppd_3c,Weapon Mods,64,5.45x39 PPD-3C 制退器
00410,weapon.mod.tr_15_stock_ktr_desert,Weapon Mods,64,TR-15 KTR 沙色槍托
00411,weapon.mod.tr_15_handguard_cak_xru,Weapon Mods,64,TR-15 CAK XRU 護木
00412,weapon.mod.n4o1_short_barrel,Weapon Mods,64,N4o1 短槍管
00413,weapon.mod.frd_modern_stock,Weapon Mods,64,FRD 現代槍托
00414,weapon.mod.ec74_iron_sight,Weapon Mods,64,EC74 金屬瞄具
00415,weapon.mod.mkm_20_round_magazine,Weapon Mods,64,MKM 20發彈匣
00416,weapon.mod.ec_handguard_aggrexxor,Weapon Mods,64,EC Aggrexxor 護木
00417,weapon.mod.suppressor_12x70,Weapon Mods,64,12/70 消音器
00418,weapon.mod.skop_standard_stock,Weapon Mods,64,Skop 標準槍托
00419,weapon.mod.boulder_12_round_magazine,Weapon Mods,64,Boulder 12發彈鼓
00420,weapon.mod.nb5_handguard,Weapon Mods,64,NB5 標準護木
00421,weapon.mod.n1o_modern_stock,Weapon Mods,64,N1o 現代槍托
00422,weapon.mod.g76_advanced_stock,Weapon Mods,64,G76 高級槍托
00423,weapon.mod.muzzle_brake_tvs_cqb_for_9x18_9x19,Weapon Mods,64,9x18 9x19 TVS CQB 制退器
00424,weapon.mod.sha_12_10_round_magazine,Weapon Mods,64,Sha-12 10發彈匣
00425,weapon.mod.tr_15_extended_magazine,Weapon Mods,64,TR-15 擴展彈鼓
00426,weapon.mod.tr_15_green_pistol_grip,Weapon Mods,64,TR-15 綠色手槍握把
00427,weapon.mod.frd_wooden_handguard,Weapon Mods,64,FRD 木質護木
00428,weapon.mod.ec_handguard_thukov_desert,Weapon Mods,64,EC Thukov 沙色護木
00429,weapon.mod.suppressor_762x39,Weapon Mods,64,7.62x39 消音器
00430,weapon.mod.ec_tacto_savv_pistol_grip,Weapon Mods,64,EC Tacto SAVV 手槍握把
00431,weapon.mod.snake_sight,Weapon Mods,64,Sanke 瞄準鏡
00432,weapon.mod.prk_drum_magazine,Weapon Mods,64,PRK 彈鼓
00433,weapon.mod.bb_91_handguard,Weapon Mods,64,BB 91 護木
00434,weapon.mod.nozin_wooden_stock,Weapon Mods,64,Nozin 木質槍托
00435,weapon.mod.grusa_20_round_magazine,Weapon Mods,64,Grusa 20發彈匣
00436,weapon.mod.g76_long_barrel,Weapon Mods,64,G76 長槍管
00437,weapon.mod.muzzle_brake_5_45x39_tvs_cqb,Weapon Mods,64,5.45x39 TVS CQB 制退器
00438,weapon.mod.tr_15_stock,Weapon Mods,64,TR-15 槍托
00439,weapon.mod.tr_15_green_handguard,Weapon Mods,64,TR-15 綠色護木
00440,weapon.mod.zz_vel_30_round_magazine,Weapon Mods,64,ZZ VEL 30發彈匣
00441,weapon.mod.ets_stock,Weapon Mods,64,ETS 槍托
00442,weapon.mod.frd_polymer_stock,Weapon Mods,64,FRD 聚合物槍托
00443,weapon.mod.mkm_10_round_magazine,Weapon Mods,64,MKM 10發彈匣
00444,weapon.mod.ec_handguard_thukov,Weapon Mods,64,EC Thukov 護木
00445,weapon.mod.vadoo_scope,Weapon Mods,64,Vadoo 瞄準鏡
00446,weapon.mod.skop_long_handguard,Weapon Mods,64,Skop 長護木
00447,weapon.mod.boulder_attachment_rail,Weapon Mods,64,Boulder 導軌
00448,weapon.mod.nb5_standard_handguard,Weapon Mods,64,NB5 標準護木
00449,weapon.mod.n1o_archangel_stock,Weapon Mods,64,N1o「大天使」槍托
00450,weapon.ec_101,Weapons,64,EC 101
00451,weapon.santa_ec_74,Weapons,64,聖誕 EC 74
00452,weapon.nb5,Weapons,64,NB5
00453,weapon.edl,Weapons,64,EDL
00454,weapon.frd,Weapons,64,FRD
00455,weapon.bbsh_41,Weapons,64,BBsH 41
00456,weapon.n4o1,Weapons,64,N4o1
00457,weapon.wintar_bk,Weapons,64,Wintar BK
00458,weapon.ecm,Weapons,64,ECM
00459,weapon.skop_l,Weapons,64,Skop L
00460,weapon.g_76,Weapons,64,G76
00461,weapon.tus_34,Weapons,64,Tus 34
00462,weapon.marauder_700_modern,Weapons,64,Marauder 700 現代
00463,weapon.nozin_makant,Weapons,64,Nozin Makant
00464,weapon.sha_12,Weapons,64,Sha-12
00465,weapon.stas_12,Weapons,64,Stas 12
00466,weapon.bb_19_moose,Weapons,64,BB 19 MOOSE
00467,weapon.grusa_4,Weapons,64,Grusa 4
00468,weapon.vrizz_sector_45_acp,Weapons,64,VRIZZ Sector .45 ACP
00469,weapon.ec_74,Weapons,64,EC 74
00470,weapon.sawed_off_double_shotgun,Weapons,64,鋸短雙管霰彈槍
00471,weapon.mp_133,Weapons,64,MP 133
00472,weapon.fanaz,Weapons,64,Fanaz
00473,weapon.stv_40,Weapons,64,STV-40
00474,weapon.boulder,Weapons,64,Boulder
00475,weapon.pn_pokarov,Weapons,64,PN 波卡羅夫
00476,weapon.ets,Weapons,64,ETS
00477,weapon.spyder,Weapons,64,Spyder
00478,weapon.f90,Weapons,64,F90
00479,weapon.vlok_17,Weapons,64,Vlok 17
00480,weapon.pp_kokarev,Weapons,64,PP 科卡列夫
00481,weapon.prk_16,Weapons,64,PRK 16
00482,weapon.nb_153,Weapons,64,NB 153
00483,weapon.atv_40,Weapons,64,ATV-40
00484,weapon.vs_98,Weapons,64,VS-98
00485,weapon.bb_91_kerr,Weapons,64,BB 91 KERR
00486,weapon.n1o,Weapons,64,N1o
00487,weapon.vrizz_sector_9x19mm,Weapons,64,VRIZZ Sector 9x19mm 
00488,weapon.ec_74u,Weapons,64,EC 74U
00489,weapon.skop_h,Weapons,64,Skop H
00490,weapon.rp_57,Weapons,64,RP 57
00491,weapon.batko_mkm,Weapons,64,Batko MKM
00492,weapon.marauder_700,Weapons,64,Marauder 700
00493,weapon.nc_47_chimera,Weapons,64,NC 47 奇美拉
00494,weapon.zz_vel,Weapons,64,ZZ VEL
00495,weapon.mkm,Weapons,64,MKM
00496,weapon.grusa_1,Weapons,64,Grusa 1
00497,weapon.vnp,Weapons,64,VNP
00498,ammo.type.12_7x55mm_bp_round,Ammo Types,64,12.7x55mm 穿甲彈
00499,ammo.type.12_7x55mm_hp_round,Ammo Types,64,12.7x55mm 空尖彈
00500,ammo.type.12_7x55mm_ps_round,Ammo Types,64,12.7x55mm 鋼芯彈
00501,ammo.type.12x70mm_buckshot,Ammo Types,64,12x70mm 鹿彈
00502,ammo.type.12x70mm_slug,Ammo Types,64,12x70mm 獨頭彈
00503,ammo.type.12x70mm_ap_slug,Ammo Types,64,12x70mm 穿甲獨頭彈
00504,ammo.type.357_magnum,Ammo Types,64,.357 馬格南
00505,ammo.type.45_acp,Ammo Types,64,.45 ACP
00506,ammo.type.45_acp_ap,Ammo Types,64,.45 ACP 穿甲彈
00507,ammo.type.45_acp_subsonic,Ammo Types,64,.45 ACP 亞音速
00508,ammo.type.5_45x39mm_ps,Ammo Types,64,5.45x39mm 鋼芯彈
00509,ammo.type.5_45x39mm_bt,Ammo Types,64,5.45x39mm 曳光穿甲彈
00510,ammo.type.5_45x39mm_hp,Ammo Types,64,5.45x39mm 空尖彈
00511,ammo.type.5_45x39mm_subsonic,Ammo Types,64,5.45x39mm 亞音速
00512,ammo.type.5_56x45mm_m855,Ammo Types,64,5.56x45mm m855
00513,ammo.type.5_56x45mm_hp,Ammo Types,64,5.56x45mm 空尖彈
00514,ammo.type.5_56x45mm_m995,Ammo Types,64,5.56x45mm m995
00515,ammo.type.5_56x45mm_subsonic,Ammo Types,64,5.56x45mm 亞音速
00516,ammo.type.5_7x28mm_r37,Ammo Types,64,5.7x28mm R37
00517,ammo.type.5_7x28mm_ss190,Ammo Types,64,5.7x28mm SS190
00518,ammo.type.5_7x28mm_subsonic,Ammo Types,64,5.7x28mm 亞音速
00519,ammo.type.7_62x25mm_fmj,Ammo Types,64,7.62x25mm FMJ
00520,ammo.type.7_62x25mm_pst,Ammo Types,64,7.62x25mm PST
00521,ammo.type.7_62x39mm_ps,Ammo Types,64,7.62x39mm 鋼芯彈
00522,ammo.type.7_62x39mm_bp,Ammo Types,64,7.62x39mm 穿甲彈
00523,ammo.type.7_62x39mm_hp,Ammo Types,64,7.62x39mm 空尖彈
00524,ammo.type.7_62x39mm_subsonic,Ammo Types,64,7.62x39mm 亞音速
00525,ammo.type.7_62x51mm_m80,Ammo Types,64,7.62x51mm m80
00526,ammo.type.7_62x51mm_fmj,Ammo Types,64,7.62x51mm FMJ
00527,ammo.type.7_62x51mm_m61,Ammo Types,64,7.62x51mm m61
00528,ammo.type.7_62x54r_mm_ps,Ammo Types,64,7.62x54Rmm 鋼芯彈
00529,ammo.type.7_62x54rmm_snb,Ammo Types,64,7.62x54Rmm 強化鋼芯穿甲彈
00530,ammo.type.9x18mm_ps,Ammo Types,64,9x18mm 鋼芯彈
00531,ammo.type.9x18mm_pbm,Ammo Types,64,9x18mm PBM
00532,ammo.type.9x19mm_pso,Ammo Types,64,9x19mm PSO
00533,ammo.type.9x19mm_ap,Ammo Types,64,9x19mm 穿甲彈
00534,ammo.type.9x19mm_subsonic,Ammo Types,64,9x19mm 亞音速
00535,ammo.type.9x39mm_sp_5,Ammo Types,64,9x39mm SP-5
00536,ammo.type.9x39mm_bp,Ammo Types,64,9x39mm 穿甲彈
00537,armor.arman_suit,Armor,64,阿爾曼防具
00538,armor.bandit_leather_armor,Armor,64,強盜皮甲
00539,armor.bandit_3fbby_armor,Armor,64,強盜 3FBBY 護甲
00540,armor.bulletproof_vest,Armor,64,防彈背心
00541,armor.military_afz_0,Armor,64,軍用 AFZ-0 護甲
00542,armor.military_afz_1,Armor,64,軍用 AFZ-1 護甲
00543,armor.military_afz_2,Armor,64,軍用 AFZ-2 護甲
00544,armor.military_afz_3,Armor,64,軍用 AFZ-3 護甲
00545,armor.military_cyclops_suit,Armor,64,軍用獨眼巨人防具
00546,armor.crimson_cpr_0,Armor,64,深紅公司 CPR-0 護甲
00547,armor.crimson_cpr_1,Armor,64,深紅公司 CPR-1 護甲
00548,armor.crimson_cpr_2,Armor,64,深紅公司 CPR-2 護甲
00549,armor.crimson_cpr_3,Armor,64,深紅公司 CPR-3 護甲
00550,armor.crimson_cyclops_suit,Armor,64,深紅公司獨眼巨人防具
00551,armor.hunter_armor,Armor,64,獵人護甲
00552,armor.kibba_armour,Armor,64,「肌霸」護甲
00553,armor.standard_xtu_0,Armor,64,標準 XTU-0 護甲
00554,armor.standard_xtu_1,Armor,64,標準 XTU-1 護甲
00555,armor.standard_xtu_2,Armor,64,標準 XTU-2 護甲
00556,armor.standard_xtu_3,Armor,64,標準 XTU-3 護甲
00557,armor.standard_cyclops_suit,Armor,64,標準獨眼巨人防具
00558,armor.00pzcx_armor,Armor,64,00PZCX 護甲
00559,armor.20pzcx_armor,Armor,64,20PZCX 護甲
00560,armor.99pzcx_armor,Armor,64,99PZCX 護甲
00561,armor.santa_claus_costume,Armor,64,聖誕套裝
00562,armor.standard_armor_cp_00,Armor,64,標準 CP-00 護甲
00563,armor.police_armor,Armor,64,警用護甲
00564,armor.pumpkin_armor,Armor,64,南瓜護甲
00565,armor.scientist_f00k_0,Armor,64,F00K-0 科學防護服
00566,armor.scientist_f00k_1,Armor,64,F00K-1 科學防護服
00567,armor.scientist_f00k_2,Armor,64,F00K-2 科學防護服
00568,armor.seva_suit,Armor,64,SEVA 防具
00569,armor.armor,Armor,64,??? 護甲
00570,armor.cyclops_suit,Armor,64,??? 獨眼巨人防護服
00571,storage.storage_kit,Storage,64,儲存擴展包
00572,item.book.book_cardio,Books,64,健身運動
00573,item.book.read_this_to_gain_1_point_in_cardio,Books,128,閱讀可習得 1 點
00574,item.book.book_charisma,Books,64,領導魅力
00575,item.book.gain_point.charisma,Books,128,閱讀可獲得 1 點魅力
00576,item.book.book_cooking,Books,64,烹飪
00577,item.book.gain_point.cooking,Books,128,閱讀可習得 1 點烹飪
00578,item.book.read_this_book,Books,128,閱讀本書
00579,item.book.book_gunsmith,Books,64,槍械工藝
00580,item.book.gain_point.gunsmith,Books,128,閱讀可習得 1 點槍械工藝
00581,item.book.basic_gunsmith_book,Books,64,基礎槍械工藝
00582,item.book.read_this_book_to_learn_new_barter_and,Books,128,閱讀可習得新的交易或製造技能
00583,item.book.advanced_gunsmith_book,Books,64,高級槍械工藝
00584,item.book.book_medicine,Books,64,基礎醫學
00585,item.book.gain_point.medicine,Books,128,閱讀可習得 1 點醫學
00586,item.book.book_shooting,Books,64,射擊
00587,item.book.gain_point.shooting,Books,128,閱讀可習得 1 點射擊
00588,item.book.book_style,Books,64,時尚
00589,item.book.read_this_to_gain_1_point_in_style,Books,128,閱讀可習得 1 點時尚
00590,item.book.respec_book_cardio,Books,64,運動專精重置
00591,item.book.read_this_book_to_change_your,Books,128,閱讀本書可更改專精，\n但會失去所有已獲專精點數。
00592,item.book.respec_book_charisma,Books,64,交際專精重置
00593,item.book.respec_book_cooking,Books,64,烹飪專精重置
00594,item.book.respec_book_gunsmith,Books,64,手工專精重置
00595,item.book.respec_book_medicine,Books,64,醫學專精重置
00596,item.book.respec_book_shooting,Books,64,射擊專精重置
00597,item.book.respec_book_style,Books,64,生存專精重置
00598,ammo.caliber.9x18,Bullet Calibers,16,9x18mm 
00599,ammo.caliber.9x19,Bullet Calibers,16,9x19mm 
00600,ammo.caliber.5_7x28,Bullet Calibers,16,5.7x28mm 
00601,ammo.caliber.45_nbsp,Bullet Calibers,16,.45 ACP
00602,ammo.caliber.7_62x25,Bullet Calibers,16,7.62x25mm 
00603,ammo.caliber.357_magnum,Bullet Calibers,16,.357 馬格南
00604,ammo.caliber.7_62x51,Bullet Calibers,16,7.62x51mm 
00605,ammo.caliber.7_62x54r,Bullet Calibers,16,7.62x54Rmm
00606,ammo.caliber.5_45x39,Bullet Calibers,16,5.45x39mm 
00607,ammo.caliber.7_62x39,Bullet Calibers,16,7.62x39mm 
00608,ammo.caliber.5_56x45,Bullet Calibers,16,5.56x45mm 
00609,ammo.caliber.12_7x55,Bullet Calibers,16,12.7x55mm 
00610,ammo.caliber.12x70,Bullet Calibers,16,12x70mm
00611,ammo.caliber.9x39,Bullet Calibers,16,9x39mm 
00612,chest.santa_air_drop,Chests,64,聖誕空投
00613,chest.anomaly_electric,Chests,64,閃電異常
00614,chest.anomaly_fire,Chests,64,火焰異常
00615,chest.armor,Chests,64,護甲箱
00616,chest.attachment_box,Chests,64,配件箱
00617,chest.ammo,Chests,64,彈藥
00618,chest.base_upgrade_box,Chests,64,基地升級模組箱
00619,chest.book_box,Chests,64,書箱
00620,chest.cash_register,Chests,64,收銀機
00621,chest.chemical_crystal,Chests,64,化學水晶
00622,chest.common_weapon_all,Chests,64,常規武器箱
00623,chest.crimson_corp_scientist,Chests,64,深紅公司科學家
00624,chest.crimson_soldier,Chests,64,深紅公司士兵
00625,chest.dead_abitant,Chests,64,死去的平民
00626,chest.dead_loner,Chests,64,死去的獨狼
00627,chest.dead_scientist,Chests,64,死去的科學家
00628,chest.devourer,Chests,64,吞噬者
00629,chest.electric_crystal,Chests,64,閃電水晶
00630,chest.electronic_box,Chests,64,電子元件箱
00631,chest.equipment_chest,Chests,64,裝備箱
00632,chest.fire_crystal,Chests,64,火焰水晶
00633,chest.flight_recorder,Chests,64,飛行記錄儀
00634,chest.forge,Chests,64,鍛造台
00635,chest.garden,Chests,64,花園
00636,chest.green_army_soldier,Chests,64,綠軍士兵
00637,chest.grigoriy_memorial,Chests,64,格里戈里紀念地
00638,chest.items_collected_by_igor,Chests,64,伊戈爾收集的物品
00639,chest.lead_scientist,Chests,64,首席科學家
00640,chest.library,Chests,64,圖書館
00641,chest.marat_loginov,Chests,64,馬拉特·洛吉諾夫
00642,chest.mercenary,Chests,64,僱傭兵
00643,chest.mr_junk_s_treasure,Chests,64,垃圾佬的寶物
00644,chest.mutated_plant,Chests,64,變異植物
00645,chest.novice_bandit,Chests,64,新手強盜
00646,chest.pc,Chests,64,電腦
00647,chest.pistol,Chests,64,手槍
00648,weapon.type.rifle,Chests,64,步槍
00649,chest.rifle,Chests,64,步槍
00650,chest.scavenger,Chests,64,小動物箱
00651,chest.secret_chest,Chests,64,祕密箱子
00652,chest.secret_safe,Chests,64,祕密保險箱
00653,chest.smg,Chests,64,衝鋒槍
00654,chest.sniper,Chests,64,狙擊步槍
00655,chest.spider,Chests,64,蜘蛛
00656,chest.strange_machinery,Chests,64,奇怪的機器
00657,chest.supermarket_shelves,Chests,64,超市貨架
00658,chest.unknown_bag,Chests,64,陌生的袋
00659,chest.watcher,Chests,64,觀察者
00660,chest.weapon_box_mod,Chests,64,武器改裝箱
00661,chest.weapon_box_mod_ak,Chests,64,AK武器改裝箱
00662,chest.weapon_box_tier_i,Chests,64,一級武器箱
00663,chest.weapon_box_tier_ii,Chests,64,二級武器箱
00664,chest.weapon_box_tier_iii,Chests,64,三級武器箱
00665,chest.wood_crate,Chests,64,木箱
00666,chest.your_stash,Chests,64,你的儲藏
00667,chest.yuli_antonov,Chests,64,尤利·安東諾夫
00668,trade.barter.aaa_battery,Barter,72,AAA電池
00669,trade.barter.alcohol,Barter,72,酒精
00670,trade.barter.big_s_tooth,Barter,72,「大塊頭」的牙齒
00671,trade.barter.blink_s_claw,Barter,72,「閃爍」的爪子
00672,trade.barter.blue_gunpowder,Barter,72,藍色火藥
00673,trade.barter.boar_pelt,Barter,72,野豬皮
00674,trade.barter.boar_tusk,Barter,72,野豬獠牙
00675,trade.barter.bolt_cutter,Barter,72,斷線鉗
00676,trade.barter.briefcase,Barter,72,公事包
00677,trade.barter.bug_spray,Barter,72,殺蟲劑
00678,trade.barter.bulb,Barter,72,燈泡
00679,trade.barter.car_battery,Barter,72,汽車電池
00680,trade.barter.cctv_camera,Barter,72,監控攝像頭
00681,trade.barter.charcoal,Barter,72,木炭
00682,trade.barter.coffee,Barter,72,咖啡
00683,trade.barter.concrete_box,Barter,72,混凝土箱
00684,trade.barter.cooking_pot,Barter,72,鍋
00685,trade.barter.copper_wire,Barter,72,銅線
00686,trade.barter.cpu,Barter,72,CPU
00687,trade.barter.devourer_meat,Barter,72,吞噬者的肉
00688,trade.barter.drill,Barter,72,電鑽
00689,trade.barter.duct_tape,Barter,72,膠帶
00690,trade.barter.dumbell,Barter,72,啞鈴
00691,trade.barter.dvd_drive,Barter,72,DVD 光碟機
00692,trade.barter.dynamite,Barter,72,炸藥
00693,trade.barter.electric_motor,Barter,72,電動馬達
00694,trade.barter.engine_oil,Barter,72,機油
00695,trade.barter.fan,Barter,72,風扇
00696,trade.barter.fork,Barter,72,叉子
00697,trade.barter.fragrance,Barter,72,香水
00698,trade.barter.gamestation,Barter,72,遊戲主機
00699,trade.barter.ghoul_s_tentacle,Barter,72,食屍鬼觸手
00700,trade.barter.gm_counter,Barter,72,蓋格計數器
00701,trade.barter.gold_wristwatch,Barter,72,金手錶
00702,trade.barter.golden_bracelet,Barter,72,金手鍊
00703,trade.barter.golden_crucifix,Barter,72,金十字架
00704,trade.barter.golden_necklace,Barter,72,金項鍊
00705,trade.barter.golden_zippo,Barter,72,金打火機
00706,trade.barter.gps_marker,Barter,72, GPS定位器
00707,trade.barter.green_gunpowder,Barter,72,綠色火藥
00708,quest.name.grigoriy_s_ring,Quest names,64,格里戈里的戒指
00709,trade.barter.hair_dryer,Barter,72,吹風機
00710,trade.barter.hammer,Barter,72,錘子
00711,trade.barter.hard_disk,Barter,72,硬碟
00712,trade.barter.high_quality_toilet_paper,Barter,72,高品質的衛生紙
00713,trade.barter.hose,Barter,72,軟管
00714,trade.barter.hydrogen_peroxide,Barter,72,雙氧水
00715,trade.barter.knife,Barter,72,刀
00716,trade.barter.lab_documents,Barter,72,實驗室檔案
00717,trade.barter.lighter,Barter,72,打火機
00718,trade.barter.lights_kit,Barter,72,燈具套件
00719,trade.barter.lost_backpack_found_in_the_forest,Barter,72,遺失在森林的背包
00720,trade.barter.lost_backpack_found_in_the_industrial,Barter,72,遺失在工業區的背包
00721,trade.barter.lost_backpack_found_in_the_makeshift,Barter,72,遺失在臨時營地的背包
00722,trade.barter.lost_backpack_found_in_the_swamp,Barter,72,遺失在沼澤的背包
00723,trade.barter.lost_document_found_in_the_forest,Barter,72,遺失在森林的檔案
00724,trade.barter.lost_document_found_in_the_industrial,Barter,72,遺失在工業區的檔案
00725,trade.barter.lost_document_found_in_the_makeshift,Barter,72,遺失在臨時營地的檔案
00726,trade.barter.lost_document_found_in_the_swamp,Barter,72,遺失在沼澤的檔案
00727,trade.barter.matches,Barter,72,火柴
00728,trade.barter.metal_pipe,Barter,72,金屬管
00729,trade.barter.military_circuit,Barter,72,軍用電路板
00730,trade.barter.multi_plug,Barter,72,多孔插座
00731,trade.barter.nail,Barter,72,釘子
00732,trade.barter.orange_gunpowder,Barter,72,橙色火藥
00733,trade.barter.papers,Barter,72,紙張
00734,trade.barter.pelt,Barter,72,皮毛
00735,trade.barter.pepper,Barter,72,胡椒
00736,trade.barter.pillow,Barter,72,枕頭
00737,trade.barter.pliers,Barter,72,鉗子
00738,trade.barter.portable_console,Barter,72,掌上遊戲機
00739,trade.barter.power_bank,Barter,72,行動電源
00740,trade.barter.power_outlet,Barter,72,電源插座
00741,trade.barter.propane_tank,Barter,72,丙烷罐
00742,trade.barter.rabbit_pelt,Barter,72,兔子皮
00743,trade.barter.rags,Barter,72,破布
00744,trade.barter.ram,Barter,72,記憶體
00745,trade.barter.red_gunpowder,Barter,72,紅色火藥
00746,trade.barter.relay,Barter,72,繼電器
00747,trade.barter.repair_kit_for_radio_tower,Barter,72,無線電塔修理箱
00748,trade.barter.rope,Barter,72,繩子
00749,trade.barter.roubles,Barter,72,盧布
00750,trade.barter.ruined_laboratory_entrance_key,Barter,72,損壞的實驗室門禁卡
00751,trade.barter.salt,Barter,72,鹽
00752,trade.barter.scientiest_s_analyzer,Barter,72,科學家的分析儀
00753,trade.barter.scientific_analyzer,Barter,72,科學分析儀
00754,trade.barter.scrap_ammo,Barter,72,彈藥廢料
00755,trade.barter.scrap_food,Barter,72,食物廢料
00756,trade.barter.scrap_material,Barter,72,廢料
00757,trade.barter.scrap_medicine,Barter,72,醫療用品廢料
00758,trade.barter.scrap_weapon,Barter,72,槍械廢料
00759,trade.barter.screw_nut,Barter,72,螺母
00760,trade.barter.screwdriver,Barter,72,螺絲刀
00761,trade.barter.secret_documents,Barter,72,祕密檔案
00762,trade.barter.secret_mail,Barter,72,祕密信件
00763,trade.barter.shampoo,Barter,72,洗髮水
00764,trade.barter.silver_bracelet,Barter,72,銀手鍊
00765,trade.barter.smartphone,Barter,72,智能手機
00766,trade.barter.soap,Barter,72,肥皂
00767,trade.barter.spark_plug,Barter,72,火花塞
00768,trade.barter.spider_eye,Barter,72,蜘蛛眼球
00769,trade.barter.spider_web,Barter,72,蜘蛛網
00770,trade.barter.spoon,Barter,72,湯匙
00771,trade.barter.ssd_drive,Barter,72,固態硬碟
00772,trade.barter.strange_flesh_sample,Barter,72,可疑的肌肉樣本
00773,trade.barter.surgical_scissors,Barter,72,手術剪刀
00774,trade.barter.syringe,Barter,72,注射器
00775,trade.barter.tape_measure,Barter,72,捲尺
00776,trade.barter.tea_bag,Barter,72,茶包
00777,trade.barter.toilet_paper,Barter,72,衛生紙
00778,trade.barter.transmitter,Barter,72,信號發射器
00779,trade.barter.usb,Barter,72,USB
00780,trade.barter.usb_drive_found_in_the_sawmill,Barter,72,鋸木廠裏的 USB
00781,trade.barter.vlasov_s_dogtag,Barter,72,弗拉索夫的狗牌
00782,trade.barter.vlasov_s_eyes,Barter,72,弗拉索夫的眼睛
00783,trade.barter.wheel,Barter,72,車輪
00784,trade.barter.white_paint,Barter,72,白色油漆
00785,trade.barter.wires,Barter,72,電線
00786,trade.barter.radio,Barter,72,收音機
00787,trade.barter.wolf_pelt,Barter,72,狼皮
00788,trade.barter.wrench,Barter,72,扳手
00789,trade.barter.wristwatch,Barter,72,腕錶
00790,trade.barter.zippo_lighter,Barter,72,打火機
00791,trade.barter.zombie_skin,Barter,72,殭屍皮
00792,trade.barter.analyzer_found_near_a_big_fire_anomaly,Barter,72,在大型火焰異常附近找到的分析儀
00793,item.name.boar_meat,Item names,48,野豬肉
00794,item.consumable.boiled_egg,Consumable,64,水煮蛋
00795,item.consumable.bottle_of_rotten_water,Consumable,64,一瓶髒水
00796,item.consumable.bottle_of_water,Consumable,64,瓶裝水
00797,item.consumable.bread,Consumable,64,麵包
00798,item.consumable.butter,Consumable,64,黃油
00799,item.consumable.canned_beans,Consumable,64,豆子罐頭
00800,item.consumable.canned_fish,Consumable,64,魚罐頭
00801,item.name.cheese,Item names,48,奶酪
00802,item.consumable.chips,Consumable,64,薯片
00803,item.consumable.cooked_egg,Consumable,64,煎蛋
00804,item.consumable.cooked_meat,Consumable,64,熟肉
00805,item.consumable.cooked_pasta,Consumable,64,意麵料理
00806,item.consumable.crackers,Consumable,64,餅乾
00807,item.consumable.cup_of_coffee,Consumable,64,咖啡
00808,item.consumable.cup_of_tea,Consumable,64,茶
00809,item.consumable.egg,Consumable,64,雞蛋
00810,item.consumable.energy_drink,Consumable,64,能量飲料
00811,item.consumable.fruit_juice,Consumable,64,果汁
00812,item.consumable.generic_chocolate,Consumable,64,健怡巧克力
00813,item.consumable.generic_cola,Consumable,64,健怡可樂
00814,item.consumable.hamburger,Consumable,64,漢堡
00815,item.name.meatballs,Item names,48,肉丸
00816,item.consumable.milk,Consumable,64,牛奶
00817,item.consumable.molbaro_cigarette,Consumable,64,莫寶路香菸
00818,item.consumable.mre,Consumable,64,軍用口糧
00819,item.consumable.pasta,Consumable,64,義大利麵
00820,item.consumable.premium_chocolate,Consumable,64,高品質的巧克力
00821,item.consumable.raw_meat,Consumable,64,生肉
00822,item.consumable.red_wine,Consumable,64,紅酒
00823,item.consumable.rotten_bread,Consumable,64,變質的麵包
00824,item.name.rotten_cheese,Item names,48,變質的奶酪
00825,item.consumable.rotten_egg,Consumable,64,變質的蛋
00826,item.consumable.rotten_milk,Consumable,64,變質的牛奶
00827,item.consumable.rotten_salami,Consumable,64,變質的薩拉米香腸
00828,item.consumable.salami,Consumable,64,薩拉米香腸
00829,item.consumable.sandwich_with_butter,Consumable,64,牛油三明治
00830,item.consumable.sandwich_with_meat,Consumable,64,夾肉三明治
00831,item.consumable.sandwich_with_salami,Consumable,64,薩拉米香腸三明治
00832,item.consumable.sandwich_with_wurstel,Consumable,64,德式香腸三明治
00833,item.consumable.stew_with_meat_and_beans,Consumable,64,肉豆燉菜
00834,item.consumable.tushonka,Consumable,64,燉肉罐頭
00835,item.consumable.vodka,Consumable,64,伏特加
00836,item.name.whisky,Item names,48,威士忌
00837,item.name.wilfon_cigarette,Item names,48,威爾豐香菸
00838,item.consumable.wolf_meat,Consumable,64,狼肉
00839,item.consumable.wurstel,Consumable,64,德式香腸
00840,item.name.zombie_meat,Item names,48,殭屍肉
00841,item.grenade.sgn_grenade,Grenades,64,SGN 手雷
00842,item.grenade.flashbang_grenade,Grenades,64,閃光彈
00843,item.grenade.t_1_grenade,Grenades,64,T -1 手榴彈
00844,item.grenade.rdg_5_grenade,Grenades,64,RDG -5 手榴彈
00845,item.grenade.pmn_land_mine,Grenades,64,PMN 地雷
00846,item.headset.standard_headlamp,Headset,64,標準頭燈
00847,item.headset.all_direction_headlamp,Headset,64,全向頭燈
00848,item.headset.pumpkin_headlamp,Headset,64,南瓜頭燈
00849,item.headset.night_vision_goggles_1,Headset,64,1 級夜視儀
00850,item.headset.night_vision_goggles_2,Headset,64,2 級夜視儀
00851,item.headset.night_vision_goggles_3,Headset,64,3 級夜視儀
00852,item.injector.bloodsucker_injector,Injector,64,凝血針劑
00853,item.injector.endurance_booster_injector,Injector,64,耐力針劑
00854,item.injector.body_fortifying_injector,Injector,64,大象針劑
00855,item.injector.burden_injector,Injector,64,駱駝針劑
00856,item.injector.chow_down_injector,Injector,64,營養針劑
00857,item.injector.rad_shield_injector,Injector,64,抗輻射針劑
00858,item.injector.healing_stimulant_injector,Injector,64,急救針劑
00859,item.key.key_to_2nd_storage_room_of_oil_factory,Keys,96,石油工廠 2 號庫房門禁卡
00860,item.key.police_station_key,Keys,96,森林警察局鑰匙
00861,item.key.laboratory_main_room_key,Keys,96,實驗室主房間門禁卡
00862,item.key.laboratory_supply_key,Keys,96,實驗室庫房門禁卡
00863,item.key.key_to_the_gun_store_in_the_mall,Keys,96,商場槍店門禁卡
00864,item.key.key_to_the_svaruski_shop_in_the_mall,Keys,96,商場 Skaruvksi 珠寶店鑰匙
00865,item.key.key_to_the_turbine_room_in_the_mall,Keys,96,商場地下輪機房門禁卡
00866,item.key.key_to_1st_storage_room_of_oil_factory,Keys,96,石油工廠 1 號庫房門禁卡
00867,item.key.key_of_a_locked_door_in_the_sewer,Keys,96,下水道門鑰匙
00868,item.key.mr_junk_s_key,Keys,96,垃圾佬的鑰匙
00869,item.key.laboratory_entrance_key,Keys,96,實驗室入口門禁卡
00870,item.key.key_to_the_extraction_point_in_the,Keys,96,商場地下祕密撤離點鑰匙
00871,item.key.key_to_the_office_room_in_the_mall,Keys,96,商場地下辦公室鑰匙
00872,item.key.key_to_the_tech_store_in_the_mall,Keys,96,商場數碼產品店鑰匙
00873,item.key.oil_factory_personnel_key_card,Keys,96,石油工廠員工門禁卡
00874,ui.accept,User Interface,40,接受
00875,quest.accept_active,User Interface,40,接受[進行中]
00876,quest.accept_completed,User Interface,40,接受[已完成]
00877,ui.completed,User Interface,40,[已完成]
00878,ui.active,User Interface,40,[進行中]
00879,ui.gain_reward,User Interface,40,獲得報酬
00880,ui.heal_health_for_price_roubles,User Interface,40,恢復生命，需支付[PRICE]盧布
00881,ui.heal_radiation_for_price_roubles,User Interface,40,緩解輻射，需支付[PRICE]盧布
00882,ui.heal_wounds_for_price_roubles,User Interface,40,治癒傷口，需支付[PRICE]盧布
00883,ui.quench_thirst_for_price_roubles,User Interface,40,喝點兒東西，需支付[PRICE]盧布
00884,ui.question,User Interface,40,描述
00885,ui.questname,User Interface,40,任務
00886,ui.refill_hunger_for_price_roubles,User Interface,40,喫點兒東西，需支付[PRICE]盧布
00887,ui.repair_armor_for_price_roubles,User Interface,40,修理護甲，需支付[PRICE]盧布
00888,ui.accept_and_play,User Interface,40,接受並開始
00889,ui.audio,User Interface,40,音頻
00890,ui.choose_an_item_as_a_reward,User Interface,40,選擇一項物品作爲報酬
00891,ui.choose_your_equipment,User Interface,40,選擇你的裝備
00892,ui.combat,User Interface,40,戰鬥
00893,ui.compatible_with,User Interface,40,兼容:
00894,ui.continue,User Interface,40,繼續
00895,ui.controls,User Interface,40,控制
00896,ui.data_collection,User Interface,40,數據收集
00897,ui.deal_0,User Interface,40,交易：0
00898,ui.delete,User Interface,40,刪除
00899,ui.delete_cloud_saves,User Interface,40,刪除雲存檔
00900,ui.device,User Interface,40,裝置
00901,ui.difficulty,User Interface,40,難度
00902,ui.due_to_pixel_art_scaling_resolution,User Interface,128,由於遊戲採用像素風格，解析度更改僅在視窗模式下生效。
00903,ui.equipment_1,User Interface,40,裝備 1
00904,ui.equipment_2,User Interface,40,裝備 2
00905,ui.equipment_3,User Interface,40,裝備 3
00906,ui.equipment_4,User Interface,40,裝備 4
00907,ui.equipment_5,User Interface,40,裝備 5
00908,ui.equipment_6,User Interface,40,裝備 6
00909,ui.continue_playing,User Interface,72,繼續遊戲
00910,ui.save_progress_and_exit,User Interface,72,儲存進度並退出
00911,ui.confirm_return_menu_lose_quest_items,User Interface,160,確定要返回主選單嗎？\n你將失去任務進度和物品
00912,ui.confirm_return_menu_lose_quest,User Interface,160,確定要返回主選單嗎？\n你將失去任務進度
00913,ui.confirm_return_menu,User Interface,160,確定要返回主選單嗎？
00914,ui.exit_to_main_menu,User Interface,40,返回主選單
00915,ui.explosive,User Interface,40,爆炸
00916,ui.fast,User Interface,40,快速
00917,ui.flashbang,User Interface,40,閃光
00918,ui.gameanalytics_privacy_policy,User Interface,40,遊戲數據分析隱私政策
00919,ui.gameplay,User Interface,40,玩法
00920,ui.how_long_do_you_want_to_sleep,User Interface,60,你想睡多久？
00921,ui.impact,User Interface,40,影響
00922,ui.install,User Interface,40,安裝
00923,ui.items_info,User Interface,40,物品資訊
00924,ui.keep,User Interface,40,保留
00925,ui.kg_weight,User Interface,40,kg:
00926,ui.land_mine,User Interface,40,地雷
00927,ui.movement,User Interface,40,移動
00928,ui.no,User Interface,40,否
00929,ui.no_lower,User Interface,40,否
00930,ui.normal,User Interface,40,正常
00931,ui.not_available_now,User Interface,40,當前不可用
00932,ui.note_when_in_fullscreen_the_game_will,User Interface,128,在全屏模式下，遊戲將始終縮放爲顯示器的默認解析度。
00933,ui.our_privacy_policy,User Interface,40,隱私政策
00934,ui.play_without_analytics,User Interface,40,不啓用數據分析遊玩
00935,ui.player_needs,User Interface,40,玩家需求
00936,difficulty.menu.presets,User Interface,40,預設
00937,menu.nav.relations,Menu button that goes to the Relations screen.,20,關係
00938,ui.remove,User Interface,40,移除
00939,ui.remove_lower,User Interface,40,移除
00940,ui.gamepad_devices,User Interface,40,遊戲手把裝置
00941,ui.devices,User Interface,40,裝置
00942,ui.languages,User Interface,40,語言
00943,ui.resolution,User Interface,40,解析度
00944,ui.resume,User Interface,40,繼續
00945,ui.savedata_conflict,User Interface,40,存檔衝突
00946,ui.sell_for,User Interface,40,出售價格
00947,ui.sleep,User Interface,40,睡覺
00948,ui.slot,User Interface,40,欄位
00949,ui.slot_0_00,User Interface,40,欄位 0:00
00950,ui.specializing,User Interface,40,正在升級專精...
00951,ui.start,User Interface,40,開始
00952,ui.teleport_to,User Interface,40,傳送到...
00953,ui.time,User Interface,40,時間
00954,ui.torch,User Interface,40,手電筒
00955,base.module.button.uninstall,Base Module button,256,解除安裝
00956,ui.video,User Interface,40,影片
00957,ui.weapon1,User Interface,40,武器1
00958,ui.weapon2,User Interface,40,武器2
00959,ui.yes,User Interface,40,是
00960,item.has_been_added_to_your_inventory,ITEM_NAME (x quantity) has been added to your inventory,96,已添加至儲藏
00961,ui.not_enough_inventory_space,User interface,96,儲藏空間不足！
00962,ui.savedata_is_from_a_newer_version_of,User Interface,72,存檔來自較新版本的遊戲
00963,ui.no_file_found,User Interface,72,未找到檔案
00964,ui.you_are_no_longer_thirsty,User Interface,128,你不再口渴
00965,ui.you_can_only_receive_equipment_by,User Interface,128,你只能在「硬核」難度來獲得裝備
00966,ui.weapon_repaired,User Interface,128,武器已修理
00967,ui.the_weapon_s_condition_is_too_low_for,User Interface,128,武器狀況過低，無法使用修理套件
00968,ui.the_weapon_s_condition_is_too_high_for,User Interface,128,武器狀況過高，無法使用修理套件
00969,ui.this_repair_kit_doesn_t_match_the,User Interface,128,修理套件不適用於當前武器口徑
00970,ui.armor_repaired,User Interface,128,護甲已修理
00971,ui.the_armor_s_condition_is_too_low_for,User Interface,128,護甲狀況過低，無法使用此修理套件
00972,ui.the_armor_s_condition_is_too_high_for,User Interface,128,護甲狀況過高，無法使用此修理套件
00973,ui.you_can_t_use_this_book_max_level,User Interface,128,無法閱讀，技能已達到最高等級
00974,ui.you_can_only_use_this_item_in_the_bunker,User Interface,128,只能在地堡中使用此物品
00975,ui.you_can_not_use_this_item_in_the_bunker,User Interface,128,無法在地堡中使用此物品！
00976,ui.the_module_has_been_installed,User Interface,128,模組已安裝
00977,ui.module_and_building_kit_levels_do_not,User Interface,128,不適用於當前模組等級
00978,ui.you_don_t_have_this_module_installed,User Interface,128,未安裝此模組
00979,ui.you_can_install_modules_only_in_the,User Interface,128,只能在地堡中安裝模組
00980,ui.stash_upgraded,User Interface,128,儲藏已升級
00981,ui.you_are_no_longer_hungry,User Interface,128,你不再飢餓
00982,ui.you_don_t_have_the_required_skill,User Interface,128,缺少所需技能
00983,ui.you_don_t_have_the_required_base_module,User Interface,128,缺少所需模組
00984,ui.you_don_t_have_enough_raw_materials,User Interface,128,缺少所需材料
00985,ui.you_can_only_install_modules_in_the,User Interface,128,只能在地堡中安裝模組
00986,ui.already_installed,User Interface,128,已安裝！
00987,ui.essential_parts_of_the_weapon_are,User Interface,128,武器缺少必要零件
00988,ui.this_is_a_safe_zone,User Interface,128,這是安全區！
00989,ui.you_have_been_healed,User Interface,128,你已接受醫治
00990,ui.no_armor_in_the_slot,User Interface,128,未裝備護甲
00991,ui.trader_does_not_have_enough_roubles,User Interface,128,商人盧布不足
00992,ui.not_enough_inventory_space_to_scrap,User Interface,128,儲藏空間不足！
00993,stats.fire_mode_semi_automatic,"User Interface, stating the current fire mode",48,射擊模式：半自動
00994,stats.fire_mode_automatic,"User Interface, stating the current fire mode",48,射擊模式：自動
00995,ui.skill_successfully_reset,User Interface,128,專精已重置
00996,ui.you_can_t_use_this_book_yet_no,User Interface,128,無法閱讀，無對應專精
00997,ui.you_need_100_reputation_with_this,User Interface,128,你需要在此陣營中達到100聲望
00998,ui.you_have_already_enlisted_with_the,User Interface,128,你已加入綠軍
00999,ui.you_ve_joined_the_crimson_corporation,User Interface,128,你已加入深紅公司
01000,ui.you_have_already_joined_this_faction,User Interface,128,已加入此陣營
01001,ui.you_can_not_join_another_faction,User Interface,128,無法加入對立陣營
01002,ui.not_yet_unlocked,User Interface,128,尚未解鎖
01003,ui.in_development,User Interface,128,開發中
01004,ui.gamepad_connected,User Interface,128,手把已連接
01005,ui.gamepad_disconnected,User Interface,128,手把已斷開連接
01006,ui.you_have_not_accepted_this_task_yet,User Interface,128,未接受此任務！
01007,ui.you_have_not_completed_this_task_yet,User Interface,128,未完成此任務！
01008,ui.you_have_to_choose_an_item_as_your,User Interface,128,必須選擇一項物品！
01009,ui.you_already_have_this_quest,User Interface,128,已接受此任務！
01010,ui.you_have_reached_the_max_task_limit,User Interface,128,已達到任務數量上限！
01011,ui.this_weapon_has_no_ammo,User Interface,128,此武器沒有彈藥
01012,ui.not_enough_inventory_space_to_unload,User Interface,128,儲藏空間不足！
01013,ui.you_can_only_uninstall_modules_in_the,User Interface,128,只能在地堡中解除安裝模組
01014,ui.storage_module_cannot_be_uninstalled,User Interface,128,無法解除安裝儲藏模組
01015,player.interaction.quest_completed,Player Interaction,128,任務完成！
01016,player.interaction.lights_off,Player Interaction,128,關燈
01017,player.interaction.lights_on,Player Interaction,128,開燈
01018,player.interaction.you_cannot_remove_this_quest,Player Interaction,128,無法移除此任務
01019,player.interaction.you_can_only_remove_quests_in_the_bunker,Player Interaction,128,只能在地堡中移除任務
01020,ammo.type.currently_using,"User Interface, Currently Using：Ammo Type",128,當前使用:
01021,stats.experience.intermediate,Experience names,48,中級
01022,stats.experience.skilled,Experience names,48,熟練
01023,stats.experience.expert,Experience names,48,專家
01024,skill.name.veteran,Skill Names,64,老兵
01025,stats.experience.master,Experience names,48,大師
01026,stats.experience.legend,Experience names,48,傳奇
01027,stats.experience.max,Experience names,48,極限
01028,map.generation.preparing,Map Generation,64,準備中
01029,map.generation.generating_tearrain,Map Generation,64,正在生成地形
01030,map.generation.generating_railroad_and_road,Map Generation,64,正在生成道路
01031,map.generation.generating_terrain_variants,Map Generation,64,正在生成各類地形
01032,map.generation.autotiling_of_the_road_and_railroad,Map Generation,64,正在自動拼接道路
01033,map.generation.choosing_train_s_stop_position,Map Generation,64,正在選擇火車停靠位置
01034,map.generation.general_grid_adjustment,Map Generation,64,調整總體網格
01035,map.generation.generating_water,Map Generation,64,正在生成水域
01036,map.generation.autotiling_of_the_terrain,Map Generation,64,自動拼接地形
01037,map.generation.generating_solid_object,Map Generation,64,正在生成實體對象
01038,map.generation.placing_building_may_take_a_while,Map Generation,64,正在放置建築，可能需要一段時間
01039,map.generation.generating_environment,Map Generation,64,正在生成環境
01040,map.generation.general_adjustment,Map Generation,64,總體調整
01041,map.generation.generating_dynamic_grass,Map Generation,64,正在生成動態草地
01042,map.generation.generating_shadows_and_minimap,Map Generation,64,正在生成陰影和小地圖
01043,map.generation.generate_dynamic_npc,Map Generation,64,正在生成動態NPC
01044,map.generation.calculating_dynamic_npc_path,Map Generation,64,正在計算動態NPC路徑
01045,map.generation.almost_ready,Map Generation,64,即將就緒
01046,ui.bleeding,User Interface,48,流血
01047,player.status.stamina_regeneration,"Player Status, x% stamina regeneration",48,耐力恢復
01048,player.status.max_weight,"Player Status, x kg max weight",48,負重上限
01049,player.status.max_weight_title,"Player Status, x kg max weight",48,負重上限
01050,controls.menu.key_set,"Controls Menu, shown once key/button is pressed and set",48,按鍵設定成功
01051,controls.menu.invalid_key,"Controls Menu, shown once key/button is pressed and set",48,按鍵無效
01052,controls.menu.key_already_used,"Controls Menu, shown once key/button is pressed and set",48,按鍵已被佔用
01053,controls.menu.this_key_doesn_t_accept_a_mouse_button,"Controls Menu, shown once key/button is pressed and set",48,此按鍵無法綁定至滑鼠按鈕
01054,controls.menu.all_controls_have_been_reset,Controls Menu,64,所有按鍵已重置
01055,controls.menu.waiting_for_input,"Controls Menu, waiting for key/button to be pressed",32,請綁定按鍵...
01056,player.action.item_consumed,Player action,96,已使用[ITEM_NAME]
01057,item.document.your_reputation_with_this_faction_has,"User Interface, turning in documents",128,你在此陣營的聲望提高[AMOUNT]
01058,trade.unlocked_at_reputation_level,"User Interface, loot trader",128,聲望達到[LOOT_LEVEL]時解鎖
01059,npc.interaction.x,"User Interface, interaction with NPC",1400,……
01060,npc.interaction.a_light_this_bright_should_lure_them,"User Interface, interaction with NPC",1400,這麼亮的燈應該能把他們引出來，然後我們就動手。
01061,npc.interaction.a_marvel_there_is_a_village_in_the,"User Interface, interaction with NPC",1400,世外桃源。森林中央有個村莊，村民幾乎全是伐木工。\n後來不知是哪個天才在附近建了個該死的鋸木廠。\n這是條發財的好路子，但噪音搞得人夜不能寐。\n我們抗議過，那些唯利是圖的狗東西根本不在乎。\n核電站事故發生後，一部分人跟着士兵離開了，其餘人還是留在那裏。\n前陣子村莊被匪幫襲擊。我不知道村民們怎麼樣了，只知道從那以後再也沒人來看過我...
01062,npc.interaction.absolutely_it_will_take_some_time,"User Interface, interaction with NPC",1400,當然！不過這需要一些時間。\n我不知道他們在那裏做的是什麼實驗，目前能肯定的一點是，那份肌肉樣本來自人類。\n最特別的是，它表現出了一些非常不尋常的特性，首先就是它的顏色。\n你見過綠色的人肉嗎？\n哈哈，我有點過於興奮了，但我確實迫不及待想了解他們的祕密研究！\n是的，那是人體實驗，但我能有什麼辦法？這就是命，對吧？法國人是這麼說的吧？\n別在意，就像我剛說的，需要一些時間才能得到結果。希望它能幫助我們瞭解到底發生了什麼。
01063,npc.interaction.after_the_accident_i_never_ventured_so,"User Interface, interaction with NPC",1400,事故發生後，我不敢離開地堡太遠，所以也不清楚外頭現在怎麼樣了。\n不過我還記得工業區往東有片沼澤。
01064,npc.interaction.after_the_disaster_those_guys_came_npc,"User Interface, interaction with NPC",1400,災難發生後，那些人來了，穿着綠色制服，打扮得像科幻片裏的角色。\n他們命令我跟着，說在什麼地堡裏有個安全區。\n我一出生就住在這裏，從沒想過離開，所以我拿槍指着他們，讓他們滾蛋。\n有一個混蛋開槍打中了我的腿，隨後他們就把我扔在了這裏。那傢伙的名字是...哦，對！波格丹諾夫！該死的波格丹諾夫！其他人試圖阻止他時，我聽到了這個名字。\n我的腿一直好不了。我再也不能打獵了。
01065,npc.interaction.ah_dirty_bastards_ni_m_just_a_poor_old,"User Interface, interaction with NPC",1400,那幫骯髒的混蛋..\n.我只是個沒剩幾天的老東西！\n來吧，獵人！要動手就來吧！
01066,npc.interaction.are_you_analysing_the_flesh_tissue_i,"User Interface, interaction with NPC",1400,你在分析我從實驗室找到的肌肉樣本嗎？
01067,npc.interaction.are_you_back_to_see_how_the_studies,"User Interface, interaction with NPC",1400,你是回來查看研究進展的嗎？
01068,npc.interaction.are_you_happy_with_your_work,"User Interface, interaction with NPC",1400,你對這工作滿意嗎？
01069,npc.interaction.as_you_may_have_guessed_i_am_not_a_big,"User Interface, interaction with NPC",1400,我不想說這個。\n我在那裏失去了朋友和同伴。
01070,npc.interaction.bad_news_my_friend,"User Interface, interaction with NPC",1400,壞消息，我的老夥計...
01071,npc.interaction.barter_and_crafting,"User Interface, interaction with NPC",1400,交易和製作物品
01072,npc.interaction.bye,"User Interface, interaction with NPC",1400,再見
01073,npc.interaction.bye_mr_junk,"User Interface, interaction with NPC",1400,再見，垃圾佬
01074,npc.interaction.crimson_corporation_is_a_multinational,"User Interface, interaction with NPC",1400,深紅公司是一家從事生物醫學研究與開發的跨國企業，是此行業的領頭羊。我們得到了當地政府的授權，在扎科夫的舊核電站建立了一個實驗室。我們在那裏進行關於輻射的研究和實驗。
01075,npc.interaction.damn_these_poor_guys,"User Interface, interaction with NPC",1400,該死！這些可憐的傢伙...
01076,npc.interaction.do_you_wanna_buy_something,"User Interface, interaction with NPC",1400,你想買點什麼嗎？
01077,npc.interaction.don_t_look_at_mr_junk_s_treasure,"User Interface, interaction with NPC",1400,不要盯着垃圾佬的寶貝！
01078,npc.interaction.don_t_make_a_mess,"User Interface, interaction with NPC",1400,別惹麻煩。
01079,npc.interaction.everyone_thinks_we_were_making_secret,"User Interface, interaction with NPC",1400,所有人都以爲我們在實驗室裏製造祕密武器。哈！\n事實是，我們當時只是在進行一項常規實驗，結果除了岔子，引發了爆炸，並伴隨着大規模的輻射泄漏。\n我們至今也不知道到底發生了什麼。我們的技術人員已經在絞盡腦汁調查真相了。
01080,npc.interaction.go_away_i_don_t_have_time_to_waste_on,"User Interface, interaction with NPC",1400,滾開，沒工夫伺候你。
01081,npc.interaction.green_army_wants_you_dead,"User Interface, interaction with NPC",1400,綠軍想要你死
01082,npc.interaction.heal_me,"User Interface, interaction with NPC",1400,醫治
01083,npc.interaction.hello_comrade,"User Interface, interaction with NPC",1400,你好，同志！
01084,npc.interaction.hello_comrade_how_can_i_help_you,"User Interface, interaction with NPC",1400,你好，同志，有什麼能幫你的嗎？
01085,npc.interaction.hello_hunter_do_you_wanna_go_somewhere,"User Interface, interaction with NPC",1400,你好，獵人，想去什麼地方嗎？
01086,npc.interaction.hello_rookie_welcome_to_the_tutorial,"User Interface, interaction with NPC",1400,你好，菜鳥！歡迎收看本教學！
01087,npc.interaction.hello_stranger_are_you_hungry,"User Interface, interaction with NPC",1400,你好，陌生人！你餓了嗎？
01088,npc.interaction.here_are_some_parts_of_vlasov,"User Interface, interaction with NPC",1400,這些是弗拉索夫的...一部分
01089,npc.text.hey_hunter,NPC text,96,嗨，獵人！
01090,npc.interaction.hey_comrade,"User Interface, interaction with NPC",1400,嗨，同志！
01091,npc.interaction.hey_comrade_what_do_you_need,"User Interface, interaction with NPC",1400,嗨，同志！你需要什麼？
01092,npc.interaction.hey,"User Interface, interaction with NPC",1400,嗨！
01093,npc.interaction.hi,"User Interface, interaction with NPC",1400,嗨！
01094,npc.interaction.how_are_the_studies_going,"User Interface, interaction with NPC",1400,研究進展如何？
01095,npc.interaction.how_can_i_extract_from_a_map,"User Interface, interaction with NPC",1400,如何從地區撤離回到這裏？
01096,npc.interaction.how_can_i_help_you,"User Interface, interaction with NPC",1400,有什麼能幫你的嗎？
01097,npc.interaction.how_can_i_join_the_green_army,"User Interface, interaction with NPC",1400,我要怎樣才能參軍？
01098,npc.interaction.how_can_i_leave,"User Interface, interaction with NPC",1400,如何離開這裏？
01099,npc.interaction.how_can_i_reach_other_areas,"User Interface, interaction with NPC",1400,如何去其他地區？
01100,npc.interaction.how_has_radiation_changed_the_zone,"User Interface, interaction with NPC",1400,輻射是如何改變這個地方的？
01101,npc.interaction.huh_that_thing_is_like_shit_for_flies,"User Interface, interaction with NPC",1400,呵，那玩意兒簡直就像招蒼蠅的屎。\n難怪直升機全栽在這片區域。\n我很清楚那種感覺：起初渾身動彈不得，接着頭痛欲裂，最後腦子裏只剩下一個念頭，就是不顧一切地湊上去摸，完全喪失理智。\n幸虧我及時拉了一把，不然下場就跟那些機組人員一樣了。\n我以前也見過類似的東西……
01102,npc.interaction.i_accept,"User Interface, interaction with NPC",1400,我接受
01103,npc.interaction.i_am_dmitriy_npc_dialogue,"User Interface, interaction with NPC",1400,我是德米特里。\n如果你在找活幹，那巧了，我這有幹不完的活。
01104,npc.interaction.i_am_many_things_npc_dialogue,"User Interface, interaction with NPC",1400,我有很多身份，朋友。外交官，調停者，傳遞信息和祕密的中間人。我洞悉人心，我知道如何達成目的。\n但我的身份並不重要，重要的是我能爲你做些什麼。你看，我在這個地區的每個角落都有人脈。我知道此和誰說話，此避開誰，誰有你需要的東西。我可以用這些信息爲你服務。\n每天我都會接到許多亟待完成的任務。我一直在尋找像你這樣有能力的人來幫忙。\n如果你對某個任務感興趣，就告訴我，完成後你會得到報酬。就這麼簡單。
01105,npc.interaction.i_bet_you_have_many_questions,"User Interface, interaction with NPC",1400,我猜你肯定有許多問題。
01106,npc.interaction.i_can_carry_you_wherever_you_want_nyou,"User Interface, interaction with NPC",1400,我可以帶你離開。\n你只需要付一點車馬費。
01107,npc.interaction.i_can_give_you_a_few_ones_npc_dialogue,"User Interface, interaction with NPC",1400,你算是找對人了。\n綠軍可不會跟一個菜鳥打交道，我倒是可以跟他們說上幾句話。但首先，我們得看看你在外面能不能活下來。\n此外，醫生一直在找不怕死的人幫他蒐集樣本。\n去跟他聊聊吧，看看他怎麼說。
01108,npc.interaction.i_don_t_know_hunter_npc_dialogue,"User Interface, interaction with NPC",1400,我不知道，獵人！\n我已經派了小隊去現場，很快我們就會搭建一個密封結構，以便於對它進行研究。\n不過我不明白你是怎麼活下來的。你這條命太硬了，哈哈哈。
01109,npc.interaction.i_don_t_know_some_helicopters_have,"User Interface, interaction with NPC",1400,我不知道。\n最近有幾架直升機掉進了沼澤，屍體遭受了嚴重的輻射灼傷。相信我，那是最糟糕的死法。\n有一些人還活着，但他們不能說話，一直睜着眼睛，眨也不眨。\n等救援抵達時，他們的眼睛已經乾枯了。\n科學家們正在檢查屍體。我們從未見過這樣的事情。
01110,npc.interaction.i_have_a_proposal_for_you,"User Interface, interaction with NPC",1400,我有個提議
01111,npc.interaction.i_have_not_heard_good_things_about_the,"User Interface, interaction with NPC",1400,我從沒聽過有關深紅公司的正面消息
01112,npc.interaction.i_have_to_think_about_it,"User Interface, interaction with NPC",1400,我得考慮一下
01113,npc.interaction.i_need_some_equipment,"User Interface, interaction with NPC",1400,我需要一些裝備
01114,npc.interaction.i_still_don_t_trust_you_go_to_the,"User Interface, interaction with NPC",1400,我還無法信任你，先去找酒保要些活幹吧。等你夠資格了他會告知你的。
01115,npc.interaction.i_want_to_enlist,"User Interface, interaction with NPC",1400,我要參軍
01116,npc.interaction.i_want_to_join,"User Interface, interaction with NPC",1400,我要加入
01117,npc.interaction.i_want_to_know_something,"User Interface, interaction with NPC",1400,我想問些事情
01118,npc.interaction.i_want_to_leave,"User Interface, interaction with NPC",1400,我要離開
01119,npc.interaction.i_was_a_conductor_of_zakov_s_train,"User Interface, interaction with NPC",1400,我是扎科夫站的列車長。\n爆炸發生後，綠軍命令我留在這裏。\n我做了四十年列車長。現在只有在鐵軌上我還能有點用處了。
01120,npc.interaction.i_m_guarding_the_front_door_can_t_you,"User Interface, interaction with NPC",1400,我在守門，你看不出來嗎？
01121,npc.interaction.i_m_guarding_the_front_door_ncan_t_you,"User Interface, interaction with NPC",1400,我在守門。\n難道你看不出來？
01122,npc.interaction.i_ve_found_some_documents,"User Interface, interaction with NPC",1400,我找到了一些檔案
01123,npc.interaction.i_ve_helped_you_dock,"User Interface, interaction with NPC",1400,我之前接應過你們登陸
01124,npc.interaction.if_you_continue_to_the_left_you_will,"User Interface, interaction with NPC",1400,往左走，你會發現一個有板條箱和工作臺的房間。\n那地方歸你了。\n你可以好好給自己打造一個小窩，順便爲狩獵做準備。
01125,npc.interaction.if_you_re_just_a_biomedical_company,"User Interface, interaction with NPC",1400,如果你們只是一家搞生物醫學的公司，那爲什麼會有這些部隊？
01126,npc.interaction.immediately_after_the_accident_we_were,"User Interface, interaction with NPC",1400,最開始，我們關係還算融洽，井水不犯河水。\n不過當他們發現那不是正常的輻射，而我們對他們撒了謊時，一切就都變了。\n從那時起，這個地區遍佈戰火，沒有規則，沒有法律。\n綠軍和深紅公司徹底撕破了臉，都想逼對方離開，獨自揭開核電站的祕密。
01127,npc.interaction.in_an_unbelievable_way_npc_dialogue,"User Interface, interaction with NPC",1400,簡直超乎想象！很明顯這絕非普通輻射，而是前所未見、甚至想都不敢想的東西。\n催生出的異常現象瞬間就能讓人灰飛煙滅！太奇妙了！\n更別提對野生動物的影響，不僅沒要了它們的命，反而迅速改變了DNA，大幅強化了體能和感官。\n外面那些玩意兒連最頂尖的科幻片都拍不出來，估計嚇着你了。\n我還是少說兩句吧，畢竟留着你還有大用處。
01128,npc.interaction.in_the_forest_you_will_find_mainly,"User Interface, interaction with NPC",1400,森林是匪幫和野獸的地盤。林地中央的村莊似乎還有人煙，但幾周前遭到匪幫的洗劫，只有少數倖存者來地堡避難。\n還有個廢棄的舊鋸木廠，同樣也被匪幫佔據。\n綠軍在森林裏有前哨站，他們不會一看到你就格殺勿論，但也別去惹他們。
01129,npc.interaction.is_the_area_where_zakov_s_major,"User Interface, interaction with NPC",1400,那裏曾是扎科夫的工業中心。\n如果需要工具或電子零件，儘管去那裏搜。但要小心，那裏全是成羣結隊的強盜。
01130,npc.interaction.is_this_place_really_safe,"User Interface, interaction with NPC",1400,這裏真的安全嗎？
01131,npc.interaction.is_this_place_safe,"User Interface, interaction with NPC",1400,這裏安全嗎？
01132,npc.interaction.it_was_a_nuclear_power_plant_active,"User Interface, interaction with NPC",1400,核電站一直運行到2014年，之後當地政府授權跨國企業深紅公司進駐，將其改造成祕密實驗室。沒有人宣佈對此事負責。很老套的故事，對吧？\n我們不知道他們在裏面搞什麼鬼，但從那以後時常發生奇怪的事，比如電子裝置連着幾個小時癱瘓，或者無線電信號消失。
01133,npc.interaction.it_s_a_multinational_company_npc,"User Interface, interaction with NPC",1400,這是一家跨國公司，在製藥和科技市場都是龍頭。我們的研究主要基於DNA和納米技術。\n我們的專家在扎科夫發現了一種截然不同的輻射，所以我們說服了當地政府，允許我們將舊核電站用作研究實驗室。
01134,npc.interaction.it_s_none_of_your_business_ask_my,"User Interface, interaction with NPC",1400,不關你的事。去煩亞基姆，他話一直很多。
01135,npc.interaction.it_s_the_area_where_most_of_the,"User Interface, interaction with NPC",1400,那片地區的大多數人口都被疏散了。\n如今...基本看不到活人，除了一些零零散散的強盜。\n那裏的輻射水平不算太高，不過看到堆在一起的汽車還是站遠點吧。
01136,npc.interaction.join_crimson_corporation,"User Interface, interaction with NPC",1400,加入深紅公司
01137,npc.interaction.join_green_army,"User Interface, interaction with NPC",1400,加入綠軍
01138,npc.interaction.mmm_tongue_and_eyes_huh_npc_dialogue,"User Interface, interaction with NPC",1400,嗯，舌頭和眼睛...這是獵人的傳統？\n好吧，士兵...我手下這些新兵蛋子會被嚇得做噩夢的。不過你做得對，這是老鼠應得的。\n我會把它們作爲對所有人的警告。
01139,npc.interaction.mmm_ok_bye,"User Interface, interaction with NPC",1400,嗯...好的，拜拜！
01140,npc.interaction.i_can_see_you_re_a_clever_person_npc,"User Interface, interaction with NPC",1400,看得出來你是個聰明人，問這種問題時，千萬要小心...\n我只是不想讓你遇到什麼糟糕的事。
01141,npc.interaction.my_brother_vadim_and_i_have_been,"User Interface, interaction with NPC",1400,我和我哥瓦迪姆奉命看守大門。
01142,npc.interaction.my_name_is_akim_sokolov_but_everyone,"User Interface, interaction with NPC",1400,我叫阿基姆·索科洛夫，但大家都管我叫“嚮導”。\n我在扎科夫土生土長，很熟悉這個地方。需要幫忙指路的話，儘管找我。
01143,npc.interaction.my_name_is_henry_davies_and_i_was_in,"User Interface, interaction with NPC",1400,我是亨利·戴維斯，扎科夫實驗室的負責人。
01144,npc.interaction.my_name_is_reynard_i_am_the_commander,"User Interface, interaction with NPC",1400,我是雷納德，深紅公司駐紮科夫部隊的指揮官。
01145,npc.interaction.my_name_is_sacriel_npc_dialogue,"User Interface, interaction with NPC",1400,我叫薩克雷爾，剛來地堡不久。\n我還沒完全適應這裏，但要做好準備，大約一個月後就給你安排任務。
01146,npc.interaction.my_name_is_viktor_artemovich_npc,"User Interface, interaction with NPC",1400,我是維克托·阿爾捷莫維奇，綠軍的指揮官。\n災難發生時，我們奉命來此保護平民和控制局勢。沒想到的是，幾天後，地區周邊出現了一道古怪的屏障，隔絕任何人進出。\n我們動用了一切手段試圖建立無線電通訊，但全都無濟於事。\n外界根本沒人知道這裏面究竟發生了什麼。
01147,npc.interaction.my_name_is_viktor_korolev_npc_dialogue,"User Interface, interaction with NPC",1400,我叫維克托·科羅廖夫，但大家都管我叫“醫生”。我以前是扎科夫醫院的醫生和研究員。\n爆炸發生後，政府授權我成立一個部門來研究生物的變異。\n項目不愁經費，這值得高興...成千上萬的人在爆炸中喪生，或許高興也不合適。\n不過我又有什麼辦法呢？總之就是撞大運了。
01148,npc.interaction.my_name_is_not_important_i_m_just_a,"User Interface, interaction with NPC",1400,我的名字不重要，大家同行而已。\n我在這一帶混了很久。\n憑着以往的經驗，到處溜達跟散步一樣輕鬆。
01149,npc.interaction.next_step,"User Interface, interaction with NPC",1400,繼續
01150,npc.interaction.not_much_but_orders_are_orders,"User Interface, interaction with NPC",1400,湊活吧。命令就是命令...
01151,npc.interaction.not_much_as_you_can_see_this_crystal,"User Interface, interaction with NPC",1400,沒多少……這塊晶體與衆不同，會釋放極強的輻射，多虧了密封設施我們才安然無恙。\n目前還沒弄清釋放的頻率，更別提其本質了。\n不過這輻射確實邪門，似乎帶點催眠效果。我幹這行以來還是頭回見。\n來扎科夫之前，聽說烏克蘭某座廢棄核電站裏也有類似的地方和晶體，再多的就不知道了。\n那邊傳出的情報寥寥無幾，不過扎科夫這邊同樣也是消息封閉。\n真是暴殄天物，要是能有充足的資源和專業裝置，天知道能發現什麼。\n我最好還是閉嘴吧，這種想法可不受待見，免得被大頭兵聽見找麻煩。
01152,npc.interaction.nothing_in_particular_some_days_i_need,"User Interface, interaction with NPC",1400,沒什麼特別的，出來呼吸新鮮空氣。\n一直待在地堡里老難受了。
01153,npc.interaction.now_that_you_have_killed_several_green,"User Interface, interaction with NPC",1400,幹掉了綠軍的幾名士兵，也算是讓他們見識到你不好惹了。\n給你個建議：和阿爾捷莫維奇聊聊，看能不能讓深紅公司的商人進駐地堡。\n無論陣營之間如何交戰，零希沃特地堡仍然是安全區。\n這並非由我的上司甚至當地政府決定，而是此地堡受相關的國際協議保護。\n我們想進去的話只能硬闖，但地堡裏的平民太多了，造成平民傷亡在政治層面上絕非明智之舉。\n所以去和阿爾捷莫維奇聊聊吧，找個折中的辦法。零希沃特地堡裏多個商人的話，能讓我們都賺上一筆。
01154,npc.interaction.npc_can_give_you_usefull_information,"User Interface, interaction with NPC",1400,NPC 可以提供有用的信息和任務，或者和你交易。
01155,npc.interaction.of_any_kind_people_come_in_here_npc,"User Interface, interaction with NPC",1400,什麼樣的都有。\n人們只需告訴我想要什麼。我的工作就是尋找願意爲了報酬而去冒險的傢伙。
01156,npc.interaction.of_course_it_is_no_mutant_or_bandit,"User Interface, interaction with NPC",1400,廢話，怪物和強盜永遠通過不了這道大門。
01157,npc.interaction.oh_oh_beautiful_isn_t_it_npc_dialogue,"User Interface, interaction with NPC",1400,噢！噢！很漂亮，對不對？\n垃圾佬從一個孩子身上拿到的。噢！垃圾佬沒有偷！不！不！垃圾佬不偷東西！\n那孩子穿着這身漂亮衣服，但幸運的是他死了。對，死了。多麼美好的一天！\n垃圾佬拿走了衣服，現在它只屬於垃圾佬了！只屬於他一個人！
01158,npc.interaction.oh_this_place_is_beautiful_npc_dialogue,"User Interface, interaction with NPC",1400,噢！這地方很漂亮！聽垃圾佬說！\n大爆炸後，他們把我們帶到這裏來，路上有很多人在嘔吐。\n他們很快就死了，所以垃圾佬拿走他們的東西，但其他人不同意，對垃圾佬很不好。\n垃圾佬不明白，他們死了，他們要這些漂亮的寶貝有什麼用呢？\n所以垃圾佬就藏在這裏，有時出去尋找寶貝，漂亮的寶貝。\n垃圾佬看到的活人越來越少，死人越來越多，對，對。\n所以垃圾佬可以拿走他們的東西而不會有人生氣了。
01159,npc.interaction.oh_so_you_wanna_be_a_hunter_npc_dialogue,"User Interface, interaction with NPC",1400,想當獵人？出去搜刮物資的人都叫這個。\n去跟列車旁邊的列車長談談吧。\n想多瞭解各個區域就去找嚮導，通常能在地堡大門附近碰見他。\n祝你好運！
01160,npc.interaction.on_april_4_2017_the_plant_exploded_npc,"User Interface, interaction with NPC",1400,2017 年 4 月 4 日核電站發生爆炸。沒人知道當時究竟怎麼回事，但絕對跟赤紅公司脫不了干係。\n官方聲稱沒搞危險實驗，可惜根本沒人信。\n有膽的話可以親自去問問，他們在工業區有個基地。\n不過別抱太大希望，估計也套不出什麼實話。
01161,npc.interaction.once_you_are_ready_turn_on_the_lights,"User Interface, interaction with NPC",1400,準備好了就打開燈。
01162,npc.interaction.once_you_are_ready_turn_on_the_lights_sentence_period,"User Interface, interaction with NPC",1400,準備好了就打開燈。
01163,npc.interaction.pay_5000_roubles_to_pass,"User Interface, interaction with NPC",1400,5000盧布，我就放行。
01164,npc.interaction.priviet_comrade_do_you_wanna_buy,"User Interface, interaction with NPC",1400,你好，同志！想買點兒什麼嗎？
01165,npc.interaction.priviet_comrade_how_can_i_help_you,"User Interface, interaction with NPC",1400,你好，同志！有什麼能幫你的嗎？
01166,npc.interaction.recently_helicopters_have_crashed_near,"User Interface, interaction with NPC",1400,最近有幾架直升機在沼澤附近墜毀，這些是機組人員的屍體...\n天哪，他們遭遇了什麼？！\n跟醫生談談，也許他能告訴你什麼。
01167,npc.interaction.refill_hunger_and_thirst,"User Interface, interaction with NPC",1400,果腹
01168,npc.interaction.repair_armor,"User Interface, interaction with NPC",1400,修理護甲
01169,npc.interaction.repair_equipment,"User Interface, interaction with NPC",1400,修理裝備
01170,npc.interaction.so_do_you_want_to_join_us_that_would,"User Interface, interaction with NPC",1400,你想加入我們？一個明智的選擇，獵人！\n你可以幫助我們對抗綠軍，並加強我們對這個地區的控制。下次你再來找我，我一定會給你安排工作的。\n\n\n確定要加入深紅公司嗎？\n你在此陣營的聲望上限將變爲1000，允許你解鎖新的裝備和額外的任務。\n你將成爲綠軍的敵人。
01171,npc.interaction.so_it_was_you_good_job_hunter_npc,"User Interface, interaction with NPC",1400,原來是你？幹得好，獵人！\n那些食屍鬼一直在殺我的人。\n深紅公司非常感謝你。
01172,npc.interaction.so_that_s_your_brother_vadim,"User Interface, interaction with NPC",1400,那是你哥瓦迪姆？
01173,npc.interaction.so_they_want_me_dead_npc_dialogue,"User Interface, interaction with NPC",1400,他們想要我死？哈！\n我知道這一天遲早會來，綠軍不會容忍我這麼一塊絆腳石。\n他們命令你來幹這個？\n那麼，你到底是獵人還是士兵？\n隨你的便吧，我已經又老又糊塗了，可我僅剩的這點體面不允許我向你開口求饒。
01174,npc.interaction.so_you_want_a_crimson_corporation,"User Interface, interaction with NPC",1400,你想讓深紅公司的人進地堡來？\n真該死！這個提議簡直令人作嘔。\n薛帕德擅長玩弄政治，但他十足十是個蠢貨！我一點也不在乎外面的世界發生了什麼，我有我的職責。\n\n我接受你的提議，可你，獵人，你不再是綠軍的夥伴。交易和任務依然有效，但不要指望我的士兵會在外邊幫你。\n滾吧，等你回來的時候就能看到那羣得志的小人了。
01175,npc.interaction.so_you_want_to_enlist_npc_dialogue,"User Interface, interaction with NPC",1400,你想參軍？非常好，獵人！\n我正需要你這樣經驗豐富的好手。下次你再來找我，我看看能不能給你找點活幹。\n\n\n確定要加入綠軍嗎？\n你在此陣營的聲望上限將變爲1000，允許你解鎖新的裝備和額外的任務。\n你將成爲深紅公司的敵人。
01176,npc.interaction.sorry_comrade_i_have_something_else_to,"User Interface, interaction with NPC",1400,對不起，同志！我還有別的事要做。
01177,npc.interaction.tell_me_more_about_the_forest,"User Interface, interaction with NPC",1400,跟我講講森林
01178,npc.interaction.tell_me_more_about_the_industrial_area,"User Interface, interaction with NPC",1400,跟我講講工業區
01179,npc.interaction.tell_me_more_about_the_makeshift_camp,"User Interface, interaction with NPC",1400,跟我講講臨時營地
01180,npc.interaction.tell_me_more_about_old_nuclear_power,"User Interface, interaction with NPC",1400,跟我講講舊核電站
01181,npc.interaction.tell_me_more_about_other_areas,"User Interface, interaction with NPC",1400,跟我講講其他地區
01182,npc.interaction.tell_me_more_about_the_green_army,"User Interface, interaction with NPC",1400,跟我講講綠軍
01183,npc.interaction.tell_me_more_about_the_nuclear_plant,"User Interface, interaction with NPC",1400,跟我講講核電站的事
01184,npc.interaction.tell_me_more_about_the_old_nuclear,"User Interface, interaction with NPC",1400,跟我講講舊核電站
01185,npc.interaction.tell_me_more_about_your_faction,"User Interface, interaction with NPC",1400,跟我講講你們
01186,npc.interaction.tell_me_something,"User Interface, interaction with NPC",1400,我想問些事情
01187,npc.interaction.tell_me_something_dickhead,"User Interface, interaction with NPC",1400,屌毛，我問，你答
01188,npc.interaction.that_s_because_you_re_from_the_zero,"User Interface, interaction with NPC",1400,那是因爲你來自零希沃特地堡，早就被綠軍洗腦了。\n按協議他們根本不此進駐紮科夫，只不過爆炸後局勢惡化。\n他們便打着疏散居民的幌子進來，卻賴着不走想查明事發原因。\n明面上說是保護倖存者，全都是扯淡。\n我們早就截獲了好幾段他們指揮官的無線電通話。\n不知道他們指望能查出什麼，反正這邊也沒什麼好藏着掖着的……
01189,npc.interaction.the_green_army_is_a_delegation_npc,"User Interface, interaction with NPC",1400,綠軍是本地陸軍的分支。\n在屏障出現並隔絕通訊後，我決定繼續執行上級的命令。我們盡一切努力讓這裏的文明之火不至於熄滅。\n有人說我們已經變成了一個獨裁政權，但事實是我們必須動用武力來維持秩序。無法想象沒有我們的話這個地方會變成什麼樣子。
01190,npc.interaction.the_only_way_to_leave_the_map_is_to,"User Interface, interaction with NPC",1400,撤離點是唯一的途徑。\n它們在個人終端地圖上顯示爲綠色圓圈。\n祝你好運！
01191,npc.interaction.there_s_mr_junk_s_treasure_npc_dialogue,"User Interface, interaction with NPC",1400,那是垃圾佬的寶貝！別盯着它看！\n垃圾佬會不高興的！\n別打開那扇門！不！不！不！\n你敢！
01192,npc.interaction.they_proceed_slowly_to_my_chagrin_npc,"User Interface, interaction with NPC",1400,進展非常緩慢。\n開始時，我們興奮地離開地堡展開採樣收集工作，但一下子就損失了過半的小隊。之後也很難找到願意冒險的人。\n願意出去的都是想撈一筆的普通人，可我需要的是受過良好教育和頭腦靈活的傢伙。
01193,npc.interaction.this_area_is_reserved_for_the_green,"User Interface, interaction with NPC",1400,這是綠軍控制的地堡區，你沒有得到授權。
01194,npc.interaction.this_area_is_restricted_you_do_not,"User Interface, interaction with NPC",1400,這裏是禁區，你沒有得到授權。\n你每次通過都得付5000盧布。
01195,npc.interaction.this_is_grigoriy_he_was_the_only_nice,"User Interface, interaction with NPC",1400,這是格里戈里！他是垃圾佬唯一的朋友。\n他和垃圾佬一起長大，他們一起去尋找寶貝。\n有一天，格里戈里發現了一個漂亮的寶貝，但垃圾佬想據爲己有。格里戈里非常生氣，把寶貝緊緊地握在手裏。\n人人都說垃圾佬是傻瓜，但垃圾佬知道頭是人的弱點，所以垃圾佬拿起一塊石頭，朝格里戈里的頭砸了幾下。\n對，對，垃圾佬聰明。\n垃圾佬很高興，因爲他得到了寶貝，但也很傷心，因爲格里戈里再也不動了。\n從那天起，垃圾佬再也不拿別人的東西了。不！\n不！不！
01196,npc.interaction.this_is_my_current_base_i_usually_move,"User Interface, interaction with NPC",1400,我在考慮何時搬家。搬家對我來說是常事，但這裏有家的感覺。我是說真正的家。\n哦，就像過去的美好時光...
01197,npc.interaction.this_is_the_zero_sievert_npc_dialogue,"User Interface, interaction with NPC",1400,這裏是零希沃特，一個建立於冷戰時期的舊地堡，扎科夫唯一的安全區。\n在這裏你可以找到你需要的一切：裝備，補給和任務。
01198,npc.interaction.why_look_where_we_live_now_npc_dialogue,"User Interface, interaction with NPC",1400,爲什麼？看看我們現在生活的地方。\n我是扎科夫一家工廠的廠長。事故發生時，我沒能及時離開。現在我被困在這裏，和這些骯髒的傢伙在一起。
01199,npc.interaction.we_are_trying_to_find_out_what,"User Interface, interaction with NPC",1400,我們正在努力調查災難的真相。\n核電站的爆炸發生在一次常規實驗期間。我們只知道這些，因爲所有參與者都當場死亡，網絡也癱瘓了，我們甚至無法恢復數據。\n士兵是來保護我們的，你看到那些變異的野生動物了嗎？\n我們必須組織一支小隊去核電站，但那裏充滿了輻射和異常，非常危險。
01200,npc.interaction.we_come_from_a_small_town_in_siberia,"User Interface, interaction with NPC",1400,我們來自西伯利亞的一個小鎮。\n參軍是逃離那裏的唯一途徑。
01201,npc.interaction.well_well_a_hunter_what_do_you_want,"User Interface, interaction with NPC",1400,好吧，獵人，你想從深紅公司得到什麼？
01202,npc.interaction.what_a_beautiful_costume_i_guess,"User Interface, interaction with NPC",1400,你這一身…還挺好看？
01203,npc.interaction.what_are_you_doing_here_all_alone,"User Interface, interaction with NPC",1400,你一個人在這裏做什麼？
01204,npc.interaction.what_are_you_doing_here,"User Interface, interaction with NPC",1400,你在這裏做什麼？
01205,npc.interaction.what_are_you_doing_out_here,"User Interface, interaction with NPC",1400,你在這裏做什麼？
01206,npc.interaction.aren_t_you_scared_to_be_out_here,"User Interface, interaction with NPC",1400,你跑到這裏來不害怕嗎？
01207,npc.interaction.what_can_you_tell_me_about_an_old,"User Interface, interaction with NPC",1400,你能跟我講講烏克蘭的舊核電站嗎？
01208,npc.interaction.what_can_you_tell_me_about_this_area,"User Interface, interaction with NPC",1400,你能跟我講講這個地方嗎？
01209,npc.interaction.what_did_you_discover,"User Interface, interaction with NPC",1400,你發現了什麼？
01210,npc.interaction.what_do_you_mean_oh_oh_npc_dialogue,"User Interface, interaction with NPC",1400,什麼意思？噢！對！對！\n垃圾佬是誰？嗯...\n垃圾佬是誰？噢！垃圾佬的名字是垃圾佬！對，因爲人們都這麼叫他。\n因爲垃圾佬喜歡蒐集寶貝。\n垃圾佬不懂，你應該問問他們，但垃圾佬認爲他們現在都死了。\n對！對！死了！死了！
01211,npc.text.what_do_you_want,NPC text,96,你想怎樣？
01212,npc.interaction.what_does_crimson_corporation_have_to,"User Interface, interaction with NPC",1400,深紅公司和這次事故有什麼關係？
01213,npc.interaction.what_does_the_crimson_corporation_do,"User Interface, interaction with NPC",1400,深紅公司是做什麼的？
01214,npc.interaction.what_happened_at_zakov,"User Interface, interaction with NPC",1400,扎科夫發生了什麼？
01215,npc.interaction.what_happened_to_those_people_in_the,"User Interface, interaction with NPC",1400,那些躺在牀上的人是怎麼回事？
01216,npc.interaction.what_happened,"User Interface, interaction with NPC",1400,發生了什麼？
01217,npc.interaction.what_is_that_thing_that_looks_like_a,"User Interface, interaction with NPC",1400,那個看起來跟人一樣的玩意兒是什麼？
01218,npc.interaction.what_is_the_crimson_corporation,"User Interface, interaction with NPC",1400,深紅公司？
01219,npc.interaction.what_is_the_plan,"User Interface, interaction with NPC",1400,計劃是什麼？
01220,npc.interaction.what_is_this_place,"User Interface, interaction with NPC",1400,這是什麼地方
01221,npc.interaction.what_is_your_relationship_with_the,"User Interface, interaction with NPC",1400,你們和綠軍是什麼關係？
01222,npc.interaction.what_kind_of_tasks_can_you_give_me,"User Interface, interaction with NPC",1400,你會給我什麼任務？
01223,npc.interaction.what_the_hell_is_that_big_crystal,"User Interface, interaction with NPC",1400,那個水晶到底是什麼鬼？
01224,npc.interaction.what_the_hell_is_that_purple_crystal,"User Interface, interaction with NPC",1400,那紫色水晶到底是什麼鬼？
01225,npc.interaction.what_was_this_place_like_before_the,"User Interface, interaction with NPC",1400,災難發生前這個地方是什麼樣兒的？
01226,npc.interaction.what_s_behind_that_door,"User Interface, interaction with NPC",1400,那扇門後面是什麼？
01227,npc.interaction.what_s_the_point_of_talking_to_npc,"User Interface, interaction with NPC",1400,和NPC交流有什麼意義？
01228,npc.interaction.when_do_we_start,"User Interface, interaction with NPC",1400,我們什麼時候開始？
01229,npc.interaction.where_are_you_from,"User Interface, interaction with NPC",1400,你來自哪裏？
01230,npc.interaction.where_can_i_find_some_jobs,"User Interface, interaction with NPC",1400,去哪兒找活幹？
01231,npc.interaction.where_can_i_find_some_tasks,"User Interface, interaction with NPC",1400,我在哪能找到任務？
01232,npc.interaction.where_can_i_store_my_items,"User Interface, interaction with NPC",1400,我的物品此存放在哪兒？
01233,npc.interaction.where_do_you_come_from,"User Interface, interaction with NPC",1400,你從哪裏來的？
01234,npc.interaction.who_am_i_who_are_you_npc_dialogue,"User Interface, interaction with NPC",1400,我是誰？我還沒問你是誰，就這樣闖進我家！\n唉...抱歉，我不習慣有客人。\n我叫伊戈爾，以前是個獵人。哦，不是現在那些被稱爲獵人的傢伙。災難發生前，我靠着我不愛說話的莫辛老夥計和一把Toz -34以狩獵動物爲生。\n不，別打什麼歪主意。如果你要得到它們，就得先殺了我。
01235,npc.interaction.who_are_you_and_why_are_you_here,"User Interface, interaction with NPC",1400,你是誰？在這裏做什麼？
01236,npc.interaction.who_are_you,"User Interface, interaction with NPC",1400,你是誰？
01237,npc.interaction.who_told_you_about_this_npc_dialogue,"User Interface, interaction with NPC",1400,誰告訴你的？好吧，算了。\n本來我是不讓說這個的，但看在你幫了我們這麼多的份上，我可以爲你破例一次。\n其實我知道的也不多。之前跟你說過，我原本只是個醫生和研究員。\n在他們疏散我們來這裏的路上，我聽到有幾位綠軍的高官說起幾年前烏克蘭也發生過類似事件：類似的異常，輻射對環境產生的變化。\n他們提到了一臺讓人發狂的機器和一幫打扮得像邪教的人。\n真是夠扯的，我當時根本不信。但等到聽到分析出的異常數據，我才明白真的有這回事。\n總之當意識到我在偷聽時，他們只是看着我，無動於衷，就好像他們知道我無論如何也不會離開這裏一樣...
01238,npc.interaction.why_all_these_soldiers_what_are_you,"User Interface, interaction with NPC",1400,爲什麼有這麼多士兵？你們要在這裏做什麼？
01239,npc.interaction.why_am_i_always_the_only_one_doing,"User Interface, interaction with NPC",1400,爲什麼只有我一個人執行這些任務？
01240,npc.interaction.why_are_you_so_rude,"User Interface, interaction with NPC",1400,爲什麼這麼粗暴？
01241,npc.interaction.why_can_t_i_go_through,"User Interface, interaction with NPC",1400,爲什麼不能過去？
01242,npc.interaction.yeah_he_used_to_be_nicer_before_he,"User Interface, interaction with NPC",1400,是的。他在成爲陸軍特工前是個十分友善的人。他經歷過很多事情。\n他是將軍親自挑選來這裏的。當時他問我願不願意和他一起，我就答應了。\n我本以爲在這種特殊局勢下服役，能在軍中有個大好前程...\n結果我們一腳踏進了地獄的大門。
01243,npc.interaction.yes_no_mutant_or_bandit_has_ever_made,"User Interface, interaction with NPC",1400,當然，怪物和強盜都別想通過這扇門！
01244,npc.interaction.you_re_not_a_man_of_many_words_i_see,"User Interface, interaction with NPC",1400,你似乎不愛說話
01245,npc.interaction.you_re_not_the_only_one_you_re_just,"User Interface, interaction with NPC",1400,你可不是唯一接活的人，你只是目前唯一活着回來的...\n看吧，這裏全都是自欺欺人的可憐蟲，幻想着有一天自己會被接走，回到曾經的家。\n家已經不存在了...\n大多數人只敢蒐集點兒物資，只有最勇敢或者說最不要命的人才會去幹你現在接的活。\n綠軍爲什麼不去解決這些破事兒？\n據我所知，他們接到的命令是控制住這個地區，尤其是杜絕有人去往外面的世界。
01246,npc.interaction.any_interesting_news,"User Interface, interaction with NPC",1400,有什麼有趣的消息？
01247,npc.interaction.this_is_none_of_your_business_hunter,"User Interface, interaction with NPC",1400,這不關你的事吧，獵人？
01248,npc.interaction.well_obviously_a_little_bit_npc_dialogue,"User Interface, interaction with NPC",1400,嗯...顯然還是有一點的。\n你的背後隨時可能冒出一頭食屍鬼。然而有什麼辦法呢？這就是扎科夫。
01249,npc.interaction.nah_i_am_prepared_nthe_only_thing_that,"User Interface, interaction with NPC",1400,不，我有充分的心理準備！\n唯一能嚇到我的就是伏特加喝完了！哈哈！
01250,npc.interaction.well_i_m_sorry_but_i_can_t_help_you_ni,"User Interface, interaction with NPC",1400,呃，很抱歉，沒有。\n一般來說，我只關注自己的事。
01251,npc.interaction.i_heard_that_an_old_man_lives_in_the,"User Interface, interaction with NPC",1400,森林裏住着一位老人。\n聽說他趕走了上門強行遷移平民的綠軍。\n太有膽量了！
01252,npc.interaction.try_to_be_careful_if_you_go_to_the,"User Interface, interaction with NPC",1400,如果你準備去森林中央的村莊，一定要小心。\n我聽說最近有一幫強盜佔據了那裏。
01253,npc.interaction.sorry_i_don_t_have_any,"User Interface, interaction with NPC",1400,抱歉，沒有...
01254,npc.interaction.i_heard_that_a_strange_guy_lives_in,"User Interface, interaction with NPC",1400,我聽說有個奇怪的傢伙躲在臨時營地。\n我不記得名字了，但他們說他瘋瘋癲癲的。
01255,npc.name.yulian_borisov,NPC name,48,尤利安·鮑里索夫
01256,npc.name.zhukov,NPC name,48,朱可夫
01257,npc.name.tikhon,NPC name,48,季洪
01258,npc.name.toma,NPC name,48,托馬
01259,npc.trade.trade,Trade with an NPC,48,交易
01260,npc.name.vadim,NPC name,48,瓦迪姆
01261,npc.name.vinogradov,NPC name,48,維諾格拉多夫
01262,npc.name.vladimir,NPC name,48,弗拉基米爾
01263,quest.name.the_guide,Quest names,64,嚮導
01264,npc.name.osipov,NPC name,48,奧西波夫
01265,npc.name.rostya,NPC name,48,羅斯佳
01266,npc.name.sergeev,NPC name,48,謝爾蓋耶夫
01267,npc.name.smirnov,NPC name,48,斯米爾諾夫
01268,npc.name.spiridon,NPC name,48,斯皮里頓
01269,npc.name.stepan,NPC name,48,斯捷潘
01270,quest.task,"Synonym for quest, used in dialogue",48,任務
01271,npc.name.solovev,NPC name,48,索洛維約夫
01272,npc.name.pushkin,NPC name,48,普希金
01273,npc.name.popo,NPC name,48,波波
01274,npc.name.nikitin,NPC name,48,尼基京
01275,npc.name.nikolaev,NPC name,48,尼古拉耶夫
01276,npc.name.mr_gears,NPC name,48,齒輪先生
01277,npc.name.koloda,NPC name,48,科洛達
01278,npc.name.kuzmin,NPC name,48,庫茲明
01279,npc.name.lebedev,NPC name,48,列別傑夫
01280,npc.name.ludmil,NPC name,48,盧德米爾
01281,npc.name.lyosha,NPC name,48,廖沙
01282,npc.name.makarov,NPC name,48,馬卡羅夫
01283,npc.name.markus,NPC name,48,馬庫斯
01284,npc.name.isidor,NPC name,48,伊西多爾
01285,npc.name.inna,NPC name,48,伊娜
01286,npc.name.iov,NPC name,48,伊奧夫
01287,npc.name.ipatiy,NPC name,48,伊帕季
01288,npc.name.frolov,NPC name,48,弗羅洛夫
01289,npc.name.gedeon,NPC name,48,吉迪恩
01290,npc.name.ermolai,NPC name,48,艾爾莫萊
01291,npc.name.alexeev,NPC name,48,阿列克謝耶夫
01292,npc.name.alyosha_egorov,NPC name,48,阿廖沙·葉戈羅夫
01293,npc.name.anatolii,NPC name,48,阿納託利
01294,quest.quest,"User Interface, quests",16,任務
01295,quest.completed,"User Interface, quests",16,已完成
01296,quest.completed_lower_exclaim,"User Interface, quests",16,已完成！
01297,ui.lights_mode,"User Interface, lights mode",32,燈光模式
01298,ui.lights_timer,"User Interface, lights timer",32,燈光閃爍間隔
01299,ui.lights_1_color,"User Interface, lights color",32,1 號燈光顏色
01300,ui.lights_2_color,"User Interface, lights color",32,2 號燈光顏色
01301,ui.survived,"User Interface, exit screen",40,成功撤離
01302,ui.killed_in_action,"User Interface, exit screen",40,死亡
01303,ui.experience,"User Interface, exit screen",40,狩獵經驗
01304,ui.current,"User Interface, exit screen",40,當前
01305,ui.current_lower,"User Interface, exit screen",40,當前
01306,ui.next_level,"User Interface, exit screen",40,升級所需
01307,ui.next_level_lower,"User Interface, exit screen",40,升級所需
01308,ui.skip,"User Interface, exit screen",40,跳過
01309,ui.approx_roubles_made,"User Interface, exit screen",64,戰利品等值盧布
01310,ui.killed_by,"User Interface, exit screen",40,死於
01311,ui.show_difficulty_settings,"User Interface, exit screen",64,顯示難度設定
01312,ui.stash,Teleport Location,16,儲藏
01313,faction.inter.talk,Interfactions,48,交談
01314,faction.inter.sleep,Interfactions,48,睡覺
01315,faction.inter.enter,Interfactions,48,進入
01316,faction.inter.interact,Interfactions,48,互動
01317,faction.inter.investigate,Interfactions,48,調查
01318,faction.inter.open,Interfactions,48,打開
01319,faction.inter.jam,Interfactions,48,卡殼
01320,faction.inter.fix,Interfactions,48,修復
01321,npc.name.mark,NPC name,48,馬克
01322,faction.inter.place_analyzer,Interfactions,48,放置分析儀
01323,faction.inter.activate_gps,Interfactions,48,啓用 GPS
01324,faction.inter.open_the_valve,Interfactions,48,打開閥門
01325,faction.inter.place_dynamite,Interfactions,48,放置炸藥
01326,faction.inter.turn_on_lights,Interfactions,48,開燈
01327,faction.inter.read,Interfactions,48,閱讀
01328,faction.inter.rip_out_the_tongue_and_eyes,Interfactions,48,挖出舌頭和眼睛
01329,faction.inter.switch_on_off,Interfactions,48,開/關
01330,faction.inter.change_color_1,Interfactions,48,更改 1 號燈光顏色
01331,faction.inter.change_color_2,Interfactions,48,更改 2 號燈光顏色
01332,faction.inter.change_mode,Interfactions,48,更改模式
01333,faction.inter.change_timer,Interfactions,48,更改計時器
01334,faction.inter.give_milk,Interfactions,48,送出牛奶
01335,player.status.fatigue,Player Status,48,疲勞
01336,player.status.well_rested,Player Status,48,精力充沛
01337,player.status.not_tired,Player Status,48,狀態良好
01338,player.status.sleepy,Player Status,48,睏乏
01339,player.status.tired,Player Status,48,疲倦
01340,player.status.very_tired,Player Status,48,精疲力竭
01341,player.status.hunger,Player Status,48,飢餓
01342,player.status.full,Player Status,48,飽足
01343,player.status.not_hungry,Player Status,48,狀態良好
01344,player.status.slightly_hungry,Player Status,48,略感飢餓
01345,player.status.hungry,Player Status,48,飢餓
01346,player.status.starving,Player Status,48,飢餓難耐
01347,player.status.thirst,Player Status,48,口渴
01348,player.status.well_hydrated,Player Status,48,水分充足
01349,player.status.not_thirsty,Player Status,48,狀態良好
01350,player.status.slightly_thirsty,Player Status,48,略感口渴
01351,player.status.thirsty,Player Status,48,口渴
01352,player.status.dehydrated,Player Status,48,脫水
01353,player.status.radiation,Player Status,48,輻射
01354,player.status.not_irradiated,Player Status,48,無輻射
01355,player.status.slightly_irradiated,Player Status,48,輕微輻射
01356,player.status.irradiated,Player Status,48,較高輻射
01357,player.status.dangerously_irradiated,Player Status,48,危險輻射
01358,player.status.fatal_irradiated,Player Status,48,致命輻射
01359,ui.pda.map,PDA Icons,20,地圖
01360,player.status.quest,Player Status,20,任務
01361,player.status.stat,Player Status,20,狀態
01362,player.status.relations,Player Status,20,關係
01363,player.status.skill_tree,Player Status,20,技能
01364,player.status.base,Player Status,20,地堡
01365,tutorial.welcome_to_the_bunker_zero_sievert_one,Tutorial,256,歡迎來到零希沃特地堡，這裏是扎科夫最後的安全地帶之一。
01366,tutorial.in_this_place_you_ll_be_able_to_accept,Tutorial,256,你可以在這裏接受新任務，與商人交易並管理你的裝備。\n在你出發狩獵前，我建議你先探索一下地堡。
01367,tutorial.go_talk_to_the_barman_he_will_surely,Tutorial,256,去和酒保談談，他肯定有一些任務要交給你。\n他還會向你解釋扎科夫發生了什麼。
01368,tutorial.in_order_to_leave_the_bunker_and_go_on,Tutorial,256,要離開地堡狩獵，你需要和列車長談談。\n他就在地堡外。出發前記得找他聊聊，他會向你解釋如何從地圖上撤離。
01369,tutorial.there_is_a_room_in_the_bunker_that_you,Tutorial,256,地堡內吧檯左邊有一個房間，你可以將其當成基地。\n你可以使用工作臺製作新物品，使用箱子存儲物品，安裝各種模組。
01370,tutorial.by_accessing_your_personal_device_j,Tutorial,256,訪問你的個人終端[J]，查看地圖和任務，規劃模組安裝以及使用其他功能。
01371,tutorial.press_tab_to_access_your_inventory_and,Tutorial,256,按[TAB]進入儲藏並裝備背包。\n如果你需要了解更多遊戲機制，請按[ESC]查閱教學。\n祝你好運，獵人！
01372,train.skin.scientists,Train Skin Option Name,64,科學家
01373,faction.loners,Factions,24,獨狼
01374,faction.bandit,Factions,24,強盜
01375,faction.mercenary,Factions,24,僱傭兵
01376,train.skin.green_army,Train Skin Option Name,64,綠軍
01377,faction.player,Factions,24,玩家
01378,item.injector.max_hp,Injector stats,16,生命上限
01379,item.injector.max_hp_title,Injector stats,16,生命上限
01380,item.injector.hp_regen_s,Injector stats,16,生命恢復/秒
01381,item.injector.hp_regen,Injector stats,16,生命恢復
01382,item.injector.health,Injector stats,16,生命
01383,item.injector.bleed,Injector stats,16,流血緩解
01384,item.injector.bleed_rec,Injector stats,16,流血緩解
01385,item.injector.bleed_rec_s,Injector stats,16,流血緩解/秒
01386,item.injector.bleed_immune,Injector stats,16,流血免疫
01387,item.injector.bleed_immune_title,Injector stats,16,流血免疫
01388,item.injector.max_stamina,Injector stats,16,耐力上限
01389,item.injector.max_stamina_title,Injector stats,16,耐力上限
01390,item.injector.stamina_regen_s,Injector stats,16,耐力恢復/秒
01391,item.injector.rad_regen_s,Injector stats,16,輻射緩解/秒
01392,item.injector.rad_defence,Injector stats,16,輻射免疫
01393,item.injector.hunger_s,Injector stats,16,飢餓恢復/秒
01394,item.injector.thirst_s,Injector stats,16,口渴恢復/秒
01395,item.stats.min_dur,Item Stats,16,耐久下限
01396,item.stats.max_dur,Item Stats,16,耐久上限
01397,item.stats.cond_gain,Item Stats,16,耐久恢復
01398,tips.loading.hold_ctrl_while_dragging_an_item_to,Loading screen tips,256,拿起物品並按住[Ctrl]拖放以分開
01399,tips.loading.scroll_mouse_wheel_to_select_a,Loading screen tips,256,滾動滑鼠滾輪選擇不同的互動選項
01400,tips.loading.hold_ctrl_and_click_an_item_to_move_it,Loading screen tips,256,滾動滾輪以選擇不同的互動選項
01401,tips.loading.weapons_can_be_modded_only_in_the_bunker,Loading screen tips,256,武器只能在地堡中改裝
01402,tips.loading.hunger_and_thirst_do_not_decrease_in,Loading screen tips,256,在地堡中，飢餓和口渴不會加劇
01403,tips.loading.weight_carried_and_running_influence,Loading screen tips,256,負重和奔跑會加劇疲勞
01404,tips.loading.you_can_add_a_marker_on_the_minimap_by,Loading screen tips,256,在地圖上右鍵點擊以添加標記
01405,tips.loading.the_doctor_can_heal_you,Loading screen tips,256,醫生可以醫治你，也可以幫你修理護甲
01406,tips.loading.shooting_with_a_scope_grants_100,Loading screen tips,256,使用高倍率瞄準鏡且準星精準指向目標時，射出的子彈會瞬間命中
01407,tips.loading.weapons_durability_influence_the,Loading screen tips,256,耐久損耗會降低槍械的傷害和精度，甚至導致卡殼
01408,tips.loading.before_using_a_kit_for_a_module_you,Loading screen tips,256,先在個人終端中規劃模組位置，然後進行安裝
01409,tips.loading.use_a_repair_kit_restore_the,Loading screen tips,256,使用修理套件恢復槍械和護甲的耐久
01410,tips.loading.once_you_have_reached_the_maximum,Loading screen tips,256,基礎技能達到最高等級後可以選擇一項專精
01411,tips.loading.you_move_slowly_if_overencumbered,Loading screen tips,256,超重後只能緩慢移動
01412,tips.loading.to_increase_the_number_of_stashes_in,Loading screen tips,256,安裝儲藏模組以增加儲藏頁
01413,tips.loading.you_can_die_quickly_choose_wisely_when,Loading screen tips,256,死亡如影隨形，三思而後行
01414,tips.loading.you_can_only_die_of_radiation_when_the,Loading screen tips,256,指示器變爲紅色表明當前輻射程度足以致死
01415,tips.loading.enemies_have_reduced_vision_at_night,Loading screen tips,256,在夜間，敵人的視距會降低
01416,tips.loading.wounds_decrease_your_max_hp,Loading screen tips,256,傷口會降低你的生命上限
01417,tips.loading.press_fire_button_to_end_an_animation,Loading screen tips,256,開火會結束角色的其他動作
01418,tips.loading.press_r_to_rotate_an_item_whilst_in,Loading screen tips,256,按R旋轉儲藏中的物品
01419,tips.loading.you_can_mitigate_your_weapons_recoil,Loading screen tips,256,反向拖動滑鼠以抵消槍械後坐力
01420,tips.loading.reticle_placement_matters_reduce,Loading screen tips,256,射擊時將準星直接指向目標可減少跳彈
01421,tips.loading.swapping_to_a_pistol_is_faster_than,Loading screen tips,256,作爲切換速度最快的槍械，手槍是完美的副手備用武器
01422,tips.loading.be_vigilant_some_enemies_are_tougher,Loading screen tips,256,保持謹慎，觀察敵人的護甲，判斷他們的強弱程度
01423,tips.loading.grenades_are_high_value_items,Loading screen tips,256,手榴彈不僅是高價值物品，在戰術上也別有妙用
01424,tips.loading.speak_to_the_networker_in_the_bunker,Loading screen tips,256,每天與地堡中的聯絡員交談，領取任務和報酬
01425,tips.loading.knowing_your_effective_range_is,Loading screen tips,256,瞭解槍械的有效射程就是了解你的敵人，關注他們的裝備，審時度勢並調整戰術
01426,tips.loading.grenades_are_a_great_way_to_make_an,Loading screen tips,256,使用手榴彈壓制或消滅敵人
01427,tips.loading.holding_rmb_to_aim_your_weapon_will,Loading screen tips,256,按住右鍵延長視野，使用光學瞄準鏡會顯著增強效果
01428,tips.loading.attaching_a_reflex_sight_to_your,Loading screen tips,256,使用高倍率瞄準鏡會使準星更爲精準，進而減少跳彈
01429,tips.loading.don_t_peek_the_same_corner_enemies,Loading screen tips,256,不要沉迷peek！敵人會瞄準你最後出現的方位，不要跟他們比拼反應
01430,tips.loading.landmines_are_an_effective_tool_to,Loading screen tips,256,地雷能有效抵禦一擁而上的敵人，但別忘了地雷的放置地點
01431,tips.loading.specialist_ammo_types_can_alter_a,Loading screen tips,256,特殊彈藥能改變槍械的有效射程，比如霰彈槍的獨頭彈
01432,tips.loading.enemies_will_remember_your_last,Loading screen tips,256,在遭遇戰中，敵人會記住你最後出現的方位，儘量從側面發起進攻
01433,tips.loading.shotguns_and_smgs_offer_unmatched,Loading screen tips,256,霰彈槍和衝鋒槍在近距離內提供強大火力
01434,tips.loading.snipers_dmr_s_have_the_longest,Loading screen tips,256,狙擊步槍和精確射手步槍擁有最遠的有效射程，但在近距離內難以正中目標
01435,tips.loading.counter_incoming_flashbangs_by_looking,Loading screen tips,256,調整視野以免受閃光彈致盲影響
01436,tips.loading.join_the_discord_server_to_stay_up_to,Loading screen tips,256,加入 Discord 服務器以掌握遊戲開發的最新動態（點擊主選單的版本說明）
01437,map.marker.igor_s_house,Marker names,48,伊戈爾的屋子
01438,item.desc.normal,Item description,32,普通
01439,map.marker.crimson_outpost,Marker names,48,深紅公司前哨站
01440,map.marker.christmas_airdrop,Marker names,48,聖誕空投
01441,tips.always_remember_to_bring_food_and,"Tips, currently unused",256,永遠不要忘記帶上食物和飲品
01442,tips.if_you_haven_t_slept_in_a_while_you_ll,"Tips, currently unused",256,長時間不睡覺會導致最大體力值減少
01443,tips.doctor_can_cure_hp_wounds_and_radiation,"Tips, currently unused",256,醫生可以恢復血量、治癒傷口並祛除輻射
01444,tips.weapons_in_poor_condition_do_less,"Tips, currently unused",256,武器欠缺保養會導致傷害減少、準度下降且容易卡殼
01445,tips.you_can_repair_weapons_and_armor_by,"Tips, currently unused",256,有工作坊模組就能自己修理武器和護甲
01446,tips.pay_attention_to_your_stamina_always,"Tips, currently unused",256,多留意體力值，務必要留一點以備不時之需
01447,tips.by_increasing_your_reputation_level,"Tips, currently unused",256,提高聲望等級，就能從供應商處解鎖新的任務和裝備
01448,tips.if_you_die_you_will_receive_half_the,"Tips, currently unused",256,死亡會損失一半的經驗
01449,tips.in_each_map_there_are_hidden_stashes,"Tips, currently unused",256,每張地圖都有物資藏匿點，什麼物資都有可能出現。
01450,skill.name.transfusion_1,Skill Names,64,輸血 1
01451,skill.desc.increase_max_hp_by_10,Skill Descriptions,128,生命值上限 +10
01452,skill.name.transfusion_2,Skill Names,64,輸血 2
01453,skill.name.mutated_platelet,Skill Names,64,變異血小板
01454,skill.desc.restore_0_5_of_missing_hp_every_second,Skill Descriptions,128,每秒恢復失去生命值的 0.5% 
01455,skill.desc.10_weapon_damage,Skill Descriptions,128,武器傷害 +10% 
01456,skill.name.integrated_armor,Skill Names,64,整合護甲
01457,skill.desc.10_damage_received,Skill Descriptions,128,受到的傷害 -10% 
01458,skill.name.sixth_sense,Skill Names,64,第六感
01459,skill.desc.15_chance_to_not_die_from_a_fatal_hit,Skill Descriptions,128,有15% 的幾率在受到致命一擊後存活
01460,skill.name.strong_blood,Skill Names,64,強血
01461,skill.desc.30_chance_to_bleed,Skill Descriptions,128,出血幾率 -30% 
01462,skill.name.critical_shot,Skill Names,64,致命一擊
01463,skill.desc.15_to_kill_the_target_if_their_hp_is,Skill Descriptions,128,如果目標生命值低於20% ，則有 15% 的幾率殺死目標
01464,skill.name.soldier_training,Skill Names,64,士兵訓練
01465,skill.desc.10_accuracy_and_10_recoil,Skill Descriptions,128,準確度 +10% ，後坐力 -10% 
01466,skill.name.basic_craftmanship_course,Skill Names,64,基礎工藝課程
01467,skill.desc.unlock_basic_gear_crafting,Skill Descriptions,128,解鎖基礎裝備製作
01468,skill.name.master_craftmeaship_course,Skill Names,64,工藝大師課程
01469,skill.desc.unlock_all_crafting,Skill Descriptions,128,解鎖所有物品製作
01470,skill.name.advanced_craftmanship_course,Skill Names,64,高級工藝課程
01471,skill.desc.unlock_more_crafting,Skill Descriptions,128,解鎖更多物品製作
01472,skill.name.charisma_1,Skill Names,64,魅力 1
01473,skill.desc.increase_selling_price_by_5,Skill Descriptions,128,對商人的物品售價 +5% 
01474,skill.name.charisma_2,Skill Names,64,魅力 2
01475,skill.desc.increase_selling_price_by_7,Skill Descriptions,128,對商人的物品售價 +7% 
01476,skill.name.friend_or_the_train_conductor,Skill Names,64,列車調度員之友
01477,skill.desc.decrease_the_price_of_entering_a_map,Skill Descriptions,128,進入地圖的費用 -25% 
01478,skill.name.just_because_it_is_you,Skill Names,64,專享好物
01479,skill.desc.traders_sell_more_quantity_of_items,Skill Descriptions,128,商人出售更多物品
01480,skill.name.inventory_1,Skill Names,64,儲藏 1
01481,skill.desc.unlock_more_items_from_traders,Skill Descriptions,128,解鎖更多商人售賣物品
01482,skill.name.lost_and_found,Skill Names,64,失物招領
01483,skill.desc.unlock_the_trader_which_sells_random,Skill Descriptions,128,解鎖出售隨機物品的商人
01484,skill.name.survival_kit,Skill Names,64,生存工具包
01485,skill.desc.traders_sell_more_medikit_and_ammo,Skill Descriptions,128,商人出售更多的醫療包和彈藥
01486,skill.name.inventory_2,Skill Names,64,儲藏 2
01487,skill.name.quest_devourer,Skill Names,64,任務狂人
01488,skill.desc.increase_quest_experience_by_30,Skill Descriptions,128,任務經驗 +30% 
01489,skill.name.deposit_1,Skill Names,64,儲存 1
01490,skill.desc.you_gain_1_more_personal_chest,Skill Descriptions,128,增加一個個人儲物箱
01491,skill.name.deposit_2,Skill Names,64,儲存 2
01492,skill.desc.you_gain_two_more_personal_chest,Skill Descriptions,128,增加兩個個人儲物箱
01493,skill.name.tip,Skill Names,64,小費
01494,skill.desc.increase_the_reward_of_quests,Skill Descriptions,128,任務報酬增加
01495,skill.name.strong_shoulders,Skill Names,64,鐵臂
01496,skill.desc.increase_max_weight_by_10,Skill Descriptions,128,最大負重 +10
01497,skill.name.strong_stomach,Skill Names,64,鐵胃
01498,skill.desc.you_can_eat_everything_without_be,Skill Descriptions,128,喫任何東西都不受輻射影響
01499,skill.name.steel_skin,Skill Names,64,鐵皮
01500,skill.desc.radiations_under_90msv_hour_don_t_harm,Skill Descriptions,128,90毫西弗/小時以下的輻射不會對你造成傷害
01501,skill.name.gold_digger,Skill Names,64,淘金大師
01502,skill.desc.greatly_increase_the_amount_of_items,Skill Descriptions,128,大幅增加在箱子中找到的物品數量
01503,skill.name.cardio,Skill Names,64,健身運動
01504,skill.desc.increase_stamina_by_15_points,Skill Descriptions,128,耐力 +15
01505,skill.name.marathon_runner,Skill Names,64,馬拉松選手
01506,skill.desc.consume_30_less_stamina_while_running,Skill Descriptions,128,跑步時耐力消耗 -30% 
01507,skill.hunter.name.mule,Hunter Skill Name,24,牛馬本色
01508,skill.desc.you_can_move_while_overweighted,Skill Descriptions,128,超重時仍可移動
01509,skill.name.agility,Skill Names,64,敏捷
01510,skill.desc.increase_your_movement_speed_by_10,Skill Descriptions,128,移動速度 +10% 
01511,skill.name.good_finder,Skill Names,64,淘金者
01512,skill.desc.slightly_increase_the_amount_of_items,Skill Descriptions,128,略微增加在箱子中找到的物品數量
01513,skill.name.wanderer,Skill Names,64,流浪者
01514,skill.desc.increase_max_weight_by_5_and_gain_5,Skill Descriptions,128,最大負重 +5，獲得經驗 +5% 
01515,skill.name.sharp_eye,Skill Names,64,鷹眼
01516,skill.desc.increase_the_amount_of_secret_stash_on,Skill Descriptions,128,增加地圖上的物資藏匿點數量
01517,skill.name.fast_hands,Skill Names,64,快手
01518,skill.desc.decrease_the_looting_time_by_50,Skill Descriptions,128,拾取時間 -50% 
01519,skill.name.fitness,Skill Names,64,運動
01520,skill.desc.increase_your_physical_stats,Skill Descriptions,256,提高身體素質
01521,skill.value.desc.2_stamina_per_level,Skill Value Descriptions,128,每級 +2 耐力上限
01522,skill.hunter.name.jogger,Hunter Skill Name,24,慢跑達人
01523,skill.desc.increase_stamina_and_running_does_not,Skill Descriptions,256,提高耐力上限，低負重下奔跑不消耗耐力
01524,skill.value.desc.10_2_stamina_per_level_nfree_run_under,Skill Value Descriptions,128, +10（每級額外 +2）耐力上限\n負重在20KG（每級額外 +2KG）以下時免除奔跑耐力消耗
01525,skill.desc.greatly_increase_your_max_weight,Skill Descriptions,256,大幅提高負重上限
01526,skill.value.desc.5_0_6_max_carry_weight_per_level,Skill Value Descriptions,128, +5KG（每級額外 +1KG）負重上限
01527,skill.name.sprinter,Skill Names,64,衝刺
01528,skill.desc.slightly_increase_stamina_and_running,Skill Descriptions,256,略微提高耐力上限和奔跑速度，降低奔跑耐力消耗
01529,skill.value.desc.5_1_stamina_per_level_n_5_1_running,Skill Value Descriptions,128, +5（每級額外 +1）耐力上限\n +5% （每級額外 +1% ）奔跑速度\n -30% （每級額外 -2% ）奔跑耐力消耗
01530,skill.name.style,Skill Names,64,生存
01531,skill.desc.increase_your_looting_speed,Skill Descriptions,256,提高搜刮速度
01532,skill.value.desc.3_looting_speed_per_level,Skill Value Descriptions,128,每級 +3% 搜刮速度
01533,skill.hunter.name.loot_goblin,Hunter Skill Name,24,妙手空空
01534,skill.desc.greatly_increase_looting_speed_can_see,Skill Descriptions,256,大幅提高搜刮速度\n能隔牆看見容器\n略微增加容器中的戰利品
01535,skill.value.desc.30_3_looting_speed_per_level_n20_2,Skill Value Descriptions,128, +30% （每級額外 +3% ）搜刮速度\n +20% （每級額外 +2% ）容器中的戰利品
01536,skill.name.stealth,Skill Names,64,潛行
01537,skill.desc.decrease_enemies_sight_range_nenemies,Skill Descriptions,256,減少敵人視距\n增加被敵人察覺所需時間\n未被察覺時提高傷害
01538,skill.value.desc.10_1_enemies_sight_range_per_level,Skill Value Descriptions,128, -10% （每級額外 -1% ）敵人視距\n +50% （每級額外 +5% ）被敵人察覺所需時間\n +10% （每級額外 +2% ）未被察覺時傷害
01539,skill.hunter.name.scout,Hunter Skill Name,24,眼疾手快
01540,skill.desc.slightly_looting_speed_nenemies_are,Skill Descriptions,256,略微提高搜刮速度\n敵人在更長時間內可見\n發現更多物資藏匿點
01541,skill.value.desc.10_2_looting_speed_per_level_n20_3,Skill Value Descriptions,128, +10% （每級額外 +2% ）搜刮速度\n +20% （每級額外 +3% ）敵人可見時間\n +30% （每級額外 +2% ）物資藏匿點數量
01542,skill.name.shooting,Skill Names,64,射擊
01543,skill.desc.increase_your_shooting_abilities,Skill Descriptions,256,提高射擊水平
01544,skill.value.desc.2_recoil_per_level_n_1_reloading_speed,Skill Value Descriptions,128,每級 -2% 後坐力\n每級 +1% 換彈速度
01545,skill.name.operator,Skill Names,64,潑水
01546,skill.desc.greatly_reduce_recoil_and_slightly,Skill Descriptions,256,大幅降低後坐力，略微提高換彈速度
01547,skill.value.desc.15_2_recoil_per_level_n_5_1_reloading,Skill Value Descriptions,128, -15% （每級額外 -2% ）後坐力\n +5% （每級額外 +1% ）換彈速度
01548,skill.gun.name.fast_hands,Gun Skill Name,64,快速切槍
01549,skill.desc.greatly_increase_reloading_speed_and,Skill Descriptions,256,大幅提高換彈速度，略微降低後坐力
01550,skill.value.desc.5_1_recoil_per_level_n_20_2_reloading,Skill Value Descriptions,128, -5% （每級額外 -1% ）後坐力\n +20% （每級額外 +2% ）換彈速度
01551,weapon.type.sniper,Skill Names,64,狙擊步槍
01552,skill.desc.greatly_increase_ergonomic_while,Skill Descriptions,256,使用瞄準鏡時大幅提高人體工學工效\n使用瞄準鏡時大幅提高傷害
01553,skill.value.desc.100_10_ergonomic_while_aiming_per,Skill Value Descriptions,128, +100% （每級額外 +10% ）人體工學工效\n使用瞄準鏡時 +25% （每級額外 +5% ）傷害
01554,skill.name.charisma,Skill Names,64,交際
01555,skill.desc.better_deals_with_vendors,Skill Descriptions,256,交易時獲得更好的條件
01556,skill.value.desc.1_selling_price_per_level_2_traders,Skill Value Descriptions,128,每級 +1% 出售價格\n每級 +2% 商人盧布
01557,skill.name.charm,Skill Names,64,變現
01558,skill.desc.traders_have_more_roubles,Skill Descriptions,256,商人有更多盧布
01559,skill.value.desc.traders_have_50_6_roubles_per_level,Skill Value Descriptions,128, +50% （每級額外 +6% ）商人盧布
01560,base.module.name.storage,Base Module Names,32,倉庫
01561,skill.desc.traders_have_more_of_the_items_they_sell,Skill Descriptions,256,商人有更多物品
01562,skill.value.desc.traders_have_50_5_more_items_per_level,Skill Value Descriptions,128, +50% （每級額外 +5% ）商人物品
01563,skill.name.workaholic,Skill Names,64,代練
01564,skill.desc.increase_the_rewards_from_quests,Skill Descriptions,256,提高任務報酬
01565,skill.value.desc.30_3_per_level_quest_reward,Skill Value Descriptions,128, +30% （每級額外 +3% ）任務報酬
01566,skill.name.medicine,Skill Names,64,醫學
01567,skill.desc.allows_you_to_craft_more_medication,Skill Descriptions,256,允許你在醫務室裏製作相應等級的醫療用品
01568,skill.name.field_medic,Skill Names,64,急救
01569,skill.desc.decrease_medication_usage_time,Skill Descriptions,256,減少使用醫療用品所需時間
01570,skill.value.desc.40_6_medication_usage_time_per_level,Skill Value Descriptions,128, -40% （每級額外 -6% ）使用醫療用品所需時間
01571,skill.name.pharmacist,Skill Names,64,掛逼
01572,skill.desc.allows_you_to_craft_injectors_based_on,Skill Descriptions,256,允許你在醫務室裏製作相應等級的針劑
01573,skill.name.cooking,Skill Names,64,小可料理
01574,skill.desc.learn_new_recipes_to_cook_in_the,Skill Descriptions,256,獲得新食譜，略微提高料理的營養價值
01575,skill.value.desc.3_nutrition_from_your_cooked_meals_per,Skill Value Descriptions,128,每級 +3% 料理的營養價值
01576,skill.name.chef,Skill Names,64,精心烹調
01577,skill.desc.learn_more_recipes_and_greatly,Skill Descriptions,256,獲得更多食譜，大幅提高料理的營養價值
01578,skill.value.desc.30_5_nutrition_from_your_cooked_meals,Skill Value Descriptions,128, +30% （每級額外 +5% ）料理的營養價值
01579,skill.name.nutritionist,Skill Names,64,科技狠活
01580,skill.desc.when_you_re_not_starving_or_dehydrated,Skill Descriptions,256,喫飽喝足後提高生命上限和耐力上限
01581,skill.value.desc.10_2_hp_per_level_15_2_stamina_per_level,Skill Value Descriptions,128, +10（每級額外 +2）生命上限\n +15（每級額外 +2）耐力上限
01582,skill.name.gunsmith,Skill Names,64,生物材料學
01583,skill.desc.allows_you_to_craft_ammunition_ammo,Skill Descriptions,256,可根據等級製作彈藥（需要彈藥製造機 1 級）和修理包
01584,skill.name.modder,Skill Names,64,武器改裝
01585,skill.desc.mounted_mods_are_more_effective,Skill Descriptions,256,提高武器改裝效果
01586,skill.value.desc.15_3_effectivness_of_mounted_mod_per,Skill Value Descriptions,128, +15% （每級額外 +3% ）武器改裝效果
01587,skill.name.gear_lover,Skill Names,64,裝備保養
01588,skill.desc.greatly_decrease_the_durability_loss,Skill Descriptions,256,大幅降低武器和護甲的耐久損耗
01589,skill.value.desc.20_5_weapons_and_armors_durability,Skill Value Descriptions,128, -20% （每級額外 -5% ）槍械和護甲的耐久損耗
01590,quest.pda.remove_quest,PDA Quest,24,移除任務
01591,quest.pda.text,PDA Quest,16,內容
01592,quest.pda.objective,PDA Quest,16,目標
01593,quest.pda.objective_title,PDA Quest,16,目標
01594,quest.pda.giver,PDA Quest,16,委託人
01595,base.building.slot_1,Base Building Slots,24,欄位 1
01596,base.building.slot_2,Base Building Slots,24,欄位 2
01597,base.building.slot_3,Base Building Slots,24,欄位 3
01598,base.building.slot_4,Base Building Slots,24,欄位 4
01599,base.building.slot_5,Base Building Slots,24,欄位 5
01600,base.building.slot_6,Base Building Slots,24,欄位 6
01601,base.building.slot_7,Base Building Slots,24,欄位 7
01602,base.building.modules_are_used_to_obtain_passive,Base Building Info,320,模組能提供被動加成。\n安裝後初始爲 0 級。\n想升級獲取加成就得在工作臺製作對應的套件。\n模組可隨時拆除，但建造耗材概不退還。
01603,base.module.name.infirmary,Base Module Names,32,醫務室
01604,base.module.desc.allow_crafting_medication_and_grants,"Base Module Descriptions, general",320,允許製作藥物，並提供提升整體生命值的被動加成
01605,base.module.desc.increase_max_hp_less_chance_of,"Base Module Descriptions, alt a",320,增加生命上限，降低出血幾率\n緩慢恢復生命值
01606,base.module.desc.provide_more_chest_to_store_items,"Base Module Descriptions, general",320,提供更多儲藏頁
01607,base.module.desc.1_personal_chest,"Base Module Descriptions, alt a",320,儲物箱 +1
01608,base.module.name.bedroom,Base Module Names,32,休息室
01609,base.module.desc.comfortable_bed_that_heals_your_wounds,"Base Module Descriptions, general",320,休息時獲得更多恢復\n提高各項技能升級速度
01610,base.module.desc.10_more_experience_nrecover_fatigue,"Base Module Descriptions, alt a",320,經驗 +10% \n疲勞和傷口恢復速度 +50% 
01611,base.module.desc.20_more_experience_nrecover_fatigue,"Base Module Descriptions, alt b",320,經驗 +20% \n疲勞和傷口恢復速度 +100% 
01612,base.module.name.kitchen,Base Module Names,32,廚房
01613,base.module.desc.good_nutrition_is_essential_nthis,"Base Module Descriptions, general",320,營養不可或缺。\n可以廚房把廢棄食物烹飪成更有營養的餐食。
01614,base.module.desc.allows_cooking_basic_meals,"Base Module Descriptions, alt a",320,獲得基礎食譜
01615,base.module.desc.allows_cooking_all_meals,"Base Module Descriptions, alt b",320,獲得所有食譜
01616,base.module.name.recycling_center,Base Module Names,32,回收站
01617,base.module.desc.nothing_is_wasted_gain_more_materials,"Base Module Descriptions, general",320,分解物品時獲得更多廢料
01618,base.module.desc.15_scrapped_items,"Base Module Descriptions, alt a",320,分解物品獲得的廢料 +15% 
01619,base.module.desc.30_scrapped_items,"Base Module Descriptions, alt b",320,分解物品獲得的廢料 +30% 
01620,base.module.name.gym,Base Module Names,32,健身房
01621,base.module.desc.a_small_gym_where_you_can_work_out,"Base Module Descriptions, general",320,鍛鍊身體的小型健身房。\n可提升耐力上限與有氧技能升級速度。
01622,base.module.desc.10_stamina_n_20_cardio_experience_rate,"Base Module Descriptions, alt a",320,耐力上限 +10\n運動經驗 +20% 
01623,base.module.desc.20_stamina_n_40_cardio_experience_rate,"Base Module Descriptions, alt b",320,耐力上限 +20\n運動經驗 +40% 
01624,base.module.name.shooting_range,Base Module Names,32,試槍區
01625,base.module.desc.train_your_shooting_skill_ngain_more,"Base Module Descriptions, general",320,訓練射擊技巧。\n可提升武器傷害與射擊技能升級速度。
01626,base.module.desc.5_weapon_damage_n_20_shooting,"Base Module Descriptions, alt a",320,武器傷害 +5% \n射擊經驗 +20% 
01627,base.module.desc.10_weapon_damage_n_40_shooting,"Base Module Descriptions, alt b",320,武器傷害 +10% \n射擊經驗 +40% 
01628,base.module.name.radio_station,Base Module Names,32,電臺
01629,base.module.desc.in_development_do_not_install,"Base Module Descriptions, general",320,開發中 - 請勿安裝
01630,base.module.desc.allows_to_see_all_the_minimap,"Base Module Descriptions, alt a",320,可查看全部小地圖
01631,base.module.desc.show_interesting_points_and_chests_on,"Base Module Descriptions, alt b",320,在小地圖上顯示興趣點和箱子
01632,base.module.name.forge,Base Module Names,32,鍛造台
01633,base.module.desc.provide_scrap_items_every_day,"Base Module Descriptions, general",320,每天產出廢料
01634,base.module.desc.provide_some_scrap_items_every_day,"Base Module Descriptions, alt a",320,每天產出一些廢料
01635,misc.insert.scavenger,Insert,256,拾荒者
01636,base.module.desc.gives_away_random_items_every_day,"Base Module Descriptions, alt a",320,每天產出隨機物品
01637,base.module.name.garden,Base Module Names,32,花園
01638,base.module.desc.grows_scrap_food_and_scrap_medicine,"Base Module Descriptions, general",320,每天產出食物廢料和醫療用品廢料
01639,base.module.desc.20_scrap_food_and_10_scrap_medicine,"Base Module Descriptions, alt a",320,食物廢料 +20，醫療用品廢料 +10
01640,base.module.desc.40_scrap_food_and_25_scrap_medicine,"Base Module Descriptions, alt b",320,食物廢料 +40，醫療用品廢料 +25
01641,base.module.name.ammo_producer,Base Module Names,32,制彈機
01642,base.module.desc.provide_scrap_ammo_every_day_and,"Base Module Descriptions, general",320,允許你製作彈藥，每天產出彈藥廢料
01643,base.module.desc.30_scrap_ammo_every_day_and_allows_you,"Base Module Descriptions, alt a",320,彈藥廢料 +30
01644,base.module.desc.50_scrap_ammo_every_day_and_get_30,"Base Module Descriptions, alt b",320,彈藥廢料 +50 ，製作彈藥數量 +30% 
01645,base.module.name.workshop,Base Module Names,32,工坊
01646,base.module.desc.you_can_repair_weapons_and_armor_by,"Base Module Descriptions, alt a",320,允許你修理武器和護甲
01647,base.module.desc.repair_costs_50_less,"Base Module Descriptions, alt b",320,修理成本 -50% 
01648,npc.text.and_those,NPC text,96,...還有那些...
01649,npc.text.bloody_animals,NPC text,96,...這幫該死的畜生...
01650,npc.text.cough_cough,NPC text,96,...咳...咳...
01651,npc.text.grigoriy_grigoriiiiy,NPC text,96,"...格里戈里, 格里戈里里里..."
01652,npc.text.hunter,NPC text,96,...獵人...
01653,npc.text.i_forgot_the,NPC text,96,...我忘了...
01654,npc.text.let_me_take_this,NPC text,96,...讓我拿這個...
01655,npc.text.maybe_i_should_keep_quiet,NPC text,96,...也許我應該保持沉默...
01656,npc.text.mr_junk_is_so_sorry_grigoriy,NPC text,96,...垃圾佬很抱歉，格里戈里...
01657,npc.text.mr_junk_s_precious,NPC text,96,...垃圾佬的寶貝...
01658,npc.text.no_no_no,NPC text,96,...不！不！不！...
01659,npc.text.now_let_me_die,NPC text,96,...現在...讓我歇會兒...
01660,npc.text.oh_oh_oh,NPC text,96,...噢！噢！噢！...
01661,npc.text.poor_man,NPC text,96,...可憐的傢伙...
01662,npc.text.so_beautiful,NPC text,96,...多麼漂亮...
01663,npc.text.the_mall,NPC text,96,...商場....
01664,npc.text.the_only_friend_mr_junk_has_ever_had,NPC text,96,...垃圾佬唯一的朋友...
01665,npc.text.they_are_moving_there,NPC text,96,...他們去那裏了...
01666,npc.text.they_were_torn_to_pieces,NPC text,96,...他們被撕碎了...
01667,npc.text.treasuressss,NPC text,96,...寶貝~~~...
01668,npc.text.what_a_headache,NPC text,96,...頭好痛...
01669,npc.text.what_did_you_say_grigoriy_oh_yes_yes_yes,NPC text,96,...你說什麼，格里戈里？噢！對！對對...
01670,npc.text.what_happened_here,NPC text,96,...這裏發生了什麼...
01671,npc.text.what,NPC text,96,...什？！
01672,npc.text.yes_yes_yes,NPC text,96,...對！對！對！...
01673,npc.text.you_look_really_good_today_grigoriy,NPC text,96,...你今天氣色不錯，格里戈里...
01674,npc.text.aaaaaaa,NPC text,96,啊啊啊！
01675,npc.text.aaaaahh,NPC text,96,啊啊啊！
01676,npc.text.ahh_i_am_full_hunter,NPC text,96,我喝飽了，下次吧，獵人...
01677,npc.text.ahh_i_m_hurt,NPC text,96,啊啊！我受傷了！
01678,npc.text.ahhh_my_head,NPC text,96,啊啊！我的頭！
01679,npc.text.alright_here_should_be_fine,NPC text,96,好了！這裏應該沒問題了。
01680,npc.text.alright_it_s_closed_now,NPC text,96,好了！現在關上了...
01681,npc.text.i_am_not_stupid_you_are_trying_to_fool,NPC text,96,我可不傻，別想騙我...
01682,npc.text.are_you_on_a_hunt,NPC text,96,你在狩獵嗎？
01683,npc.text.be_careful_what_you_do,NPC text,96,你最好清楚自己在做什麼。
01684,npc.text.be_careful_with_that,NPC text,96,悠着點兒...
01685,npc.text.bleah_i_threw_up,NPC text,96,嘔！我要吐了！
01686,npc.text.can_t_wait_to_get_out_of_here,NPC text,96,迫不及待想離開這裏。
01687,npc.text.cannot_give_you_any_equipment_hunter,NPC text,96,不能給你裝備，獵人……
01688,npc.text.come_back_to_visit_me,NPC text,96,記得回來找我。
01689,npc.text.come_out_come_out_wherever_you_are,NPC text,96,出來啊！你他媽躲哪兒去了？
01690,npc.text.cover,NPC text,96,掩護！
01691,npc.text.coward,NPC text,96,懦夫！
01692,npc.text.damn_it,NPC text,96,該死！
01693,npc.text.damn,NPC text,96,靠！
01694,npc.text.damn_i_don_t_have_analyzer,NPC text,96,靠！我沒帶分析儀。
01695,npc.text.damn_i_don_t_have_the_transmitter,NPC text,96,靠！我沒帶信號發射器！
01696,npc.text.damn_title_ellipsis,NPC text,96,真該死...
01697,npc.text.did_you_say_something_hunter,NPC text,96,你說什麼了嗎，獵人？
01698,npc.text.die,NPC text,96,給爺死！
01699,npc.text.do_not_bother_me,NPC text,96,別來煩我。
01700,npc.text.do_not_watch_mr_junk_s_treasure_hunter,NPC text,96,別盯着垃圾佬的寶貝，獵人！
01701,npc.text.don_t_screw_up_hunter,NPC text,96,別惹麻煩，獵人。
01702,npc.text.don_t_worry_your_secret_is_safe,NPC text,96,別擔心，我不會泄露你的祕密。
01703,npc.text.eat_this,NPC text,96,嚐嚐這個！
01704,npc.text.here_s_some_equipment,NPC text,96,給你。
01705,npc.text.finally_that_shithole_is_closed,NPC text,96,那糞坑終於消失了。
01706,npc.text.fire_in_the_hole,NPC text,96,洞裡著火了！
01707,npc.text.found_one,NPC text,96,找到一個！
01708,npc.text.fresh_meat_huh,NPC text,96,新來的，昂？
01709,npc.text.fuck_it_i_hope_artemovich_doesn_t_send,NPC text,96,幹，希望阿爾捷莫維奇別派我進去。
01710,npc.text.fuck,NPC text,96,幹！
01711,npc.text.fuck_a_grenade,NPC text,96,幹，手榴彈！
01712,npc.text.fuck_i_forgot_the_analyzer,NPC text,96,幹，忘帶分析儀了！
01713,npc.text.fuck_i_forgot_the_gps_marker,NPC text,96,幹，忘帶定位器了！
01714,npc.text.fuck_i_forgot_the_repair_kit,NPC text,96,幹，忘帶修理箱了！
01715,npc.text.fuck_i_forgot_to_bring_the_cctv_camera,NPC text,96,幹，忘帶攝像頭了！
01716,npc.text.fuck_i_forgot_to_buy_the_dynamite,NPC text,96,幹，忘記買炸藥了！
01717,npc.text.fuck_is_that_blood_coming_out_of_my_ears,NPC text,96,幹，耳朵流血了？
01718,npc.text.fuck_title_ellipsis,NPC text,96,幹...
01719,npc.text.get_away_from_there,NPC text,96,離那兒遠點！
01720,npc.text.get_out_of_here,NPC text,96,快跑！
01721,npc.text.ghouls_again,NPC text,96,又是食屍鬼？
01722,npc.text.gifts_are_coming,NPC text,96,禮物來啦！
01723,npc.text.go_away,NPC text,96,滾開！
01724,npc.text.go_find_your_own,NPC text,96,找你自己的寶貝去！
01725,npc.text.go_go_go,NPC text,96,沖沖衝！
01726,npc.text.god_life_is_tough_here,NPC text,96,天，這真不是人過的日子。
01727,npc.text.goddammit,NPC text,96,真該死！
01728,npc.text.good_job_with_the_cctv_camera,NPC text,96,攝像頭那事兒做得不錯！
01729,npc.text.good_job_with_the_ghoul_s_lair_hunter,NPC text,96,在食屍鬼洞穴裏搞得不賴，獵人！
01730,npc.text.good_luck_hunter,NPC text,96,祝你好運，獵人！
01731,npc.text.good_luck_with_the_ghoul_s_lair_hunter,NPC text,96,祝你在食屍鬼洞穴裏好運，獵人。
01732,npc.text.grenade,NPC text,96,手榴彈！
01733,npc.text.gunshots,NPC text,96,有槍聲！
01734,npc.text.hahahaha,NPC text,96,哈哈哈！
01735,npc.text.what_the_hell_hunter,NPC text,96,搞什麼，獵人？
01736,npc.text.have_you_ever_seen_a_ghoul_they_are,NPC text,96,你見過食屍鬼嗎？嚇死個人！
01737,npc.text.he_has_a_silencer,NPC text,96,他有消音器！
01738,npc.text.he_hit_me,NPC text,96,他打中我了！
01739,npc.text.he_s_dead,NPC text,96,他死了！
01740,npc.text.he_s_here,NPC text,96,他在這！
01741,npc.text.he_s_there,NPC text,96,他在那裏嗎？
01742,npc.text.hello,NPC text,96,你好！
01743,npc.text.help,NPC text,96,救命！
01744,npc.text.here_is_one,NPC text,96,這有一個！
01745,npc.text.here_should_be_fine,NPC text,96,這裏應該沒問題了。
01746,npc.text.here,NPC text,96,這！
01747,npc.text.hey_rookie_don_t_suppose_you_ve_seen_my,NPC text,96,嘿，菜鳥，就沒指望你見過...
01748,npc.text.hey_yakim,NPC text,96,嗨，亞基姆！
01749,npc.text.hey_you,NPC text,96,喂！你！
01750,npc.text.hey_get_away_from_mr_junk_s_treasure,NPC text,96,喂！離垃圾佬的寶貝遠點！
01751,npc.text.how_did_i_get_here,NPC text,96,我怎麼到這來了？
01752,npc.text.i_am_blinded,NPC text,96,我看不見了！
01753,npc.text.i_bet_3000_roubles_that_this_one_doesn,NPC text,96,我賭 3000 盧布，這傢伙回不來。
01754,npc.text.i_can_not_move,NPC text,96,我動不了！！
01755,npc.text.i_can_t_see_anything,NPC text,96,我什麼都看不見了！
01756,npc.text.i_can_t_see_him,NPC text,96,我看不見他！
01757,npc.text.i_don_t_have_the_key,NPC text,96,我沒鑰匙。
01758,npc.text.i_don_t_wanna_talk_with_you,NPC text,96,我不想跟你說話。
01759,npc.text.i_forgot_the_cctv_camera,NPC text,96,忘帶攝像頭了！
01760,npc.text.i_forgot_the_gps_marker,NPC text,96,忘帶 GPS 定位器了！
01761,npc.text.i_guess_you_re_not_a_virgin_anymore,NPC text,96,這下你不再是小處男了...
01762,npc.text.i_hear_gunshots,NPC text,96,我聽到了槍聲！
01763,npc.text.i_just_cant_seem_to_find_it,NPC text,96,我好像就是找不着它。
01764,npc.text.i_need_help_here,NPC text,96,救！
01765,npc.text.i_need_to_get_closer_to_the_center,NPC text,96,我得再往裏面靠一點。
01766,npc.text.i_need_to_reload,NPC text,96,我需要換彈！
01767,npc.text.i_need_to_treat_the_radiation,NPC text,96,我得緩解一下輻射。
01768,npc.text.i_will_try_to_collect_some_items_for_you,NPC text,96,我會試着爲你搜集一些物資。
01769,npc.text.i_m_chasing,NPC text,96,我在追！
01770,npc.text.i_m_close_enough_to_place_the_analyzer,NPC text,96,這麼近，可以放分析儀了。
01771,npc.text.i_m_coming,NPC text,96,我來了！
01772,npc.text.i_m_in,NPC text,96,我跟了！
01773,npc.text.i_m_not_feeling_good_bleah,NPC text,96,我有點難受...嘔！
01774,npc.text.i_m_pushing,NPC text,96,我上了！
01775,npc.text.i_m_tasting_blood_not_good,NPC text,96,我嘴裏在出血，情況不妙。
01776,npc.text.i_ve_got_one_minute_to_get_my_ass_out,NPC text,96,我只有一分鐘時間離開這鬼地方！
01777,npc.text.if_we_re_lucky_we_ll_see_the_sunrise,NPC text,96,走運的話，我們可以喝着伏特加欣賞日出！
01778,npc.text.if_you_want_to_pass_you_have_to_pay,NPC text,96,想過去，就得掏錢。
01779,npc.text.in_memory_of_grigoriy,NPC text,96,是爲了紀念格里戈里...
01780,npc.text.interesting,NPC text,96,有意思！
01781,npc.text.it_seems_that_the_bandits_have_taken,NPC text,96,看來那幫強盜已經搜刮得一乾二淨了...
01782,npc.text.it_was_the_crimson_corporation,NPC text,96,是深紅公司。
01783,npc.text.it_s_beautiful_isn_t_it_now_move_away,NPC text,96,很漂亮，對不對？趕緊走開！
01784,npc.text.it_s_mr_junk_s_alone_his_alone,NPC text,96,這是屬於垃圾佬的！屬於他一個人的！
01785,npc.text.it_s_you,NPC text,96,是你！
01786,npc.text.jam_i_need_to_reload,NPC text,96,卡殼了！我得整一下！
01787,npc.text.jesus_christ,NPC text,96,我的天！
01788,npc.text.make_sure_to_not_make_mess,NPC text,96,記住，別惹麻煩。
01789,npc.text.man_down,NPC text,96,有人倒地！
01790,npc.text.many_who_venture_out_there_never_come,NPC text,96,許多出去闖蕩的傢伙再也沒回來。
01791,npc.text.maybe_there_really_is_a_spy,NPC text,96,也許真有內鬼...
01792,npc.text.milk_milk_milk,NPC text,96,牛奶！牛奶！牛！奶！
01793,npc.text.mmm,NPC text,96,嗯...
01794,npc.text.mmm_title_question,NPC text,96,嗯？
01795,npc.text.morphine_i_need_morphine,NPC text,96,嗎啡！我需要嗎啡！
01796,npc.text.motherfucker,NPC text,96,他媽的！
01797,npc.text.mr_junk_does_not_trade_his_treasure,NPC text,96,垃圾佬纔不會賣他的寶貝！
01798,npc.text.my_eyes,NPC text,96,我的眼睛！
01799,npc.text.my_god_it_hurts_so_much,NPC text,96,天哪！疼死我了！
01800,npc.text.my_god,NPC text,96,天哪...
01801,npc.text.need_something,NPC text,96,有什麼需要的嗎？
01802,npc.text.nevermind_you_re_not_ready_yet,NPC text,96,算了，你還沒準備好。
01803,npc.text.no_no_no_no_no_go_away,NPC text,96,不不不！走開！
01804,npc.text.no_way,NPC text,96,不可能！
01805,npc.text.no_no_no_title_exclaim,NPC text,96,不！不！不！
01806,npc.text.no_no_noooooooo,NPC text,96,不！不！不——！
01807,npc.text.not_like_the_last_one,NPC text,96,不像上一個！
01808,npc.text.now_i_can_go_back_to_artemovich_and,NPC text,96,現在可以回去向阿爾捷莫維奇報告了。
01809,npc.text.oh_god,NPC text,96,天哪...
01810,npc.text.oh_shit_my_nose_is_bleeding,NPC text,96,該死，鼻子流血了！
01811,npc.text.oh,NPC text,96,哦！
01812,npc.text.oh_hello,NPC text,96,噢，你好！
01813,npc.text.oh_oh_oh_upper_exclaim,NPC text,96,哎呀！
01814,npc.text.ohhh_here_comes_the_rat,NPC text,96,噢，噢，噢，來了一隻鼠鼠！
01815,npc.text.ok_i_found_the_sawmill,NPC text,96,很好，找到地方了。
01816,npc.text.ok_here_should_be_fine,NPC text,96,好...這裏應該沒問題了。
01817,npc.text.otherwise_get_out_of_my_way,NPC text,96,不然就滾一邊去！
01818,npc.text.our_money_conbined_with_inventory,NPC text,96,我們的資金加上儲藏價值過高
01819,npc.text.priviet,NPC text,96,同志！
01820,npc.text.put_down_that_weapon,NPC text,96,放下武器。
01821,npc.text.put_down_that_weapon_sentence_exclaim,NPC text,96,放下武器！
01822,npc.text.reload,NPC text,96,換彈！
01823,npc.text.right_here,NPC text,96,在這！
01824,npc.text.run,NPC text,96,快潤！
01825,npc.text.shut_up_what_are_you_cowards,NPC text,96,閉嘴，別跟個娘們兒一樣！
01826,npc.text.soldiers,NPC text,96,士兵們！
01827,npc.text.someone_killed_him,NPC text,96,他掛了！
01828,npc.text.someone_must_have_saved_me,NPC text,96,有人救了我...
01829,npc.text.sorry_santa_i_don_t_have_any_milk,NPC text,96,抱歉，聖誕老頭，我沒有牛奶...
01830,npc.text.sorry_i_don_t_have_time_to_waste,NPC text,96,抱歉，我沒空。
01831,npc.text.stop_right_there,NPC text,96,站住！
01832,npc.text.stop_stop_stop_looking_at_it,NPC text,96,別！別！別再盯着看了！
01833,npc.text.take_a_rest_and_drink_some_vodka_hunter,NPC text,96,去休息一下，喝點伏特加，獵人。
01834,npc.text.take_care_of_the_wounded,NPC text,96,把傷員照顧好！
01835,npc.text.take_this,NPC text,96,嚐嚐這個！
01836,npc.text.thank_you_hunter,NPC text,96,謝謝你，獵人！
01837,npc.text.thank_you_hunter_sentence,NPC text,96,謝謝你，獵人。
01838,npc.text.the_barman_will_not_be_happy_about_this,NPC text,96,酒保會很難過的...
01839,npc.text.the_doctor_will_be_happy_with_these,NPC text,96,醫生會高興的。
01840,npc.text.the_weapon_jammed,NPC text,96,卡殼了！
01841,npc.text.there_is_an_engraving,NPC text,96,這...
01842,npc.text.these_data_are_impressive,NPC text,96,這些數據太驚人了！
01843,npc.text.they_are_coming,NPC text,96,它 -們 -來 -了!
01844,npc.text.they_shoot_me,NPC text,96,有人朝我開槍！
01845,npc.text.they_tortured_and_mutilated_him,NPC text,96,他被折磨得不成人樣...
01846,npc.text.this_anomaly_should_be_fine,NPC text,96,這樣應該就行了。
01847,npc.text.this_fucking_radiation,NPC text,96,這該死的輻射。
01848,npc.text.this_is_mr_junk_s_treasure_mr_junk_s,NPC text,96,這是垃圾佬的寶貝！垃圾佬的寶貝！
01849,npc.text.this_one_looks_good,NPC text,96,這傢伙看着還不賴！
01850,npc.text.this_way,NPC text,96,這邊。
01851,npc.text.this_way_sentence_exclaim,NPC text,96,這邊！
01852,npc.text.ugh_where_is_it,NPC text,96,呃！這是哪...
01853,npc.text.w_w_what,NPC text,96,什、什麼？
01854,npc.text.watch_out_hunter,NPC text,96,小心點，獵人。
01855,npc.text.we_did_it_soldiers,NPC text,96,我們成功了，士兵們！
01856,npc.text.welcome_back_hunter,NPC text,96,歡迎回來，獵人！
01857,npc.text.well_there_s_no_way_in,NPC text,96,好吧，沒路進去了。
01858,npc.text.what_a_tremendous_stench_coming_out_of,NPC text,96,那洞裏簡直臭氣熏天。
01859,npc.text.what_happened_here_sentence_question,NPC text,96,這裏發生了什麼？
01860,npc.text.what_the_hell_are_you_doing_here,NPC text,96,你在這裏搞什麼鬼？
01861,npc.text.what_the_hell_happened_here,NPC text,96,這裏發生了什麼？
01862,npc.text.what_the_hell_is_happening,NPC text,96,什麼鬼？
01863,npc.text.whatever_happens_you_must_hold_your,NPC text,96,無論如何，我們必須堅守陣地！
01864,npc.text.where,NPC text,96,跑哪兒去了？
01865,npc.text.wow,NPC text,96,哇哦！
01866,npc.text.yeah_keep_running_bitch,NPC text,96,跑吧，狗東西！
01867,npc.text.yeah_keep_hiding,NPC text,96,喜歡玩躲貓貓是吧？
01868,npc.text.you_are_still_alive_then,NPC text,96,你還活着。
01869,npc.text.you_came_back_to_see_me,NPC text,96,你是來看我的嗎？
01870,npc.text.you_did_it_you_son_of_a_bitch,NPC text,96,你做到了，你個狗東西！哈哈！
01871,npc.text.you_do_not_have_authorization_to_pass,NPC text,96,你未被授權通過！
01872,npc.text.you_filthy_little_rat,NPC text,96,你這骯髒的老鼠...
01873,npc.text.you_have_choosen_death,NPC text,96,你這是自尋死路！
01874,npc.text.you_would_want_it_all_for_yourself,NPC text,96,你想獨吞，對不對？
01875,npc.text.zzzz,NPC text,96,Zzzz...
01876,quest.daily.name.loners_work_1,Daily quest names,48,獨狼的任務 1
01877,quest.daily.name.loners_work_2,Daily quest names,48,獨狼的任務 2
01878,quest.daily.name.soldier_work_1,Daily quest names,48,綠軍的任務 1
01879,quest.daily.name.soldier_work_2,Daily quest names,48,綠軍的任務 2
01880,quest.daily.name.crimson_work_1,Daily quest names,48,深紅公司的任務 1
01881,quest.daily.name.crimson_work_2,Daily quest names,48,深紅公司的任務 2
01882,quest.daily.name.scientist_work_1,Daily quest names,48,科學家的任務 1
01883,quest.daily.name.scientist_work_2,Daily quest names,48,科學家的任務 2
01884,quest.desc.a_lone_raider_needs_a_job_doing,Daily quest descriptions,96,有個獨狼拾荒者需要搭把手。
01885,quest.desc.one_of_the_green_army_grunts_has_a_task,Daily quest descriptions,96,綠軍士兵來發布了一項任務。
01886,quest.desc.the_crimson_corporation_got_in_touch,Daily quest descriptions,96,深紅公司有訊息傳來。
01887,quest.desc.the_scientists_are_doing_another,Daily quest descriptions,96,科學家們又在做實驗了。
01888,quest.objective.kill_lazar,Quest objectives,128,殺死拉扎爾
01889,quest.desc.are_you_ready_for_some_real_action_you,Quest descriptions,1024,準備好動真格了嗎？你必須殺死森林強盜的首領拉扎爾。\n他位於村莊的警察局，也許你在狩獵期間已經見過他了。\n做好準備，守衛總是衆星捧月似的圍着他。\n把他幹掉沒那麼簡單，但之後你就可以自由地進入警察局，想要什麼拿什麼。
01890,quest.name.first_steps,Quest names,64,始於足下
01891,quest.name.first_steps_p_1,Quest names,64,蹣跚學步（第 1 階段）
01892,quest.desc.bunker_intro_first_job,Quest descriptions,1024,你好，陌生人！歡迎來到零希沃特地堡。\n我不知道你是怎麼過來的，但坦白說我不在乎。\n我不是針對你，只是我們見過的新人多了去了，但回來的人寥寥無幾。所以我現在不會浪費時間記住你的。\n首先就看看你的本事吧，我會給你一項簡單的工作：在森林那兒活下來。\n祝你好運！
01893,quest.objective.kill_5_bandits_in_the_forest,Quest objectives,128,在森林裏殺死5名強盜
01894,quest.name.first_steps_p_2,Quest names,64,蹣跚學步（第 2 階段）
01895,quest.desc.are_you_still_alive_fantastic_nlooks,Quest descriptions,1024,你還活着啊？太棒了！\n看樣子你很有潛力，但現在下結論還爲時過早，且看你在戰鬥中表現如何。\n如果你活下來了，我會把新獵人到來的消息通報給綠軍，這樣你就能進入他們的地堡了。
01896,quest.objective.survive_the_forest_2_times,Quest objectives,128,在森林裏存活2次
01897,quest.name.valuable_item,Quest names,64,貴重物品
01898,quest.desc.very_good_the_green_army_grants_you,Quest descriptions,1024,很好！綠軍允許你進入他們的地堡了。你應該去和他們談談。他們可以賣你新的裝備，給你安排任務。\n好了，說回我們這裏！所以...當強盜佔領了森林村，我有個老朋友落下了一件於現在而言十分貴重的物品。\n它應該在村莊以南的一個包裏，過去拿回來吧。
01899,quest.objective.retrieve_the_valuable_item,Quest objectives,128,拿回貴重物品
01900,quest.name.smoking_kills_p_1,Quest names,64,吸菸要人命（第 1 階段）
01901,quest.desc.yeah_i_know_smoking_kills_but_i_don_t,Quest descriptions,1024,是，我知道。吸菸要人命，但在這能活多久還是未知數呢。那就不管那麼多了吧？\n我需要囤很多香菸。\n如果發現藍色的煙，記得保管好，別給賣了。我稍後會用得上的。
01902,quest.objective.find_10_red_cigarette,Quest objectives,128,找到10紅色香菸
01903,quest.name.smoking_kills_p_2,Quest names,64,吸菸要人命（第 2 階段）
01904,quest.desc.ok_hunter_now_if_by_chance_you_could,Quest descriptions,1024,好的，獵人。如果可以的話，你能給我帶些藍色的就更好了！\n它們要好抽得多。
01905,quest.objective.find_5_blue_cigarette,Quest objectives,128,找到5藍色香菸
01906,quest.name.the_lost_convoy,Quest names,64,失蹤車隊
01907,quest.desc.we_lost_contact_with_a_convoy_carrying,Quest descriptions,1024,爲地堡運送物資的車隊與我們失去了聯繫。\n它最後在森林裏發出了信號，然後就音訊全無。去那裏看看發生了什麼。
01908,quest.name.vendetta,Quest names,64,反擊
01909,quest.desc.damn_it_was_it_the_bandits_then_i_m,Quest descriptions,1024,可惡！原來是強盜乾的嗎？這也正常，他們就喜歡搗亂。\n是時候讓他們血債血償了。殺他們個痛快吧，獵人。
01910,quest.name.survivalist_forest_p_1,Quest names,64,砥礪求生：森林（第 1 階段）
01911,quest.name.towards_makeshift_camp,Quest names,64,前往臨時營地
01912,quest.name.the_motel_p_2,Quest names,64,深入汽車旅館
01913,quest.desc.i_see_that_you_are_becoming_familiar,Quest descriptions,1024,我看你越來越熟悉狩獵了。\n那就看看你有多大能耐。如果你能在這樣的條件下活下來，我準備付給你豐厚的報酬。\n祝你好運！
01914,quest.name.survivalist_forest_p_2,Quest names,64,砥礪求生：森林（第 2 階段）
01915,quest.desc.not_bad_hunter_let_s_see_if_you_can,Quest descriptions,1024,還不錯，獵人。那就看看你能不能打破我在森林裏的記錄了。
01916,quest.name.supply_p_1,Quest names,64,急需物資（第 1 階段）
01917,quest.desc.hey_hunter_nrecently_few_supplies_have,Quest descriptions,1024,嘿，獵人！\n最近很少有物資運過來，但人總是要喫飯的。\n我們需要人幫忙補充物資。
01918,quest.objective.find_10_bread,Quest objectives,128,找到 10 個麵包
01919,quest.name.supply_p_2,Quest names,64,急需物資（第 2 階段）
01920,quest.desc.great_nnow_that_we_re_settled_on_the,Quest descriptions,1024,太好了！\n既然生活必需品有了，我希望你能給我再帶些保質期更長的食物，比如罐頭食品。
01921,quest.objective.find_3_generic_chocolate,Quest objectives,128,找到 3 塊健怡巧克力
01922,quest.name.chocolate_for_everyone,Quest names,64,無人不愛巧克力
01923,quest.desc.chocolate_is_becoming_a_luxury_good,Quest descriptions,1024,巧克力現在已經成爲奢侈品了。給我帶一些吧。我必有重賞。
01924,quest.name.what_s_on_the_flash_drive,Quest names,64,USB裏有什麼？
01925,quest.desc.hunter_last_night_i_had_the_strangest,Quest descriptions,1024,獵人，昨晚我做了個奇怪的夢！\n不知道爲什麼，我必須把兩個USB交給一個戴便帽的傢伙。可我到處都找不到！\n你能想象那是什麼感覺嗎？兩個USB都找不到？\n好吧，你會明白的。給我找兩個來。
01926,quest.objective.find_8_forks,Quest objectives,128,找到8把叉子
01927,quest.name.no_more_barks,Quest names,64,平息狼患
01928,quest.desc.have_you_heard_the_latest_news_a_group,Quest descriptions,1024,看新聞了嗎？有夥獵人被狼羣襲擊了。最近狼羣數量激增，大大妨礙了我們在地區的行動。\n總得有人幹這份髒活。\n如果你看上了這份工作，那就是你的了。
01929,quest.objective.kill_15_wolfs,Quest objectives,128,殺死15只狼
01930,quest.name.new_arrivals,Quest names,64,新軍抵達
01931,quest.desc.very_interesting_from_the_flash_drives,Quest descriptions,1024,真有意思。我看了你帶來的USB，發現工業區的港口熱鬧着呢。去那裏看看到底是怎麼回事。
01932,quest.objective.find_2_cooking_pots,Quest objectives,128,找到 2 個烹飪鍋
01933,quest.name.cutlery,Quest names,64,蒐集餐具
01934,quest.desc.hey_hunter_ni_have_a_very_simple_but,Quest descriptions,1024,嘿，獵人！\n我這有一項簡單枯燥的工作。\n住在這的畜生喫完我做的飯後就順走了餐具，真是幫混蛋。要是他們在這開間酒吧，指不定哪天就發瘋了。\n總之我需要叉子、刀子和湯匙。\n把它們帶過來吧。
01935,quest.name.what_s_cooking,Quest names,64,何以烹飪
01936,quest.desc.are_you_up_for_a_simple_job_i_need_a,Quest descriptions,1024,我這有個簡單的活計，準備好了嗎？我的廚房差了些東西。
01937,quest.name.the_lost_backpack,Quest names,64,失落的背包
01938,quest.desc.we_lost_contact_with_two_hunters_it,Quest descriptions,1024,我們與兩名獵人失去了聯繫。看來他們是在森林裏遭到襲擊的。\n根據最新情報，其中一人留在了森林裏，另一人逃到了臨時營地。\n總之我覺得他們活下來的概率微乎其微。趕在強盜發現前找到他們的屍體，把他們的裝備帶給我。
01939,quest.name.survivalist_makeshift_camp_p_1,Quest names,64,砥礪求生：臨時營地（第 1 階段）
01940,quest.desc.ready_to_test_your_limits_again_are,Quest descriptions,1024,再次挑戰極限，準備好了沒？
01941,quest.name.survivalist_makeshift_camp_p_2,Quest names,64,砥礪求生：臨時營地（第 2 階段）
01942,quest.desc.i_don_t_think_you_can_make_it_this_time,Quest descriptions,1024,我覺得你這次撐不下來的。
01943,quest.desc.we_detected_movement_in_the_makeshift,Quest descriptions,1024,我們發現臨時營地裏有強盜活動。去獵殺他們吧。
01944,quest.name.the_missing_group_p_1,Quest names,64,失蹤小隊
01945,quest.desc.hey_hunter_ni_finished_analyzing_the,Quest descriptions,1024,嘿，獵人！\n我已經分析完文檔了。有很多圖畫都跟奇怪的紫色水晶有關，看方向好像在沼澤裏面。\n這些檔案好像跟科學數據完全搭不上邊，我不知道是怎麼回事。我派了一隊人去沼澤看看，但與他們失去了聯繫。\n我們知道他們最後的位置，但我有一種不好的預感。與外面的人失去聯繫，你就已經知道會是怎麼回事了...\n前往沼澤他們最後的已知位置，也許你會有所發現。
01946,quest.objective.find_the_missing_group,Quest objectives,128,尋找失蹤車隊
01947,quest.name.the_missing_group_p_2,Quest names,64,沼澤狩獵
01948,quest.desc.damn_it_na_few_reports_have_come_in,Quest descriptions,1024,可惡！\n有偵察兵報告發現了一種異常兇猛的野獸。或者說得再準確點，他們說看到自己的同伴被它撕成碎片。\n看來這支小隊碰上它了。\n它很可能還在沼澤裏。我不強求你冒這麼大風險。但如果你能幹成這事，我必有厚賞。\n祝你好運，獵人！
01949,quest.objective.kill_the_monster,Quest objectives,128,殺死怪物
01950,quest.name.stylish_one,Quest names,64,時髦帥仔
01951,quest.desc.have_you_been_to_the_mall_yet_in_any,Quest descriptions,1024,你去過商場了嗎？不管怎樣，你一定知道有個很難對付的傢伙在那裏面徘徊。\n總之他的護甲可謂刀槍不入。如果你殺他幾次，我就給你一件。
01952,quest.name.secret_documents,Quest names,64,絕密檔案
01953,quest.desc.hey_the_bartender_told_me_about_you,Quest descriptions,1024,喂！酒保把你的事跟我說了。看來你是支潛力股啊。好吧，那我就要看看你有多大能耐了。\n有夥強盜不久前佔領了森林深處的村莊。他們好像比一般的強盜更有組織更厲害，你得小心點了。\n我要你做的是從村莊裏的一具屍體上取回檔案。它應該在村北的某棟房子外面。\n我們不知道確切的位置，沒法給你的地圖做標記，你得自己去找。\n祝你好運！
01954,quest.objective.retrieve_documents_located_in_the,Quest objectives,128,取回村莊裏的檔案
01955,quest.name.the_old_man,Quest names,64,老人
01956,quest.desc.this_is_more_of_a_personal_favour_than,Quest descriptions,1024,這與其說是任務，不如說是個人恩怨。\n核電站爆炸後，我們接到命令疏散周邊所有地區，而森林裏有個叫伊戈爾的老東西，不想離開他的家，仗着有把破槍對我的人蹬鼻子上臉。\n現在我們有幾個人駐紮在森林裏，我不想讓伊戈爾干擾他們的行動，所以請你照顧一下他。\n這應該沒什麼難度，他只是個瘸腿的老登。
01957,quest.objective.kill_igor,Quest objectives,128,殺死伊戈爾
01958,quest.name.sawmill_p_1,Quest names,64,鋸木廠行動（第 1 階段）
01959,quest.desc.since_you_were_successful_with_the,Quest descriptions,1024,你上次的任務很成功，我想給你提供一份類似的工作。\n這次的目的地是森林裏的鋸木廠。遺憾的是我們不知道它的確切位置，但看地圖應該就能找到，那應該是個灰色的長方形。\n不必使用武力，你只需要去調查一下。抵達鋸木廠就算完成任務了。
01960,quest.objective.approach_the_sawmill,Quest objectives,128,抵達鋸木廠
01961,quest.name.retaliation,Quest names,64,以牙還牙
01962,quest.name.sawmill_p_2,Quest names,64,鋸木廠行動（第 2 階段）
01963,quest.desc.ok_looks_like_the_sawmill_is_currently,Quest descriptions,1024,好吧，看來鋸木廠目前成了強盜的地盤。接下來我就解釋這次行動。\n廠裏面有一個裝有USB的保險箱，USB裝有對綠軍有利的信息。你所要做的就是取回它。\n免不了要殺些強盜，記得小心行事，獵人。也許他們人還不止這些。
01964,quest.objective.find_the_usb_drive_in_the_sawmill,Quest objectives,128,找到鋸木廠裏的USB
01965,quest.name.equipment_p_1,Quest names,64,整頓裝備（第 1 階段）
01966,quest.desc.hey_hunter_we_are_preparing_for_an,Quest descriptions,1024,嘿，獵人！我們正在爲一項重要任務做準備，裝備必須齊全。\n請你帶給我廢棄子彈和武器，好讓我的手下做好準備。
01967,quest.objective.find_250_scrap_ammo,Quest objectives,128,找到250個廢棄子彈
01968,quest.name.equipment_p_2,Quest names,64,整頓裝備（第 2 階段）
01969,quest.desc.you_seem_to_be_almost_as_good_at,Quest descriptions,1024,你好像很擅長取回物品啊，跟尋回犬有的一比。\n如果你找到優質彈藥，留着別賣，把它帶過來。
01970,quest.name.ghoul_destroyer_p_1,Quest names,64,消滅食屍鬼（第 1 階段）
01971,quest.desc.hey_hunter_nare_you_up_for_a_simple,Quest descriptions,1024,嘿，獵人！\n你準備好執行一項簡單的任務了嗎？那就是消滅食屍鬼，這算是最簡單的吧。
01972,quest.objective.kill_40_ghouls,Quest objectives,128,殺死40只食屍鬼
01973,quest.name.ghoul_destroyer_p_2,Quest names,64,消滅食屍鬼（第 2 階段）
01974,quest.desc.if_you_liked_the_last_work_you_will,Quest descriptions,1024,如果你喜歡上一份工作，那麼這一份也會得到你的青睞。\n地區的威脅越少越好。\n這工作不是非做不可，但會有豐厚的報酬。
01975,quest.name.the_lair,Quest names,64,尋找巢穴
01976,quest.desc.we_believe_that_there_is_a_ghoul_s,Quest descriptions,1024,我們認爲食屍鬼的巢穴隱藏在森林某處，可惜不知道確切位置，於是派了探險家進入森林找找看。\n找的人越多，我們就能越早找到，對吧？\n所以我請求你進入森林尋找，必須仔細探索才能找到。\n找到的時候就過去入口看一眼，然後回來彙報。
01977,quest.objective.find_the_ghoul_s_lair_in_the_forest,Quest objectives,128,找到森林裏的食屍鬼巢穴
01978,quest.name.destroy_the_ghoul_s_lair,Quest names,64,斬草除根
01979,quest.desc.bad_news_hunter_nwe_sent_a_team_to,Quest descriptions,1024,有個壞消息，獵人。\n我們派了一支小隊去搗毀食屍鬼的巢穴，但與他們失去了聯繫。\n聽說他們已經放置了炸藥，但後來出了問題。\n炸藥沒能爆炸，他們的結局也不太好...\n你看着是個狠角色，所以我想讓你負責這項工作。\n從我們的商人那裏買些炸藥，然後潛入巢穴。我不知道那邊有什麼。一定要小心。\n記住，安放炸藥後你只有一分鐘的時間離開。\n祝你好運，獵人！
01980,quest.objective.destroy_the_ghoul_s_lair,Quest objectives,128,搗毀食屍鬼的巢穴
01981,quest.name.cleaning_p_1,Quest names,64,清理門戶（第 1 階段）
01982,quest.desc.more_and_more_people_want_to_become,Quest descriptions,1024,想當獵人的人越來越多了。雖然從某個角度來看是我們的一大幸事，我們可以調派更多人手執行自殺任務，但有利也有弊，這些獵人只爲求財，肆意搶掠。\n把他們解決掉吧。但要小心，其他獵人可能也收到了同樣的任務...
01983,quest.objective.kill_15_bandits_in_the_forest,Quest objectives,128,在森林裏殺死15名強盜
01984,quest.name.cleaning_p_2,Quest names,64,清理門戶（第 2 階段）
01985,quest.name.more_bandits,Quest names,64,匪患猖獗
01986,quest.desc.hey_hunter_nwe_have_started_a_cleaning,Quest descriptions,1024,嘿，獵人！\n我們已經開始清理門戶了，正在努力消滅這片地區的強盜。\n你應該會對這樣的工作感興趣，準備好了沒有？
01987,quest.objective.kill_15_bandits_in_the_makeshift_camp,Quest objectives,128,在臨時營地裏殺死15名強盜
01988,quest.name.mark_a_working_truck,Quest names,64,定位能用的卡車
01989,quest.desc.we_have_noticed_that_there_is_a_fair,Quest descriptions,1024,我們注意到臨時營地裏有不少卡車。\n這正符合我們的需要。去臨時營地找一輛能用的，它們都在路上。\n找到後放置一個 GPS跟蹤器，你可以從我們的商人那裏買到。我的手下會負責之後的事。
01990,quest.objective.find_and_mark_a_working_truck,Quest objectives,128,找到並定位能用的卡車
01991,quest.name.always_in_the_way,Quest names,64,總有禍害
01992,quest.desc.did_you_enjoy_eliminating_the_hunters,Quest descriptions,1024,你喜歡消滅獵人嗎？\n但願如此，因爲我有新的任務給你。這次我希望你能消滅臨時營地的獵人。\n祝你好運！
01993,quest.name.motel_p_1,Quest names,64,汽車旅館探祕（第 1 階段）
01994,quest.desc.hey_hunter_nwe_know_that_in_the,Quest descriptions,1024,嘿，獵人！\n我們知道臨時營地裏有一家舊汽車旅館。\n它現在應該成了廢屋，但我想確認一下。你需要過去檢查一下入口，看看有沒有辦法進去。\n可惜我們不知道它確切的位置。但你過去後看看地圖應該很容易就能找到，應該是一片鋪設好的平整區域。
01995,quest.objective.find_the_motel,Quest objectives,128,找到汽車旅館
01996,quest.name.motel_p_2,Quest names,64,汽車旅館探祕（第 2 階段）
01997,quest.desc.well_hunter_like_you_said_the_motel,Quest descriptions,1024,好吧，獵人，就像你說的，車輛堵死了汽車旅館的入口。\n我告訴我的人搬開車輛進去。他們沒有發現什麼好東西。那裏似乎有食屍鬼出沒。\n他們還看到了一堆奇怪的肉塊，那些討厭的生物似乎就是從那裏出來的。\n不過要小心，我們不知道它們數量有多少。
01998,quest.objective.motel_infestation,Quest objectives,128,汽車旅館災害
01999,quest.name.weird_phenomena,Quest names,64,異常
02000,quest.name.weird_phenomena_p_1,Quest names,64,事出反常（第 1 階段）
02001,quest.desc.bunker_bodies_rescue,Quest descriptions,1024,你看到地堡入口處的那些屍體了吧，我們還不知道發生了什麼事。\n我們有些直升機在沼澤附近墜毀，既沒有發出求救也不是發生故障，只是無緣無故地墜毀了。\n當他們找到第一批屍體時，我們就知道這片地區出現了怪事。\n你看到屍體的情況了嗎？天哪，我從來沒見過這樣的。\n最近一架直升機墜毀在車輛無法進入的沼澤中間。救援行動很危險。\n你得去那裏看看能不能恢復直升機的飛行記錄儀。至於機組人員，我覺得無力迴天了...
02002,quest.objective.retrieve_the_flight_recorder,Quest objectives,128,拿回飛行記錄儀
02003,quest.name.preparing_for_battle,Quest names,64,整裝備戰
02004,quest.desc.helicopter_blackbox_infested,Quest descriptions,1024,通過直升機的黑匣子，我們獲悉機組人員在沼澤中發現了一種奇怪的紫色水晶。\n之後就發生了反常的輻射爆發。\n此水晶似乎位於沼澤村。倒黴的是那個地方到處都是食屍鬼，我們不久前封鎖了入口。\n我會試着組織隊伍來將這個村莊夷爲平地，爲此我們需要大量的資源。\n現在我們也正在緊鑼密鼓地蒐集資源。\n你也需要儘自己的一份力量，獵人。\n對了！別忘了伏特加！
02005,quest.name.clear_the_swamp,Quest names,64,沼澤掃蕩
02006,quest.desc.here_s_the_plan_hunter_nentering_the,Quest descriptions,1024,計劃如下，獵人。\n直接闖進被食屍鬼佔據的村莊無疑是找死。\n村莊只有一個入口，所以我們會試着用亮光引它們出來，行動必須在晚上進行。\n晚上 10 點到凌晨 3 點進入沼澤，我的手下會等你的。\n建議帶上自動武器或彈匣大點的霰彈槍，儘可能減少裝彈次數。\n最後一件事，在混戰中儘量別射中我的人，明白嗎？
02007,quest.objective.clear_the_swamp,Quest objectives,128,肅清沼澤
02008,quest.name.radioactive_meat,Quest names,64,輻射肉
02009,quest.desc.you_re_new_here_huh_nwell_i_m_always,Quest descriptions,1024,你是新來的吧？\n我一直在找人幫我研究。\n放心，酬勞少不了你的。\n很好！我需要一些生肉來進行實驗，我想看看輻射對當地動物羣造成了什麼樣的影響。
02010,quest.objective.find_10_raw_meat,Quest objectives,128,找到10塊生肉
02011,quest.name.strange_crystal_p_1,Quest names,64,奇特水晶（第 1 階段）
02012,quest.desc.i_don_t_know_how_much_you_have,Quest descriptions,1024,我不知道你探索得怎麼樣了，但你可能遇到過奇怪的水晶，它們出現在異常附近的地區。\n我們還不知道它們是什麼，但它們似乎是因爲核電站發出異常輻射而形成的。\n能拿到一些水晶就太好了，我等不及研究了！\n火水晶是森林裏最常見的，先把那些帶過來。
02013,quest.objective.find_3_fire_crystal,Quest objectives,128,找到3塊火水晶
02014,quest.name.strange_crystal_p_2,Quest names,64,奇特水晶（第 2 階段）
02015,quest.desc.great_hope_you_didn_t_get_burned,Quest descriptions,1024,很好！但願你沒被燒傷，獵人！哈哈！\n再給我帶些水晶吧。我會給你錢的！
02016,quest.objective.find_3_chemical_crystal,Quest objectives,128,找到3塊化學水晶
02017,quest.name.no_data,Quest names,64,杳無音信
02018,quest.desc.i_sent_one_of_my_scientists_into_the,Quest descriptions,1024,我派了一位科學家到森林裏研究異常，但我已經好幾個小時沒有收到他的消息了。\n情況不太妙的樣子，你去看看吧。他的位置將標記在地圖上。\n如果他死了，就拿走他屍體上的分析儀。
02019,quest.objective.retrieve_the_analyzer,Quest objectives,128,取回分析儀
02020,quest.name.movies,Quest names,64,電影疑雲
02021,quest.desc.hey_hunter_nsome_hunters_managed_to,Quest descriptions,1024,嘿，獵人！\n有些獵人拿到了影碟，而當我們搬到這裏時，沒有人想到帶影碟機和別的娛樂裝置...\n替我取回些東西，我就能爲這些絕望的人提供點樂子。
02022,quest.objective.find_8_ghoul_tentacles,Quest objectives,128,找到8只食屍鬼觸手
02023,quest.name.pelts_p_1,Quest names,64,研究毛皮（第 1 階段）
02024,quest.desc.hey_hunter_ni_have_a_number_of_very,Quest descriptions,1024,嘿，獵人！\n我有的是簡單的活要完成。\n我需要毛皮。那是很好的研究材料，外部輻射會被皮膚表層吸收。\n首先給我帶些兔皮，它們在所有地圖上都很常見。
02025,quest.objective.find_5_rabbit_pelts,Quest objectives,128,找到5張兔皮
02026,quest.name.pelts_p_2,Quest names,64,研究毛皮（第 2 階段）
02027,quest.desc.good_now_you_need_to_fight_a_bit_nif,Quest descriptions,1024,很好！現在你要稍微打一場了。\n如果你發現有狼落單並且逃跑，那它很可能會去附近的狼羣。務必小心移動。
02028,quest.objective.find_10_wolf_pelts,Quest objectives,128,找到10張狼皮
02029,quest.name.body_parts_p_1,Quest names,64,身體部位（第 1 階段）
02030,quest.desc.ok_hunter_the_meat_samples_you_brought,Quest descriptions,1024,好吧，獵人！你給我帶來的生肉樣本，體現了輻射引起的基因變異。\n我需要深入研究，給我帶來野豬和食屍鬼的身體部位吧。
02031,quest.objective.find_5_boar_tusks,Quest objectives,128,找到5個野豬牙
02032,quest.name.body_parts_p_2,Quest names,64,身體部位（第 2 階段）
02033,quest.desc.good_would_you_be_willing_to_go_into,Quest descriptions,1024,很好！你願意進入更高級的區域嗎？\n我需要蜘蛛和亮爪怪的身體部位。工業區就有，但在沼澤更容易找到。
02034,quest.desc.mall_guy_intro,Quest descriptions,1024,你肯定已經見過那個在商場閒逛的傢伙了！\n一個猛男，對不對？他那身護甲真是讓人印象深刻。
02035,quest.desc.bunker_bodies_green_army,Quest descriptions,1024,你應該注意到了地堡入口處的那些屍體。\n綠軍有幾架直升機在沼澤失事，其間沒有呼救，也沒有報告故障，莫名其妙就墜毀了。\n找到第一批屍體時，我們意識到那裏發生了非常可怕的事情。\n你看到屍體的慘狀了嗎？天哪，我從來沒見過這樣的。\n現在又有一架直升機墜毀了。如果你動作夠快，也許能趕在綠軍之前到達那裏，拿到飛行記錄儀。
02036,quest.desc.good_job_hunter_nnow_we_should_be_able,Quest descriptions,1024,幹得漂亮，獵人！\n現在我們應該能接收到周邊區域的無線電信號了。\n你在臨時營地時可能注意到了那座舊火車站，。核電站爆炸後，綠軍疏散期間曾用它運送物資，沒多久就因輻射被迫撤離。\n如今火車站落入了強盜手裏。那裏早被搜刮一空了，本來不用搭理他們，但那是通往工業區和其他地圖的唯一要道。\n想過去就得肅清車站，不用趕盡殺絕，幹掉那片的地頭蛇奧廖爾就行。\n解決他之後，這幫人絕對不敢再攔路。\n完事後綠軍估計會派些新任務，記得去找阿爾特莫維奇談談。
02037,quest.desc.hmm_the_key_is_ruined_but_i_think_it,Quest descriptions,1024,嗯……鑰匙壞了，不過估計還能用。\n保險起見先多配幾把，萬一弄丟了還能找我買。想必你已經清楚此怎麼做了，我不清楚實驗室裏有什麼，更不知道具體要找什麼，總之目標是找到能打通核電站道路的情報。\n目前通往商場的鐵路被淹了，以前可不是這樣。\n八成是爆炸發生後赤紅公司故意放的水，顯然想拖延時間重整旗鼓，不想讓外人靠近核電站周邊。\n臨時營地的實驗室曾受赤紅公司控制，裏面肯定有關鍵情報。\n祝你好運！
02038,quest.desc.heeeey_the_ghoul_slaughterer_is_back,Quest descriptions,1024,哇哦！食屍鬼殺手回來了！\n好了，獵人，是時候深入村莊，尋找更多關於水晶的信息了。\n多加小心。
02039,quest.desc.radio_station_noticed,Quest descriptions,1024,你一定注意到了廣播站裏的建築，那是深紅公司的舊實驗室。\n實驗室入口被鎖住了，你需要門禁卡才能進去。我的朋友馬拉特·洛吉諾夫搞到了一張壞掉的，我們也許能修好它，或者複製一張。\n馬拉特在工業區西北角的列車墳場有一個小基地。我已經好幾天沒收到他的消息了，不過這也是常有的事。\n去工業區找他，把門禁卡帶回來。
02040,quest.desc.strange_electrical_anomalies_you_say,Quest descriptions,1024,你說奇怪的閃電異常？該死！\n我們必須修復那個無線電塔，獵人，它可以讓我們獲取周邊地區的訊息。\n不要擔心異常，我相信只要是會動的東西都可以被殺死。\n咳咳，我會給你準備好修理箱。\n祝你好運！
02041,quest.name.the_radio_tower,Quest names,64,無線電塔
02042,quest.desc.it_is_time_to_repair_the_radio_tower,Quest descriptions,1024,是時候修復臨時營地的無線電塔了。\n首先，我想請你檢查一下無線電臺。你可能已經注意到地區裏那些奇怪的電異常。\n好消息是它們能被殺死就對了。\n你需要做的是找到無線電塔的位置，在地圖上應該很容易找到，那是一片鋪設好的平整區域，然後檢查入口。\n看看那些奇怪的異常是否仍然存在。
02043,quest.objective.locate_the_radio_tower,Quest objectives,128,尋找無線電塔
02044,quest.name.necessary_components,Quest names,64,必要元件
02045,quest.desc.we_need_some_electronic_equipment_so,Quest descriptions,1024,我們需要電子裝置，囤得越多越好。\n目前我們仍在檢查天線，但我們已經注意到有些電線損壞了，需要把它們換掉。給我帶些新的過來。
02046,quest.objective.find_8_wires,Quest objectives,128,找到8根電線
02047,quest.name.upgrade,Quest names,64,逐步升級
02048,quest.desc.are_you_in_for_a_hunt_for_electrical,Quest descriptions,1024,你要去找找電子元件嗎？\n我們急需零件升級站點。
02049,quest.objective.fix_the_radio_tower,Quest objectives,128,修復無線電塔
02050,quest.desc.looks_like_those_anomalies_are_still,Quest descriptions,1024,看起來那些異常還在廣播站裏。\n好吧，獵人，你得殺出一條路來。\n你需要做的是修理外面的無線電塔。那是一座紅白相間橫條紋的高塔。\n別忘了在我這買修理包！
02051,quest.name.medikit,Quest names,64,醫療包短缺
02052,quest.desc.hey_hunter_ni_m_running_low_on,Quest descriptions,1024,嘿，獵人！\n我醫療包不夠了。狩獵期間爲我找些吧。\n放心，我會給你報酬的。
02053,quest.objective.find_15_scrap_med,Quest objectives,128,找到15個廢棄醫療包
02054,quest.name.tons_of_meds,Quest names,64,大量醫療包！
02055,quest.desc.listen_hunter_there_s_always_a_need,Quest descriptions,1024,聽好了，獵人。這裏總有人要用醫療包。如果你想要再給我帶一些，我保證會給你豐厚的報酬。
02056,quest.objective.find_50_scrap_med,Quest objectives,128,找到50個廢棄醫療包
02057,quest.name.radiation_effect,Quest names,64,輻射效應
02058,quest.desc.i_would_like_to_examine_the_effect_of,Quest descriptions,1024,我想檢查輻射對人體的影響。\n爲此，我需要有人願意吸收大量輻射並向我報告症狀。\n別跟我甩臉色，獵人。我沒有強求你這樣做，但這是一件簡單的活計，我也會給你報酬。\n你的輻射水平要達到橙色。
02059,quest.objective.reach_orange_lvl_of_radiation,Quest objectives,128,輻射水平達到橙色
02060,quest.name.laboratory_p_1,Quest names,64,實驗室探險（第 1 階段）
02061,quest.desc.radio_station_offer,Quest descriptions,1024,你在廣播站肯定看到了那邊的大樓，甚至試過進去吧。\n有風聲說那是深紅公司的舊實驗室。\n入口是鎖着的，你需要用門禁卡進去。只可惜我們都沒有。我也不覺得深紅公司會把門禁卡拱手相送。\n所以我派了手下馬拉特·洛金諾夫去找鑰匙。他好像發現了一張壞的，但我們或許能把它修好或是複製出新的。\n他在工業區執行任務，在那邊西北部廢棄的貨車堆裏有一個小基地。我已經好幾天沒有收到他的消息了。這種事時有發生。\n去工業區找到他，然後給我鑰匙。
02062,quest.objective.find_the_laboratory_key,Quest objectives,128,找到實驗室鑰匙
02063,quest.name.laboratory_p_2,Quest names,64,實驗室探險（第 2 階段）
02064,quest.desc.so_marat_is_dead_man_he_was_good_at,Quest descriptions,1024,原來馬拉特死了？唉，他明明是這一行的高手。\n還好你找回的鑰匙保管得不錯。\n沒有好到能用的地步，但我們可以複製出新的。\n目前我們沒有必要的裝置，但如果你給我帶幾樣東西，我們就能修好它。
02065,quest.objective.find_3_cpus,Quest objectives,128,找到3個CPU
02066,quest.name.laboratory_p_3,Quest names,64,實驗室探險（第3階段）
02067,quest.desc.great_hunter_nnow_i_can_make_a_copy_of,Quest descriptions,1024,太好了，獵人！\n現在我可以複製實驗室的門禁卡了。\n這不是三兩下的事兒，但明天早上應該能搞定，到時你可以找我買。\n有了鑰匙，你就得進入實驗室了。\n沒人知道里面有什麼，所以要小心。我還建議你帶上手電筒，那裏面會漆黑一片。\n進去後要好好探索一下，試着回收樣本。雖說我不知道那會是什麼樣的，但我相信你看到後就明白了。\n祝你好運，獵人！
02068,quest.objective.explore_the_laboratory,Quest objectives,128,探索實驗室
02069,quest.name.eyes_everywhere,Quest names,64,安插眼線
02070,quest.desc.so_you_want_to_do_some_missions_for,Quest descriptions,1024,那麼你想爲深紅公司效力嗎？\n好吧，讓我們從簡單的事情做起。你知道我們與綠軍一向不和，所以我們需要摸清他們的意圖。\n從我這買個監控攝像頭，把它安置在零希沃特地堡的綠軍總部。\n放書架上應該就可以了。
02071,quest.objective.place_the_cctv_camera,Quest objectives,128,放置監控攝像頭
02072,quest.name.cleanup,Quest names,64,剷除威脅
02073,quest.desc.nice_job_with_the_cctv_camera_hunter,Quest descriptions,1024,獵人，你的監控攝像頭安得太妙了！多虧了你，我們才知道他們在扎科夫的動向。\n現在是時候剷除部分威脅了，嘿嘿。\n殺死15名綠軍士兵。他們數量不多，在森林和臨時營地巡邏。只可惜我們不知道他們的具體位置，所以你必須自己找找看了。\n如果你爲我們完成這個任務，以後你就再也不用給通行費了。
02074,quest.objective.kill_15_green_army_soldiers,Quest objectives,128,殺死15名綠軍士兵
02075,quest.name.meat_for_igor,Quest names,64,給伊戈爾送些肉
02076,quest.desc.would_you_bring_me_10_pieces_of_raw,Quest descriptions,1024,可以帶10塊生肉給我嗎？\n我會記住你的恩情。
02077,quest.objective.collect_10_raw_meat,Quest objectives,128,蒐集10塊生肉
02078,quest.name.materials,Quest names,64,蒐集材料
02079,quest.desc.hey_hunter_ni_can_t_take_you_past_the,Quest descriptions,1024,嘿，獵人！\n部分鐵路需要修理。我不能帶你通過臨時營地。\n我們在盡力了。但有你幫忙的話進度會更快。\n把這些物品帶給我，然後我們就把壞掉的鐵路修好。
02080,quest.objective.collect_40_scrap_material,Quest objectives,128,蒐集40個廢棄材料
02081,quest.name.documents_p_1,Quest names,64,貴重檔案（第 1 階段）
02082,quest.desc.one_of_our_hunters_and_my_personal,Quest descriptions,1024,我們的一位獵人和我自己的朋友正在執行一項特殊任務，目標是找到貴重檔案的位置。\n他進入臨時營地後，我們失去了聯繫，幸運的是我們知道他最後出現的位置。\n去臨時營地看看他的情況。\n我希望他還活着...
02083,quest.objective.find_the_missing_hunter,Quest objectives,128,找到失蹤獵人
02084,quest.name.documents_p_2,Quest names,64,貴重檔案（第 2 階段）
02085,quest.desc.so_he_s_dead_may_he_rest_in_peace_nthe,Quest descriptions,1024,原來他死了...願他安息。\n好消息是他找到了檔案的位置，他筆記上寫的好像是森林村莊的警察局。\n壞消息是你必須殺一條血路進去。你知道那裏駐紮着更有組織的強盜。\n檔案應該在保險箱裏。進入警察局後記得找找看。\n祝你好運，獵人！
02086,quest.objective.retrieve_the_documents,Quest objectives,128,取回檔案
02087,quest.objective.find_the_crystal_in_the_swamp,Quest objectives,128,尋找沼澤水晶
02088,quest.name.inspect_the_village,Quest names,64,偵察村莊
02089,quest.name.clear_the_way,Quest names,64,掃清道路
02090,quest.name.the_war,Quest names,64,戰爭
02091,quest.name.the_missing_spy,Quest names,64,失蹤內鬼
02092,quest.name.the_sewers,Quest names,64,下水道
02093,quest.name.trucks_and_generator,Quest names,64,卡車和發電動馬達
02094,quest.name.mall_s_outpost,Quest names,64,商場前哨站
02095,quest.name.new_equipment,Quest names,64,新裝備
02096,quest.name.mall_scouting,Quest names,64,商場偵察
02097,quest.name.revenge_for_igor,Quest names,64,爲伊戈爾復仇
02098,quest.name.monitoring_p_1,Quest names,64,監視
02099,quest.name.building_an_outpost,Quest names,64,建立前哨站
02100,quest.name.the_cctv_camera,Quest names,64,監控攝像頭
02101,quest.name.lost_informations,Quest names,64,遺失信息
02102,quest.name.eliminate_the_assassins,Quest names,64,幹掉殺手
02103,quest.name.monitoring_p_2,Quest names,64,天羅地網
02104,quest.name.find_the_cctv_cameras,Quest names,64,尋找監控攝像頭
02105,quest.name.the_key_to_the_laboratory,Quest names,64,實驗室門禁卡
02106,quest.name.high_profile_targets,Quest names,64,重點打擊
02107,quest.name.retrieve_the_briefcase,Quest names,64,取回公事包
02108,quest.name.supplies_for_igor,Quest names,64,幫助伊戈爾
02109,quest.name.the_crystal,Quest names,64,水晶
02110,quest.name.raid_the_outpost,Quest names,64,突襲前哨站
02111,quest.name.eliminate_the_spy,Quest names,64,剷除內鬼
02112,quest.name.the_lab,Quest names,64,實驗室
02113,quest.name.green_army_outpost,Quest names,64,綠軍前哨站
02114,quest.name.surprise_assault,Quest names,64,意外襲擊
02115,quest.name.oh_no_not_again,Quest names,64,哦，不...怎麼又是這個！
02116,quest.name.find_the_hunter,Quest names,64,尋找獵人
02117,quest.name.the_motel_p_1,Quest names,64,汽車旅館
02118,quest.desc.bandits_continue_to_assault_the_train,Quest descriptions,1024,森林地區的匪幫一直在襲擊列車，讓我們無法前往臨時營地。\n去給那些傢伙找點麻煩，我相信這樣會讓他們消停一段時間。\n任務完成後，我會讓你進入綠軍控制的地堡區。阿爾捷莫維奇大概看不上你這樣的毛頭小子，但至少你可以和他們交易。
02119,quest.desc.well_done_hunter_nnow_that_we_have,Quest descriptions,1024,幹得好，獵人！\n是時候去確定一下臨時營地的舊廣播站到底還能不能用了。\n我們不知道它的具體座標，但在地圖上很容易找到它。\n我要你去那裏看看情況，然後回來報告。如果遇到異常或怪物，你不必與它們交戰。
02120,quest.desc.helicopter_blackbox_loot,Quest descriptions,1024,通過直升機的飛行記錄儀，我們得知機組人員在沼澤的村莊裏發現了奇怪的紫色水晶。之後他們遭遇了一次異常的輻射爆發。\n好消息和壞消息，獵人...壞消息是村莊裏有大量食屍鬼，你一個人根本處理不了。好消息是我聯繫了綠軍，他們對肅清村莊尋找水晶有些興趣。\n計劃是這樣的。這個村莊只有一個出入口，所以我們可以在夜間用探照燈把食屍鬼全都引誘出來。\n10點至3點間前往沼澤，一隊綠軍士兵會在那裏等你，記得帶上一把好槍。\n祝你好運，獵人！
02121,quest.desc.bunker_intro_alt,Quest descriptions,1024,嗨，陌生人，歡迎來到零希沃特地堡。\n不知道你是爲了什麼來到這裏，說實話我也不在乎。\n並不是針對你，只是這裏出去過太多新面孔，而只有很少一部分能回來，所以我現在就不浪費時間去記住你的長相了。\n先讓我們看看你能幹點兒什麼...
02122,quest.desc.ah_as_i_thought_nthe_railroad_was,Quest descriptions,1024,和我想的一樣...深紅公司利用沼澤下水道里的舊排水系統把鐵路給淹了，真聰明。\n你要做的就是進入下水道，關閉控制閥門。\n祝你好運，獵人！
02123,quest.desc.very_good_hunter_i_didn_t_expect_you,Quest descriptions,1024,幹得好，獵人！我甚至都沒想到你能活着回來！\n我有另一項工作給你。匪幫佔領森林裏的村莊時，我的一個朋友落下了一件非常貴重的物品。\n那玩意兒應該在村莊東南角的院子裏，去把它拿回來。
02124,quest.desc.thanks_to_the_radio_tower_we,Quest descriptions,1024,多虧了無線電塔，我們截獲了深紅公司的訊息，看來他們和當地政府達成了新的協議。\n難以置信！我真的很想欣賞一下阿爾捷莫維奇聽到這件事時的表情。他費盡千辛萬苦把那些傢伙趕走，而現在卻要眼睜睜看着他們捲土重來。\n深紅公司的人似乎是乘船來的，準備停靠在工業區的港口。有獵人報告說那裏遊蕩着大量的食屍鬼。阿爾捷莫維奇只能寄望於他們一下船就栽在食屍鬼手裏。\n現在看你的了，獵人。如果你願意，你可以處理掉食屍鬼，讓深紅公司登陸來到地堡。\n你需要在兩艘廢船之間的主船塢放置一個 GPS定位器。
02125,quest.desc.great_hunter_nnow_that_we_have_access,Quest descriptions,1024,太好了，獵人！\n現在我們可以前往商場了。你得四處轉轉，找出那些商店的位置，沒問題吧？\n什麼？\n這活你熟得很？我不明白.\n..算了，趕緊動身吧。
02126,quest.desc.haha_great_hunter_nthe_plan_worked,Quest descriptions,1024,哈哈！幹得好呀，獵人！\n計劃圓滿成功！現在我們要做的就是探索村莊並找到紫色水晶。\n村裏應該還剩下一些食屍鬼，那些對你來說應該是小菜一碟。
02127,quest.objective.inspect_the_swamp_village,Quest objectives,128,村莊
02128,quest.desc.ok_hunter_first_job_for_you_nthe_green,Quest descriptions,1024,很好，獵人！準備好執行任務了嗎？\n綠軍還不知道你現在是深紅公司的人，我們必須利用這個機會。\n去他們的地堡區，在阿爾捷莫維奇那裏放置一個攝像頭。\n試着把它藏在架子裏。
02129,quest.desc.my_leg_is_still_not_fully_healed,Quest descriptions,1024,我的腿傷還沒有好透，只能靠着對森林的熟悉勉強在這裏活下去。\n你能給我些藥物和繃帶嗎？
02130,quest.desc.hey_hunter_nlisten_i_have_a_big_favor,Quest descriptions,1024,嗨，獵人！\n我有個難以啓齒的請求...\n射傷我腿的那個綠軍士兵叫波格丹諾夫。這個該死的混蛋必須付出代價.\n..他在臨時營地，你知道我想要你做什麼...\n謝謝你，獵人。
02131,quest.desc.oh_oh_can_you_do_something_for_mr_junk,Quest descriptions,1024,噢！噢！你能幫垃圾佬做件事嗎？\n現在格里戈里復活了，他一定很想要回他的戒指，可垃圾佬在來這裏之前把它藏在沼澤了。\n如果你爲垃圾佬取回戒指，他會賣給你一些寶貝！\n不！不！垃圾佬愛他的寶貝...不！噢！但更重要的是讓格里戈里開心。\n對！對！你把戒指給垃圾佬，他會賣給你一些寶貝！\n垃圾佬還會把他找到的這件漂亮衣服給你！
02132,quest.objective.retrieve_grigoriy_s_ring,Quest objectives,128,取回格里戈里的戒指
02133,quest.objective.type.quest_objective_type_kill_a,"Quest objective types, Kill A",160,幹掉位於[MAP_NAME]的[AMOUNT_TO_KILL]個[TARGET_TO_KILL]
02134,quest.objective.type.quest_objective_type_kill_b,"Quest objective types, Kill B",160,幹掉[AMOUNT_TO_KILL]個[TARGET_TO_KILL]
02135,quest.objective.type.quest_objective_type_contract,"Quest objective types, Contract",160,幹掉位於[MAP_NAME]的目標：[OBJECT_NAME]
02136,quest.objective.type.quest_objective_type_collect,Quest objective type：Collect,160,蒐集[AMOUNT_TO_COLLECT]個[ITEM_NAME]
02137,quest.objective.type.quest_objective_type_collect_weapon,Quest objective type：Collect Weapon,160,蒐集[AMOUNT_TO_COLLECT][ITEM_NAME]
02138,quest.objective.type.quest_objective_type_survive_a,Quest objective type：Survive A,160,成功從[MAP_NAME]撤離[AMOUNT_TO_SURVIVE]次
02139,quest.objective.type.quest_objective_type_survive_b,Quest objective type：Survive B,160,成功撤離[AMOUNT_TO_SURVIVE]次
02140,quest.objective.type.quest_objective_type_survive_exp_a,Quest objective type：Survive Exp A,160,成功從[MAP_NAME]撤離[AMOUNT_TO_SURVIVE]次，並獲得至少[EXP_REQUIRED]狩獵經驗
02141,quest.objective.type.quest_objective_type_survive_exp_b,Quest objective type：Survive Exp B,160,成功撤離[AMOUNT_TO_SURVIVE]次，並獲得至少[EXP_REQUIRED]狩獵經驗
02142,quest.objective.type.quest_objective_type_survive_money_a,Quest objective type：Survive Money A,160,成功從[MAP_NAME]撤離[AMOUNT_TO_SURVIVE]次，並獲得至少[MONEY_REQUIRED]盧布的等值戰利品
02143,quest.objective.type.quest_objective_type_survive_money_b,Quest objective type：Survive Money B,160,成功撤離[AMOUNT_TO_SURVIVE]次，並獲得至少[MONEY_REQUIRED]盧布的等值戰利品
02144,quest.objective.type.quest_objective_type_retrieve_analyzer_a,Quest objective type：Retrieve Analyzer A,160,從位於[MAP_NAME]的火焰異常附近取回分析儀
02145,quest.objective.type.quest_objective_type_retrieve_analyzer_b,Quest objective type：Retrieve Analyzer B,160,從位於[MAP_NAME]的大型火焰異常附近取回分析儀
02146,quest.objective.type.quest_objective_type_retrieve_analyzer_c,Quest objective type：Retrieve Analyzer C,160,從位於[MAP_NAME]的大型化學異常附近取回分析儀
02147,quest.objective.type.quest_objective_type_retrieve_analyzer_d,Quest objective type：Retrieve Analyzer D,160,從位於[MAP_NAME]的化學異常附近取回分析儀
02148,quest.objective.type.quest_objective_type_place_analyzer_a,Quest objective type：Place Analyzer A,160,在位於[MAP_NAME]的火焰異常附近放置分析儀
02149,quest.objective.type.quest_objective_type_place_analyzer_b,Quest objective type：Place Analyzer B,160,在位於[MAP_NAME]的大型火焰異常附近放置分析儀
02150,quest.objective.type.quest_objective_type_place_analyzer_c,Quest objective type：Place Analyzer C,160,在位於[MAP_NAME]的大型化學異常附近放置分析儀
02151,quest.objective.type.quest_objective_type_place_analyzer_d,Quest objective type：Place Analyzer D,160,在位於[MAP_NAME]的化學異常附近放置分析儀
02152,quest.objective.type.quest_objective_type_retrieve_equipment,Quest objective type：Retrieve Equipment,160,取回位於[MAP_NAME]的裝備
02153,ui.no_ammo_reload,"User Interface, player reload",160,缺少彈藥[ITEM_NAME]
02154,ui.extract_time,"User Interface, extract time",128,在[TIME_REMAINING]秒後撤離
02155,crafting.crafted_items,"User Interface, crafting",128,已製作[ITEM_NAME]x[ITEM_AMOUNT]
02156,ui.repaired_items,"User Interface, repair",128,已將[ITEM_NAME]修復至[ITEM_DURABILITY]% 
02157,faction.you_have_joined_a_faction,"User Interface, joined faction",128,你已加入[FACTION_NAME]
02158,ui.reputation_level_required,"User Interface, reputation required",128,你的聲望必須達到[REPUTATION_MINIMUM]
02159,quest.quest_accepted,"User Interface, quest accepted",128,已接受任務：[QUEST_NAME]
02160,item.item_added_to_inventory,"User Interface, item added to inventory",128,[ITEM_QUANTITY]x[ITEM_NAME]已添加到儲藏中
02161,skill.level_up_skill,"User Interface, level up skill",64,[SKILL_NAME]達到[SKILL_LEVEL]級
02162,controls.menu.change_ammo,Controls menu,48,切換彈藥
02163,controls.menu.move_up,Controls menu,48,向上移動
02164,controls.menu.move_down,Controls menu,48,向下移動
02165,controls.menu.move_right,Controls menu,48,向右移動
02166,controls.menu.move_left,Controls menu,48,向左移動
02167,controls.menu.run,Controls menu,48,奔跑
02168,controls.menu.open_close_inventory,Controls menu,48,打開/關閉儲藏
02169,controls.menu.reload,Controls menu,48,換彈
02170,controls.menu.torch_on_off,Controls menu,48,手電筒開/關
02171,controls.menu.laser_on_off,Controls menu,48,雷射開/關
02172,controls.menu.headset_on_off,Controls menu,48,頭戴裝置開/關
02173,controls.menu.open_device,Controls menu,48,打開個人終端
02174,controls.menu.open_map,Controls menu,48,打開地圖
02175,controls.menu.throw_bolt,Controls menu,48,投擲螺栓
02176,controls.menu.switch_auto_semi,Controls menu,48,切換自動/半自動
02177,controls.menu.close_up_of_the_weapon,Controls menu,48,檢視武器
02178,controls.menu.teleport_to_npc,Controls menu,48,傳送到NPC
02179,controls.menu.fix_weapon_jam,Controls menu,48,修復武器卡殼
02180,controls.menu.quick_slot,Controls menu,48,快捷欄位[SLOT_NUMBER]
02181,steam.cloud.delete_cloud_saves,"User Interface, cloud saves",64,刪除雲存檔
02182,difficulty.menu.hunter_difficulty_text,Difficulty menu,128,死亡時將丟失物品欄內的所有物品……\n完畢。\n祝你玩得開心。
02183,difficulty.menu.survivor_difficulty_text,Difficulty menu,750,此難度適合有一定經驗且追求適度挑戰的玩家。\n資源與物資不再充裕，迫使玩家更有策略地規劃消耗；\n敵人攻擊性更強且傷害更高，戰鬥時需要更加謹慎並講究戰術；\n角色生命值上限降低，容錯率更低。
02184,difficulty.menu.rookie_difficulty_text,Difficulty menu,750,此難度專爲初次接觸《ZERO Sievert》或偏好輕鬆體驗的玩家設計。\n彈藥、食物與醫療用品等資源隨處可見；\n敵人傷害較低，能在無壓力的情況下熟悉機制並探索世界；\n角色生命值上限提升，容錯率更高。
02185,settings.video.fog_of_war_field_of_view,Video settings,64,戰爭迷霧視野盲區
02186,settings.video.grass_sway,Video settings,64,草叢晃動
02187,settings.video.fog_of_war,Video settings,64,戰爭迷霧
02188,settings.video.fog_of_war_alpha,Video settings,64,戰爭迷霧透明度
02189,settings.video.grass_amount,Video settings,64,草叢密度
02190,settings.video.low_spec,Video settings,64,低配模式
02191,settings.video.fog_rain_particles,Video settings,64,霧/雨粒子效果
02192,settings.video.black_flashbang,Video settings,64,黑色閃光彈效果
02193,settings.video.fullscreen,Video settings,64,全屏
02194,settings.data.disclaimer_link,Data collection settings,64,免責聲明鏈接
02195,settings.settings_game_analytics,Settings titles,64,設定 - 遊戲分析
02196,settings.settings_resolution,Settings titles,64,設定 - 解析度
02197,settings.settings_audio,Settings titles,64,設定 - 音頻
02198,settings.settings_controls,Settings titles,64,設定 - 控制
02199,settings.settings_video,Settings titles,64,設定 - 影片
02200,settings.settings_gameplay,Settings titles,64,設定 - 玩法
02201,settings.settings_devices,Settings titles,64,設定 - 裝置
02202,settings.settings_languages,Settings titles,64,設定 - 語言
02203,settings.audio.heartbeat,Audio settings,64,心跳
02204,settings.audio.music,Audio settings,64,音樂
02205,settings.resolution.screen_resolution_warning,Resolution settings,750,在全屏模式下，遊戲將始終縮放爲顯示器的默認解析度。\n由於遊戲採用像素風格，解析度更改僅在窗口模式下生效。
02206,settings.data_collection,Settings,64,數據收集
02207,difficulty.menu.equipment_1,Difficulty menu,64,裝備 1
02208,difficulty.menu.equipment_2,Difficulty menu,64,裝備 2
02209,difficulty.menu.equipment_3,Difficulty menu,64,裝備 3
02210,difficulty.menu.equipment_4,Difficulty menu,64,裝備 4
02211,difficulty.menu.equipment_5,Difficulty menu,64,裝備 5
02212,difficulty.menu.equipment_6,Difficulty menu,64,裝備 6
02213,difficulty.menu.skill_experience_multipler,Difficulty menu,64,技能經驗
02214,difficulty.menu.you_can_not_change_difficulty_settings,Difficulty menu,128,無法在主選單中更改難度設定
02215,steam.cloud.steam_cloud_warning,Steam cloud,512,此操作將刪除本機與雲端的所有存檔數據。\n各槽位內的物品、技能及任務進度都將丟失。\n確定要繼續嗎？
02216,menu.general.cancel,General menus,16,取消
02217,settings.gameplay.direct_input_devices,Gameplay settings,64,直接輸入裝置
02218,settings.gameplay.gamepad_devices,Gameplay settings,64,遊戲手把裝置
02219,settings.gameplay.toggle_sprint,Gameplay settings,64,切換衝刺
02220,settings.gameplay.food_drink_animation,Gameplay settings,64,食物/飲料動作
02221,settings.gameplay.item_overlay_timer,Gameplay settings,64,物品資訊面板延遲
02222,settings.gameplay.lost_focus_pause,Gameplay settings,64,後臺暫停遊戲
02223,controls.menu.close_up_of_weapon,Controls menu,64,檢視武器
02224,controls.menu.quick_slot_1,Controls menu,64,快捷欄位 1
02225,controls.menu.quick_slot_2,Controls menu,64,快捷欄位 2
02226,controls.menu.quick_slot_3,Controls menu,64,快捷欄位 3
02227,controls.menu.quick_slot_4,Controls menu,64,快捷欄位 4
02228,controls.menu.quick_slot_5,Controls menu,64,快捷欄位 5
02229,controls.menu.quick_slot_6,Controls menu,64,快捷欄位 6
02230,controls.menu.quick_slot_7,Controls menu,64,快捷欄位 7
02231,controls.menu.quick_slot_8,Controls menu,64,快捷欄位 8
02232,controls.menu.defaults,Controls menu,32,預設
02233,item.name.scientist_analyzer_forest,Item names or description,192,在森林中找到的科學家分析儀
02234,item.name.scientist_analyzer_makeshift_camp,Item names or description,192,在臨時營地找到的科學家分析儀
02235,item.name.lost_document_found_in_the_makeshift,Item names or description,192,在臨時營地找到的遺失檔案
02236,item.name.key_used_to_enter_the_laboratory_in,Item names or description,192,用於進入臨時營地實驗室的門禁卡
02237,item.name.single_use_key_used_to_open_the_locked,Item names or description,192,一次性鑰匙，可打開位於村莊警察局上鎖的房間
02238,item.name.key_used_to_access_the_turbine_room_in,Item names or description,192,用於進入商場地下輪機房的門禁卡
02239,item.name.immediate_use_of_food_and_drink_in_the,Item names or description,192,在地堡中顯示食物和飲料動畫
02240,item.name.lost_backpack_found_in_the_makeshift,Item names or description,192,在臨時營地找到的丟失背包
02241,item.name.key_used_to_access_the_secret,Item names or description,192,用於進入商場地下祕密撤離點的鑰匙
02242,item.name.scientist_analyzer_industrial_area,Item names or description,192,在工業區找到的科學家分析儀
02243,item.name.key_used_to_access_2nd_storage_room_of,Item names or description,192,用於進入石油工廠 2 號庫房的門禁卡
02244,item.name.lost_document_found_in_the_industrial,Item names or description,192,在工業區找到的遺失檔案
02245,item.name.key_used_to_access_the_office_room_in,Item names or description,192,用於進入商場地下室辦公室的鑰匙
02246,item.name.analyzer_found_near_a_big_chemical,Item names or description,192,在大型化學異常附近找到的分析儀
02247,item.name.key_used_to_access_the_turbine_room_of,Item names or description,192,用於進入石油工廠輪機房的門禁卡
02248,item.name.documents_found_in_the_motel,Item names or description,192,在汽車旅館找到的檔案
02249,item.name.single_use_key_used_to_enter_the_main,Item names or description,192,用於進入實驗室主房間的一次性門禁卡
02250,item.name.take_the_potion_pr,Item names or description,192,Take the Potion PR
02251,item.name.key_tech_store,Item names or description,192,用於進入商場數碼產品點上鎖房間的鑰匙
02252,item.name.time_required_for_the_overlay_showing,Item names or description,192,顯示物品資訊面板所需的時間
02253,item.name.analyzer_found_near_a_medium_fire,Item names or description,192,在中型火焰異常附近找到的分析儀
02254,item.name.single_use_key_used_to_enter_the,Item names or description,192,用於進入實驗室庫房的單次使用鑰匙
02255,item.name.the_guy_who_saved_me_from_that_strange,Item names or description,192,救我脫離那個奇怪水晶的人留下了這把鑰匙。也許我應該進一步調查
02256,item.name.scientiest_s_analyzer_found_in_the_mall,Item names or description,192,在商場找到的科學家分析儀
02257,item.name.single_use_key_used_to_access_the,Item names or description,192,用於進入商場槍店上鎖房間的一次性門禁卡
02258,item.name.analyzer_found_near_a_medium_chemical,Item names or description,192,在中型化學異常附近找到的分析儀
02259,item.name.key_used_to_access_1st_storage_room_of,Item names or description,192,用於進入石油工廠1號庫房的鑰匙
02260,item.name.use_this_item_to_build_lights,Item names or description,192,使用此物品設定燈光效果
02261,item.name.key_svaruski_store,Item names or description,192,用於進入商場 Skaruvksi 珠寶店上鎖房間的鑰匙
02262,item.name.scientiest_s_analyzer_found_in_the_swamp,Item names or description,192,在沼澤找到的科學家分析儀
02263,item.name.use_this_item_to_increase_your_storage,Item names or description,192,使用此物品後，儲藏頁 +1
02264,item.name.bread,Item names,48,麵包
02265,item.name.rotten_bread,Item names,48,變質的麵包
02266,item.name.butter,Item names,48,牛油
02267,item.name.canned_beans,Item names,48,豆子罐頭
02268,item.name.chips,Item names,48,薯片
02269,item.name.generic_cola,Item names,48,健怡可樂
02270,item.name.crackers,Item names,48,餅乾
02271,item.name.cup_of_coffee,Item names,48,咖啡
02272,item.name.cup_of_tea,Item names,48,茶
02273,item.name.egg,Item names,48,雞蛋
02274,item.name.boiled_egg,Item names,48,水煮蛋
02275,item.name.cooked_egg,Item names,48,煎蛋
02276,item.name.rotten_egg,Item names,48,變質的蛋
02277,item.name.energy_drink,Item names,48,能量飲料
02278,item.name.fruit_juice,Item names,48,果汁
02279,item.name.generic_chocolate,Item names,48,健怡巧克力
02280,item.name.hamburger,Item names,48,漢堡
02281,item.name.cooked_meat,Item names,48,熟肉
02282,item.name.milk,Item names,48,牛奶
02283,item.name.rotten_milk,Item names,48,變質的牛奶
02284,item.name.mre,Item names,48,軍用口糧
02285,item.name.pasta,Item names,48,義大利麵
02286,item.name.cooked_pasta,Item names,48,煮麵料理
02287,item.name.raw_meat,Item names,48,生肉
02288,item.name.molbaro_cigarette,Item names,48,莫寶路香菸
02289,item.name.red_wine,Item names,48,紅酒
02290,item.name.premium_chocolate,Item names,48,高品質的巧克力
02291,item.name.salami,Item names,48,薩拉米香腸
02292,item.name.rotten_salami,Item names,48,變質的薩拉米香腸
02293,item.name.sandwich_with_butter,Item names,48,牛油三明治
02294,item.name.sandwich_with_meat,Item names,48,夾肉三明治
02295,item.name.sandwich_with_salami,Item names,48,薩拉米香腸三明治
02296,item.name.sandwich_with_wurstel,Item names,48,德式香腸三明治
02297,item.name.stew_with_meat_and_bean,Item names,48,肉豆燉菜
02298,item.name.canned_fish,Item names,48,魚罐頭
02299,item.name.tushonka,Item names,48,燉肉罐頭
02300,item.name.vodka,Item names,48,伏特加
02301,item.name.bottle_of_water,Item names,48,瓶裝水
02302,item.name.bottle_of_rotten_water,Item names,48,一瓶髒水
02303,item.name.wolf_meat,Item names,48,狼肉
02304,item.name.wurstel,Item names,48,德式香腸
02305,difficulty.menu.tooltip.all_npcs_will_drop_their_armor_the,Difficulty menu tooltips,512,所有NPC都會掉落護甲，耐久取決於他們所受的傷害
02306,difficulty.menu.tooltip.factor_by_which_the_value_of_an_item,Difficulty menu tooltips,512,出售物品時價值所乘的倍率。\n例如：價值 100 盧布的物品，買入價爲 100 ，售出價爲[100x出售倍率]。
02307,difficulty.menu.tooltip.npc_service_price_factor,Difficulty menu tooltips,512,地堡中NPC提供各項服務的費用
02308,difficulty.menu.tooltip.hunt_reputation_factor,Difficulty menu tooltips,512,狩獵結束時獲得的經驗
02309,difficulty.menu.tooltip.single_item_per_container_factor,Difficulty menu tooltips,512,容器中每項物品所包含的數量
02310,difficulty.menu.tooltip.items_per_container_factor,Difficulty menu tooltips,512,容器中物品總數
02311,difficulty.menu.tooltip.trader_money_factor,Difficulty menu tooltips,512,商人的盧布數量
02312,difficulty.menu.tooltip.multiplier_whereby_all_items_sold_by,Difficulty menu tooltips,512,商人的商品數量
02313,difficulty.menu.tooltip.note_this_value_is_applied_only_to_the,Difficulty menu tooltips,512,此設定僅適用於玩家所受傷害
02314,difficulty.menu.tooltip.unused_npcs_will_always_drop_armor,Difficulty menu tooltips,512,無效，NPC 總會掉落護甲
02315,difficulty.menu.tooltip.upon_death_the_save_files_related_to,Difficulty menu tooltips,512,死亡時，相關的存檔將被刪除\n遊戲崩潰不會被視爲死亡
02316,difficulty.menu.tooltip.upon_death_you_lose_all_items_that_are,Difficulty menu tooltips,512,死亡時，你會失去所有不屬於上述類別的物品
02317,difficulty.menu.tooltip.upon_death_you_lose_all_the_ammunition,Difficulty menu tooltips,512,死亡時，你會失去儲藏中的所有彈藥
02318,difficulty.menu.tooltip.upon_death_you_lose_all_the_consumable,Difficulty menu tooltips,512,死亡時，你會失去儲藏中的所有消耗品
02319,difficulty.menu.tooltip.upon_death_you_lose_all_the_equipment,Difficulty menu tooltips,512,死亡時，你會失去所有裝備
02320,difficulty.menu.tooltip.upon_death_you_lose_all_the_keys_in,Difficulty menu tooltips,512,死亡時，你會失去儲藏中的所有鑰匙
02321,difficulty.menu.tooltip.upon_death_you_lose_all_the_medication,Difficulty menu tooltips,512,死亡時，你會失去儲藏中的所有醫療用品
02322,loadout.equipment.choose_your_equipment,Equipment setup,96,選擇你的裝備
02323,inventory.info.duration,Inventory info,12,生效時間
02324,inventory.info.wound,Inventory info,12,傷口
02325,inventory.info.durability,Inventory info,12,耐久
02326,inventory.info.caliber,Inventory info,12,口徑
02327,inventory.info.accuracy,Inventory info,12,精度
02328,inventory.info.fragility,Inventory info,12,易損
02329,inventory.info.mov_speed,Inventory info,12,移速
02330,inventory.info.mazagine,Inventory info,12,彈容
02331,inventory.info.radius,Inventory info,12,半徑
02332,inventory.info.throw_type,Inventory info,12,投擲
02333,inventory.info.type,Inventory info,12,類型
02334,inventory.info.damage,Inventory info,12,傷害
02335,inventory.info.weight,Inventory info,12,負重
02336,inventory.info.dur_burn,Inventory info,12,耐久損耗
02337,inventory.info.fire_rate,Inventory info,12,射速
02338,inventory.info.penetration,Inventory info,12,穿透
02339,inventory.info.melee,Inventory info,12,撕咬
02340,inventory.info.recoil,Inventory info,12,後坐
02341,inventory.info.class,Inventory info,32,等級
02342,inventory.info.reload_speed,Inventory info,24,換彈
02343,inventory.info.ergonomics,Inventory info,32,人體工學
02344,train.skin.anomaly,Train Skin Option Name,64,異常
02345,difficulty.modifier.sell_multiplier,Difficulty modifier names,72,售價係數
02346,difficulty.modifier.items_amount,Difficulty modifier names,72,物品數量
02347,difficulty.modifier.amount_of_single_item,Difficulty modifier names,72,單件物品數量
02348,difficulty.modifier.minimun_weapon_durability,Difficulty modifier names,72,武器最低耐久
02349,difficulty.modifier.maximun_weapon_durability,Difficulty modifier names,72,武器最高耐久
02350,difficulty.modifier.npcs_drop_armor,Difficulty modifier names,72,NPC掉落護甲裝備
02351,difficulty.modifier.npc_ammo_amount,Difficulty modifier names,72,NPC彈藥數量
02352,difficulty.modifier.traders_money,Difficulty modifier names,72,商人可用金額
02353,difficulty.modifier.price_weapon,Difficulty modifier names,72,價格：武器
02354,difficulty.modifier.price_armor,Difficulty modifier names,72,價格：護甲
02355,difficulty.modifier.price_backpack,Difficulty modifier names,72,價格：背包
02356,difficulty.modifier.price_ammo,Difficulty modifier names,72,價格：彈藥
02357,difficulty.modifier.price_medication,Difficulty modifier names,72,價格：藥品
02358,difficulty.modifier.character_health,Difficulty modifier names,72,角色生命值
02359,difficulty.modifier.minimum_transportable_weight,Difficulty modifier names,72,可攜帶物最低重量
02360,difficulty.modifier.hunger_thirst_decay_rate,Difficulty modifier names,72,飢餓/口渴感降低速率
02361,difficulty.modifier.reputation_multiplier,Difficulty modifier names,72,聲望係數
02362,difficulty.modifier.skill_experience_multiplier,Difficulty modifier names,72,技能經驗係數
02363,difficulty.modifier.reputation_from_quests,Difficulty modifier names,72,任務聲望
02364,difficulty.modifier.roubles_from_quests,Difficulty modifier names,72,任務盧布
02365,difficulty.modifier.items_from_quests,Difficulty modifier names,72,任務道具
02366,difficulty.modifier.service_price,Difficulty modifier names,72,服務費
02367,difficulty.modifier.human_health,Difficulty modifier names,72,人類生命值
02368,difficulty.modifier.human_damage_dealt,Difficulty modifier names,72,人類受到的傷害
02369,difficulty.modifier.mutant_health,Difficulty modifier names,72,變異生物生命值
02370,difficulty.modifier.mutant_damage_dealt,Difficulty modifier names,72,變異生物受到的傷害
02371,difficulty.modifier.lose_equipment,Difficulty modifier names,72,損失裝備
02372,difficulty.modifier.lose_ammo,Difficulty modifier names,72,損失彈藥
02373,difficulty.modifier.lose_medication,Difficulty modifier names,72,損失藥品
02374,difficulty.modifier.lose_consumable,Difficulty modifier names,72,損失可消耗物品
02375,difficulty.modifier.lose_keys,Difficulty modifier names,72,丟失鑰匙
02376,difficulty.modifier.lose_other_item,Difficulty modifier names,72,損失其他物品
02377,difficulty.modifier.perma_death,Difficulty modifier names,72,永久死亡
02378,settings.the_data_collected_is_used_to_help_the,Settings tooltips,512,收集的數據將用於幫助開發者基於社區統計進行遊戲平衡
02379,settings.volume_geiger,Settings tooltips,512,蓋格計數器的音量
02380,settings.low_spec_mode_reduces_the_number_of,Settings tooltips,512,減少視覺效果和粒子效果
02381,settings.flashbangs_hud_effect_is_black_instead,Settings tooltips,512,閃光彈效果爲黑色而非白色
02382,settings.this_setting_will_take_effect_only,Settings tooltips,512,此設定將在下次生成地圖時生效
02383,settings.volume_heartbeat,Settings tooltips,512,生命較低時心跳的音量
02384,stats.experience.rookie_hunter,Stat experience names,64,新手獵人
02385,stats.experience.intermediate_hunter,Stat experience names,64,中級獵人
02386,ui.skilled_hunter,"User Interface, exit screen",40,熟練獵人
02387,stats.experience.veteran_hunter,Stat experience names,64,資深獵人
02388,ui.master_hunter,"User Interface, exit screen",40,大師獵人
02389,stats.experience.legend_hunter,Stat experience names,64,傳奇獵人
02390,stats.experience.max_hunter,Stat experience names,64,終極獵人
02391,player.text.reloading,Player text,32,換彈...
02392,credits.development_team,Credits,64,開發團隊
02393,credits.production_babies,Credits,64,開發期間新生兒
02394,credits.publishing,Credits,64,發行
02395,credits.operations_director,Credits,64,運營總監
02396,credits.producer,Credits,64,製作人
02397,credits.pr_influencer_manager,Credits,64,公關與KOL經理
02398,credits.head_of_community,Credits,64,社區負責人
02399,credits.marketing_manager,Credits,64,市場經理
02400,credits.community_social_media_manager,Credits,64,社區與社交媒體經理
02401,credits.qa_manager,Credits,64,品質保證經理
02402,credits.ceo,Credits,64,首席執行官
02403,credits.community_player_experience_manager,Credits,64,社區與玩家體驗經理
02404,credits.creative_director,Credits,64,創意總監
02405,credits.production_director,Credits,64,製作總監
02406,credits.head_of_brand,Credits,64,品牌主管
02407,credits.marketing_director,Credits,64,市場總監
02408,credits.creative_manager,Credits,64,創意經理
02409,credits.senior_comms_manager,Credits,64,高級傳播經理
02410,credits.associate_producer,Credits,64,助理製作人
02411,credits.trailers_by,Credits,64,預告片製作
02412,credits.key_art_by,Credits,64,主視覺設計
02413,credits.qa_tester,Credits,64,品質保證測試員
02414,credits.development_manager,Credits,64,開發經理
02415,credits.senior_qa_tester,Credits,64,高級品質保證測試員
02416,credits.qa_project_manager,Credits,64,品質保證項目經理
02417,credits.qa_team_lead,Credits,64,品質保證團隊負責人
02418,credits.qa_testers,Credits,64,品質保證測試員
02419,credits.special_thanks,Credits,64,特別鳴謝
02420,credits.discord_moderation_team,Credits,64,Discord管理團隊
02421,credits.music_by,Credits,64,配樂
02422,credits.kickstarter,Credits,64,Kickstarter
02423,credits.i_sincerely_thank_all_659_people_who,Credits,64,由衷感謝此項目的 659 名支持者
02424,credits.special_thanks_go_to_splattercatgaming,Credits,64,特別鳴謝 SplatterCatGaming
02425,credits.tier_v_master_hunters,Credits,64,層級 V - 大師獵人
02426,credits.tier_iv_expert_hunters,Credits,64,層級 IV - 專家獵人
02427,credits.tier_iii_specialist_hunters,Credits,64,層級 III - 精英獵人
02428,credits.tier_ii_skilled_hunters,Credits,64,層級 II - 熟練獵人
02429,credits.tier_i_advanced_hunters,Credits,64,層級 I - 高級獵人
02430,credits.thank_you_for_playing,Credits,64,感謝遊玩！
02431,credits.pr_manager,Credits,64,公關經理
02432,credits.pr_exec,Credits,64,公關執行專員
02433,credits.brand_manager,Credits,64,品牌經理
02434,weapon.mod.ui.compatible_with,Weapons Mod UI,24,兼容
02435,weapon.mod.ui.stock,Weapons Mod UI,24,槍托
02436,weapon.mod.ui.barrel,Weapons Mod UI,24,槍管
02437,weapon.mod.ui.handguard,Weapons Mod UI,24,護木
02438,weapon.mod.ui.muzzle,Weapons Mod UI,24,槍口配件
02439,weapon.mod.ui.scope,Weapons Mod UI,24,瞄具
02440,weapon.mod.ui.attachment_1,Weapons Mod UI,24,配件 1
02441,weapon.mod.ui.attachment_2,Weapons Mod UI,24,配件 2
02442,weapon.mod.ui.attachment_3,Weapons Mod UI,24,配件 3
02443,weapon.mod.ui.attachment_4,Weapons Mod UI,24,配件 4
02444,weapon.mod.ui.attachments,Weapons Mod UI,24,配件
02445,weapon.mod.ui.grip,Weapons Mod UI,24,握把
02446,weapon.mod.ui.capacity,Weapons Mod UI,24,彈容
02447,weapon.mod.ui.view_distance,Weapons Mod UI,24,視距倍率
02448,weapon.mod.ui.mult_range,Weapons Mod UI,24,射程倍率
02449,inventory.sort.sort_price,Inventory Sorting UI,20,按價值
02450,inventory.sort.sort_weight,Inventory Sorting UI,20,按重量
02451,inventory.sort.sort_type,Inventory Sorting UI,20,按類型
02452,item.context.use,Item Context Usage,12,使用
02453,storage.stash.scrap,Stash page name,32,分解
02454,item.context.consume,Item Context Usage,12,使用
02455,item.context.unload,Item Context Usage,12,退出子彈
02456,item.needed_x_item_to_craft,Craftw item needed,64,需要[AMOUNT_REQUIRED]以製作[ITEM_NAME]
02457,quest.item.needed_x_for_quest,Quest item needed,64,需要[AMOUNT_REQUIRED]以完成“[QUEST_NAME]”
02458,misc.debug.you_are_stuck_hold_ctrl_and_press_wasd,Debug text,256,你被卡住了，按住[CTRL]以及[WASD]進行移動
02459,menu.pause.lose_progress_and_exit,Exit pause menu,64,放棄進度並退出
02460,item.desc.small_backpack,Item description,32,小背包
02461,item.desc.backpack,Item description,32,背包
02462,item.desc.creates_a_soft_light_in_the_direction,Item description,96,在武器彈道方向產生柔和的光
02463,item.desc.creates_a_soft_light_in_all_directions,Item description,96,在所有方向產生柔和的光
02464,item.desc.police_s_armor,Item description,64,警用護甲
02465,item.desc.hunter_s_armor,Item description,64,獵人護甲
02466,item.desc.explosive,Item description,32,爆炸物
02467,item.desc.land_mine,Item description,32,地雷
02468,item.desc.bolt_action,Item description,32,栓動
02469,item.desc.flashbang,Item description,32,閃光彈
02470,in_reference_to_the_analyzer.place,In reference to the analyzer and placing it down,16,放置
02471,steam.no_steam,When Steam is not connected,16,未連接至Steam
02472,when_cloud_saving_is_disabled.no_cloud,When cloud saving is disabled,16,無雲存檔
02473,map.generation.total_time,Map generation related,16,時長
02474,item.effect.sec,"Item effect description, means seconds",12,秒
02475,item.effect.fast,Item effect description,12,快速
02476,item.effect.yes,Item effect description,12,是
02477,player.action.place_gps,Player actions,16,放置 GPS
02478,quest.objective.place_the_gps_marker,Quest objective,40,放置 GPS
02479,weapon.attachment.all_weapons,Weapon attachment compatibility,20,所有武器
02480,ui.device.enable_direct_input_devices,Device menu inputs,96,啓用直連裝置
02481,ui.device.enable_gamepad_devices,Device menu inputs,96,啓用遊戲手把裝置
02482,quest.sub.sub_task,Sub quest UI,16,子任務
02483,map.minimap.extraction_point,Minimap UI,32,撤離點
02484,settings.community_event,Settings menu,32,社區活動
02485,settings.take_part_in_community_events,Settings menu tooltip,64,參加社區活動！
02486,settings.data.hey_hunter_we_d_like_to_track_your,Data analytics prompt for user,1024,嘿，獵人，我們希望在你搜尋、\n探索世界時跟蹤你的進度。我們使用遊戲內置的分析技術\n來收集裝置和遊戲數據，以便了解你的求生方法、\n進展並改善你\n和其他獵人日後的旅途。\n\nGameAnalytics 也希望跟蹤你的進度並收集數據\n來改進技術。\n\n如果同意，請選擇“接受並遊玩”。\n如果不同意，我們將不會跟進任何內容。你可以隨時\n在數據選單中更改設定。\n\n我們地堡見！
02487,quest.ok_soldier_some_of_my_trusted_men_were,Quest text,1024,士兵，我們運送裝備的車隊在沼澤遭到了伏擊！根據最後的無線電訊息判斷，很可能是深紅公司乾的。\n這非常奇怪，因爲只有我的幾個親信知曉車隊的存在。\n希望襲擊者只是一幫遊蕩的強盜，否則我必須考慮我們的隊伍中出現內鬼的可能...\n去沼澤看看能發現什麼。
02488,quest.thanks_to_the_retaliation_we_now_have,Quest text,1024,多虧了這次報復行動，我們現在有時間在臨時營地建立前哨站了。你的任務是去工業區搞些水泥。\n你應該在港口西側入口附近的混凝土方里找找。
02489,quest.after_the_recent_events_at_the_mall,Quest text,1024,在商場與我們發生一系列衝突後，綠軍向各個地區都派出了增援小隊。\n我們對此早有預料...\n立刻開始斬首行動，獵人。我發自內心地祝你好運，因爲這次你真的需要它.\n..
02490,quest.ah_poor_man_so_when_you_arrived_he_was,Quest text,1024,哦，可憐的傢伙...所以你到的時候他還活着，並且報告說綠軍正前往商場？他們很可能要在那裏建立新的前哨站。\n好了，獵人！我們必須把商場也納入掌控。\n拿上這些信號發射器，把它們放置在商場的三個監控室裏。前兩個監控室在商場內部，分別鄰近正門和東門。第三個在地下停車場的中央。\n祝你好運！
02491,quest.soldier_nmy_men_have_reported_a_large,Quest text,1024,士兵！\n我的人報告說深紅公司已經傾巢出動，各個地區都有他們的小隊！\n做好準備，士兵，這是一場戰爭...
02492,quest.good_job_hunter_now_my_men_will_take,Quest text,1024,幹得好，獵人！我會派人接管和改造這個前哨站，而你有另一個任務。\n綠軍發現了你在他們地堡區放置的攝像頭，已經開始了清洗行動。\n我們的一個間諜暴露了。\n他最後的蹤跡在沼澤，希望你能趕在綠軍之前找到他。
02493,quest.well_done_soldier_nnow_you_have_to,Quest text,1024,幹得好，士兵！\n現在此對付那隻老鼠了。他叫埃爾莫萊·弗拉索夫，幾周前加入綠軍。\n我必須承認這狗孃養的有點東西，要騙過我可真不簡單。\n我的人發現了他，但被他逃掉了。他現在在臨時營地。\n格殺勿論，士兵。記得把狗牌帶回來，我們給雷納德準備一份大禮...
02494,quest.ok_soldier_the_outpost_is_almost_ready,Quest text,1024,很好，士兵！前哨站差不多建好了。\n我已經派人到那裏接手指揮，但深紅公司可不會坐視。\n你的任務是幹掉深紅公司派來商場的殺手。根據情報，他們一個在 Lio-ju 服裝店，一個在 Abibas 鞋店和工具店附近，還有一個在數碼產品店。\n士兵，做得乾淨點。
02495,quest.it_s_time_to_see_what_s_left_in_the,Quest text,1024,是時候看看商場的槍店裏還剩些什麼了。\n去那裏找一個裝備箱。也許我們可以搞到些新傢伙。
02496,quest.nice_work_hunter_nnow_it_is_only_a,Quest text,1024,幹得好，獵人！\n現在他們的一舉一動都在我們的掌控之下。\n下一個任務的目標是幹掉幾個綠軍士官。\n這不足以讓他們傷筋動骨，但引起的混亂將爲我們爭取行動的時間。
02497,quest.we_know_that_the_green_army_is,Quest text,1024,我們得知綠軍正在臨時營地建立新的前哨站。\n我需要你去偵察一下，找到前哨站的確切位置，放置 GPS定位器。\n現在他們抽調不出多少人手，你可以輕鬆完成任務。
02498,quest.good_job_on_that_spy_soldier_nnow_we,Quest text,1024,間諜問題處理得不錯！\n接下來我們可以開展下一步行動了。去商場內部偵察一下，找個相對空曠、能直接改造成前哨站的地方。\n從地圖上看，超市裝卸區南邊似乎是空的。\n去確認下現在還是不是那樣。
02499,quest.the_crimson_corporation_attacked_the,Quest text,1024,深紅公司襲擊了我們在建的前哨站，這證實了內鬼的存在。還好我加派了人手，他們這次行動徒勞無功。\n那隻骯髒的老鼠肯定在地堡裏放置了攝像頭，你得把它們都找出來。
02500,quest.okay_soldier_the_location_you_found,Quest text,1024,幹得好，士兵！你找的地方很不錯。\n下一個任務的目標是尋找卡車和發電動馬達。\n從後門前往地下停車場，那裏應該有許多卡車。\n發電動馬達在商場內部東北角。\n放置好 GPS定位器，我的人會搞定其他事項。
02501,quest.good_job_hunter_nwe_are_already,Quest text,1024,幹得好，獵人！\n我們得到了一張照片，綠軍正駐紮在商場的Keri鞋店附近。\n他們對商場的監控做了手腳，我們必須在鞋店裏放置攝像頭，這樣才能掌握他們的一舉一動。
02502,quest.damn_nthen_it_is_very_likely_that,Quest text,1024,該死！\n我們的隊伍中肯定有內鬼！\n我會發起一次清洗，同時我們必須對深紅公司進行報復。\n士兵，履行你的職責，給他們點顏色瞧瞧！
02503,quest.there_is_movement_at_the_new_green,Quest text,1024,商場裏的綠軍新基地有動靜。\n似乎有名綠軍士官已抵達現場協調行動。\n試着除掉他，獵人。這事辦成之後，我們就能控制此地區了。
02504,quest.hey_hunter_nthanks_again_for_clearing,Quest text,1024,嗨，獵人！\n再次感謝你肅清了港口！\n我碰到了點兒麻煩。一個運送物資的車隊沒有按時抵達。\n最後的蹤跡在森林裏。去看看發生了什麼。
02505,quest.damn_it_was_it_the_bandits_then_ni_m,Quest text,1024,又是該死的匪幫？\n意料之中，那幫傢伙一直在襲擾我們的補給線。\n搞定他們，獵人。
02506,quest.were_they_all_torn_apart_then_nmost,Quest text,1024,他們被撕碎了？\n很可能是「大塊頭」！另一支小隊剛剛報告在沼澤發現了蹤跡。\n我不想讓我的人再冒險了，所以這個任務交給你，獵人。
02507,quest.while_disembarking_at_the_industrial,Quest text,1024,在工業區的港口登陸時，我的人落下了一個裝有電子元件的公事包。\n該死的新兵蛋子！\n去把它取回來，獵人。它應該在港口的東南角。
02508,quest.mmm_okay_it_seems_that_hunter_had,Quest text,1024,嗯...那個獵人似乎找到了一份什麼檔案，但不幸地撞見了拉扎爾，佔據了森林村莊的匪幫頭目。\n他一定把檔案藏在警察局裏了。\n去把它取回來...\n哦，順便把拉扎爾也殺了。這不是他第一次干擾我們的行動了。
02509,quest.i_sent_some_of_my_men_to_clear_out_the,Quest text,1024,我派人清理了汽車旅館的入口，不過停車場裏似乎還有一處感染源。任務目標是將其清除，並進入旅館，從一位已經犧牲的同志身上取回一份檔案。尤利·安東諾夫，我的參謀之一，當時駐紮在臨時營地。\n我們沒想到輻射會擴散那麼遠。\n他的屍體應該在汽車旅館最裏面的房間裏。\n我們目前抽調不出人手，所以你有興趣的話，這活就歸你了，獵人。
02510,quest.i_have_an_easy_job_if_you_re,Quest text,1024,有個簡單的活。\n去臨時營地的汽車旅館，確認一下那裏是否有什麼危險。
02511,quest.na_hunter_was_working_for_us_near_the,Quest text,1024,在森林地區，有一個獵人爲我們工作。上一次聯絡時，他說自己躲在村莊北邊的那排院子裏，但他已經超過24小時沒有傳來消息了，我想他可能遭遇了不測。\n去找到他，把與他有關的一切都帶回來，讓我們看看他是否發現了什麼。
02512,quest.damn_none_of_our_scout_teams_has_just,Quest text,1024,該死！\n我們的偵察小隊在沼澤被襲擊了！這是他們最後的座標。\n快去，獵人！\n也許還有倖存者...
02513,quest.the_barman_told_me_about_you_you_seem,Quest text,1024,酒保跟我說起過你，你很有潛力。\n森林地區的匪幫佔據了鋸木廠，我要你去那裏把保險箱裏的東西帶回來。地圖上的大片平整區域就是鋸木廠，很容易找到。\n保險箱裏裝的是什麼？這不關你的事，獵人。搞清楚你的身份，執行命令！
02514,player.prompt.close_the_valve,Player prompt,32,關閉閥門
02515,ui.popup.cannot_upgrade_storage_while_stash_is,User Interface Popup,160,查看儲藏時無法升級儲藏模組！
02516,npc.dialogue.i_have_already_given_you_the_equipment,NPC dialogue,512,我已經給過你了。
02517,npc.dialogue.come_back_next_time,NPC dialogue,512,下次再來。
02518,quest.objective.find_the_green_army_convoy,Quest objectives,128,尋找綠軍車隊
02519,quest.objective.find_and_remove_the_cctv_number_1,Quest objectives,256,尋找並拆除 1 號監控攝像頭
02520,quest.objective.find_and_remove_the_cctv_number_2,Quest objectives,256,尋找並拆除 2 號監控攝像頭
02521,quest.objective.find_and_remove_the_cctv_number_3,Quest objectives,256,尋找並拆除 3 號監控攝像頭
02522,quest.objective.locate_the_empty_room,Quest objectives,256,找到空房間
02523,quest.objective.place_gps_on_the_generator,Quest objectives,256,在發電動馬達上放置 GPS
02524,quest.objective.place_gps_near_the_trucks,Quest objectives,256,在卡車旁放置 GPS
02525,quest.objective.destroy_the_infestation_1,Quest objectives,256,清除 1 號感染源
02526,quest.objective.destroy_the_infestation_2,Quest objectives,256,清除 2 號感染源
02527,quest.objective.destroy_the_infestation_3,Quest objectives,256,清除 3 號感染源
02528,quest.objective.close_the_control_valve_in_the_sewer,Quest objectives,256,關閉下水道控制閥門
02529,quest.objective.find_the_crash_site,Quest objectives,256,尋找失事地點
02530,quest.objective.locate_the_ Woody_pub,Quest objectives,256,定位 Woody 酒吧
02531,quest.objective.locate_abibas_shop,Quest objectives,256,定位 Abibas 鞋店
02532,quest.objective.locate_lio_ju_shop,Quest objectives,256,定位 Lio-ju 服裝店
02533,quest.objective.locate_the_pharmacy,Quest objectives,256,定位藥店
02534,quest.objective.locate_skaruvksi_shop,Quest objectives,256,定位 Skaruvksi 珠寶店
02535,ui.popup.you_have_already_joined_the_crimson,User Interface Popup,128,你已加入深紅公司
02536,ui.popup.minimum_required_reputation,User Interface Popup (followed by reputation value),128,所需聲望
02537,ui.popup.you_ve_enlisted_with_the_green_army,User Interface Popup,128,你已加入綠軍
02538,quest.objective.eliminate_orel,Quest objectives,256,幹掉奧廖爾
02539,quest.objective.find_the_lost_convoy,Quest objectives,256,尋找失蹤車隊
02540,quest.objective.find_the_outpost_and_place_the_gps,Quest objectives,256,尋找前哨站並放置 GPS
02541,quest.objective.find_the_spy,Quest objectives,256,尋找間諜
02542,quest.objective.place_the_transmitter_in_the_location_1,Quest objectives,256,在1號地點放置信號發射器
02543,quest.objective.place_the_transmitter_in_the_location_2,Quest objectives,256,在2號地點放置信號發射器
02544,quest.objective.place_the_transmitter_in_the_location_3,Quest objectives,256,在3號地點放置信號發射器
02545,quest.objective.eliminate_sergeant_desya_popo,Quest objectives,256,幹掉中士 德西亞·波波
02546,quest.desc.there_is_movement_at_the_new_green,Quest description,1024,綠軍在商場的新前哨站有動靜。\n似乎來了一名士官負責那裏的指揮工作。\n去把他幹掉，獵人，然後我們可以試着奪取那裏的控制權。
02547,quest.objective.eliminate_the_captain_in_the_forest,Quest objectives,256,幹掉森林的小隊隊長
02548,quest.objective.eliminate_the_captain_in_the_makeshift,Quest objectives,256,幹掉臨時營地的小隊隊長
02549,quest.objective.eliminate_the_captain_in_the,Quest objectives,256,幹掉工業區的小隊隊長
02550,quest.objective.eliminate_the_captain_in_the_mall,Quest objectives,256,幹掉商場的小隊隊長
02551,quest.objective.eliminate_the_captain_in_the_swamp,Quest objectives,256,幹掉沼澤的小隊隊長
02552,quest.objective.find_the_entrance_of_the_motel,Quest objectives,256,尋找汽車旅館入口
02553,quest.objective.crimson_corp_soldier,Quest objectives (a person to eliminate),256,深紅公司士兵
02554,quest.objective.kill_the_crimson_assassin_1,Quest objectives,256,幹掉深紅公司 1 號殺手
02555,quest.objective.kill_the_crimson_assassin_2,Quest objectives,256,幹掉深紅公司 2 號殺手
02556,quest.objective.kill_the_crimson_assassin_3,Quest objectives,256,幹掉深紅公司 3 號殺手
02557,quest.objective.eliminate_the_infestation,Quest objectives,256,清除感染源
02558,container.grigoriy_memorial,Container,64,格里戈里紀念地
02559,quest.objective.green_army_sergeant,Quest objectives,256,綠軍中士
02560,quest.objective.kill_bogdanov,Quest objectives,256,幹掉波格丹諾夫
02561,ui.popup.speed_reload_not_allowed_with_this,User Interface Popup,128,此武器彈匣類型無法快速換彈
02562,ui.popup.gun_skills_can_only_be_freely_changed,User Interface Popup,128,只能在地堡中更改槍械技能
02563,ui.popup.improved_x_rank,User Interface Popup (will become Improved sniper rank or Improved pistol rank),128,[TYPE]等級提升
02564,skill.gun.name.close_quarters_training,Gun Skill Name,64,近戰訓練
02565,skill.gun.desc.minimum_effective_range_of_this_weapon,Gun Skill Description,512,此武器最小有效射程減少40% 
02566,skill.gun.name.reload_artist_scopes,Gun Skill Name,64,目不斜視
02567,skill.gun.desc.allows_you_to_remain_zoomed_in_while,Gun Skill Description,512,換彈時可保持開鏡狀態
02568,skill.gun.name.reload_artist_speed_reload,Gun Skill Name,64,快速換彈
02569,skill.gun.desc.double_press_the_reload_button_to,Gun Skill Description,512,雙擊換彈按鍵以快速更換彈匣，丟失彈匣中的彈藥
02570,skill.gun.name.run_and_gun,Gun Skill Name,64,奔跑射擊
02571,skill.gun.desc.you_can_now_shoot_this_weapon_while,Gun Skill Description,512,在奔跑時可使用此武器射擊
02572,skill.gun.name.marksman_awareness,Gun Skill Name,64,目光如炬
02573,skill.gun.desc.when_using_this_weapon_while_scoped,Gun Skill Description,512,使用此武器瞄準時，準星立即可見，並獲得額外開鏡視野
02574,skill.gun.name.fast_focus,Gun Skill Name,64,快速瞄準
02575,skill.gun.desc.hover_over_the_target_with_the_cursor,Gun Skill Description,512,準星懸停在目標上時加速縮小
02576,skill.gun.desc.switching_to_this_type_of_weapon_is_50,Gun Skill Description,512,切換到此武器的速度提高 50% 
02577,skill.gun.name.penetrating_shot,Gun Skill Name,64,穿透射擊
02578,skill.gun.desc.a_killing_shot_will_result_in_the,Gun Skill Description,512,子彈穿透第一個目標
02579,skill.gun.name.empowered_backup,Gun Skill Name,64,後備火力
02580,skill.gun.desc.for_2_5_seconds_after_swapping_to_this,Gun Skill Description,512,在切換到此武器後的 2.5 秒內傷害提高 15% 
02581,skill.gun.name.first_bullet,Gun Skill Name,64,強力首發
02582,skill.gun.desc.the_first_bullet_of_each_magazine,Gun Skill Description,512,每個彈匣的第一發子彈傷害提高 30% 
02583,skill.gun.name.impaler_shot,Gun Skill Name,64,阻滯射擊
02584,skill.gun.desc.hitting_an_enemy_will_decrease_its,Gun Skill Description,512,被擊中的目標在1秒內移動速度降低 30% 
02585,skill.gun.name.prolonged_vision,Gun Skill Name,64,行動預測
02586,skill.gun.desc.when_you_hit_a_target_they_will_remain,Gun Skill Description,512,被擊中的目標在離開視野後的 2 秒內保持可見
02587,skill.gun.name.killer_reload,Gun Skill Name,64,殺意不息
02588,skill.gun.desc.increase_reload_speed_by_20_for_1_5,Gun Skill Description,512,在擊殺目標後的 1.5 秒內換彈速度提高 20% 
02589,skill.gun.name.vital_shooting,Gun Skill Name,64,一發入魂
02590,skill.gun.desc.by_hovering_over_a_target_with_your,Gun Skill Description,512,準星短時間懸停在目標上後，射擊無視部分護甲
02591,skill.gun.name.improvised_sniper,Gun Skill Name,64,即興狙擊
02592,skill.gun.desc.hovering_over_the_target_with_the,Gun Skill Description,512,準星懸停在目標上1秒後提高最大有效射程
02593,skill.gun.name.shotgun_master,Gun Skill Name,64,霰彈槍精通
02594,skill.gun.desc.if_using_slug_ammunition_the_maximum,Gun Skill Description,512,使用獨頭彈時提高最大有效射程
02595,skill.gun.name.phantom_bullets,Gun Skill Name,64,幻影子彈
02596,skill.gun.desc.when_shooting_automatic_weapons_for_at,Gun Skill Description,512,持續射擊 0.3 秒以上，在彈匣清空後的短時間內可繼續射擊
02597,skill.gun.name.crosshair_myopia,Gun Skill Name,64,準星調校
02598,skill.gun.desc.increases_the_radius_of_the_circle_in,Gun Skill Description,512,擴大準星的命中判定範圍，減少跳彈
02599,skill.gun.name.emergency_sprint,Gun Skill Name,64,緊急衝刺
02600,skill.gun.desc.after_switching_to_this_weapon_your,Gun Skill Description,512,在切換到此武器後的3秒內移動速度提高 20% 
02601,skill.gun.name.armor_no_problem,Gun Skill Name,64,無視護甲
02602,skill.gun.desc.all_shots_have_an_additional_20_chance,Gun Skill Description,512,彈丸有額外 20% 幾率穿透護甲
02603,skill.gun.name.suppressive_fire,Gun Skill Name,64,壓制射擊
02604,skill.gun.desc.provides_a_15_damage_boost_to_weapons,Gun Skill Description,512,持續射擊 0.5 秒以上，傷害提高 15% 
02605,skill.gun.name.flank_master,Gun Skill Name,64,側翼大師
02606,skill.gun.desc.if_you_are_undetected_or_not_in_the,Gun Skill Description,512,未被發現或不在敵人視野範圍內，傷害提高 15% 
02607,skill.gun.name.steady_sniper,Gun Skill Name,64,穩定狙擊
02608,skill.gun.desc.after_hitting_an_enemy_while_scoped,Gun Skill Description,512,在開鏡狀態下命中目標後的2秒內，準星拖動的人體工學功效提高100% 
02609,skill.gun.name.reload_artist_double_barrel,Gun Skill Name,64,雙管齊下
02610,skill.gun.desc.allows_double_barreled_shotguns_to_be,Gun Skill Description,512,雙管霰彈槍可一次性裝填兩發子彈
02611,ui.perk_points,User Interface,24,技能點
02612,tutorial.ftue.hey_i_want_to_talk_to_you,First Time User Experience UI,256,嗨！我想跟你談談！
02613,tutorial.ftue.i_still_have_tasks_for_you,First Time User Experience UI,256,我有任務要交給你！
02614,tutorial.ftue.have_you_spoken_to_the_barman_yet,First Time User Experience UI,256,你跟酒保談過了嗎？
02615,tutorial.ftue.if_you_want_to_live_you_should_equip_a,First Time User Experience UI,256,如果你想活着回來...最好帶把槍出門。
02616,tutorial.ftue.talk_to_me_if_you_want_to_leave,First Time User Experience UI,256,想離開地堡的話就告訴我。
02617,tutorial.ftue.unlucky_hunter_let_s_try_again,First Time User Experience UI,256,不走運啊獵人，再試一次吧。
02618,tutorial.ftue.i_should_talk_to_the_barman,First Time User Experience UI,256,我應該去找酒保談談。
02619,tutorial.ftue.i_think_the_bunker_exit_is_to_the_south,First Time User Experience UI,256,去地堡出口得往南走。
02620,tutorial.ftue.i_should_equip_my_gun,First Time User Experience UI,256,我得拿上我的槍。
02621,tutorial.ftue.i_should_reload_my_gun,First Time User Experience UI,256,我需要裝填子彈。
02622,tutorial.ftue.i_have_a_gun_in_my_inventory,First Time User Experience UI,256,我帶着一把槍呢。
02623,tutorial.ftue.i_still_have_no_bullets_in_my_gun,First Time User Experience UI,256,我的槍裏沒子彈。
02624,tutorial.ftue.i_really_should_be_holding_my_gun,First Time User Experience UI,256,我真此拿上我的槍。
02625,tutorial.ftue.i_have_to_reload_my_gun,First Time User Experience UI,256,我必須往我的槍裏塞點兒什麼。
02626,tutorial.ftue.i_should_turn_in_my_quest_at_the_barman,First Time User Experience UI,256,我應該去酒保那裏交任務。
02627,tutorial.ftue.i_should_find_a_doctor,First Time User Experience UI,256,我應該去找醫生。
02628,tutorial.ftue.i_should_store_my_stuff_in_the_stash,First Time User Experience UI,256,我應該把東西放進儲存箱裏。
02629,item.sort_quantity,Dropdown option to change order of items.,64,按數量
02630,weapon.type.pistol,Weapon Skills UI - A Weapon Type,32,手槍
02631,weapon.type.smg,Weapon Skills UI - A Weapon Type,32,衝鋒槍
02632,weapon.type.dmr,Weapon Skills UI - A Weapon Type,32,精確射手步槍
02633,weapon.skill.scope_drag_reduction,Weapon Skills UI - A Weapon Type,64,開鏡阻滯減少
02634,weapon.skill.scope_extra_damage,Weapon Skills UI - A Weapon Type,64,開鏡額外傷害
02635,weapon.skill.scope_view_speed,Weapon Skills UI - A Weapon Type,64,開鏡速度
02636,weapon.skill.scope_initial_drag,Weapon Skills UI - A Weapon Type,64,初始開鏡阻滯
02637,weapon.skill.min_range,Weapon Skills UI - A Weapon Type,64,最小有效射程
02638,weapon.skill.max_range,Weapon Skills UI - A Weapon Type,64,最大有效射程
02639,weapon.skill.recover_from_cursor_movement,Weapon Skills UI - A Weapon Type,64,準星移動恢復
02640,skill.gun.desc.hit_an_enemy_will_decrease_its_speed,Gun Skill Description,512,被擊中的目標在2秒內移動速度降低 30% 
02641,dialogue.huff_this_is_heavy,Dialogue,256,呼...好沉！！
02642,dialogue.i_will_move_slower_when_carrying_too,Dialogue,256,我背了太多東西，走不動了。
02643,dialogue.wheeze,Dialogue,256,*大口喘息*
02644,dialogue.i_m_carrying_a_lot_and_will_use_more,Dialogue,256,我背了太多東西，這會快速消耗精力。
02645,dialogue.aargh_blood,Dialogue,256,啊啊！血！
02646,dialogue.i_m_bleeding,Dialogue,256,我在流血！
02647,dialogue.i_need_to_bandage_myself,Dialogue,256,我需要繃帶！
02648,refers_to_any_other_hunter.hunters,"Refers to any other hunter in the game, generic",16,獵人
02649,settings.enable_gamepad_rumble,Settings Option,128,啓用遊戲手把振動
02650,settings.enable_the_haptic_vibrations_when,Settings Description,256,使用遊戲手把時啓用振動功能
02651,stats.daily_quests_completed,Stats,48,已完成日常任務
02652,stats.total_items_repaired,Stats,48,已修理物品數
02653,stats.total_trades,Stats,48,總交易次數
02654,stats.quests_completed,Stats,48,已完成任務
02655,stats.pistol_kills,Stats,48,手槍擊殺
02656,stats.smg_kills,Stats,48,衝鋒槍擊殺
02657,stats.shotgun_kills,Stats,48,霰彈槍擊殺
02658,stats.rifle_kills,Stats,48,步槍擊殺
02659,stats.dmr_kills,Stats,48,精確射手步槍擊殺
02660,stats.sniper_kills,Stats,48,狙擊步槍擊殺
02661,stats.experience.pistol_exp,Stats - Experience,48,手槍經驗
02662,stats.experience.smg_exp,Stats - Experience,48,衝鋒槍經驗
02663,stats.experience.shotgun_exp,Stats - Experience,48,霰彈槍經驗
02664,stats.experience.rifle_exp,Stats - Experience,48,步槍經驗
02665,stats.experience.dmr_exp,Stats - Experience,48,精確射手步槍經驗
02666,stats.experience.sniper_exp,Stats - Experience,48,狙擊步槍經驗
02667,achievement.name.first_blood,Achievement Name,48,第一滴血
02668,achievement.name.welcome_to_zero_sievert,Achievement Name,48,歡迎來到零希沃特
02669,achievement.name.die_trying,Achievement Name,48,視死如歸
02670,achievement.name.blacksmith,Achievement Name,48,工匠學徒
02671,achievement.name.gun_for_hire,Achievement Name,48,賞金獵人
02672,achievement.name.pest_control,Achievement Name,48,害獸防治
02673,achievement.name.handyman,Achievement Name,48,能工巧匠
02674,achievement.name.headhunter,Achievement Name,48,無情獵手
02675,achievement.name.a_big_win,Achievement Name,48,大獲全勝
02676,achievement.name.welcome_to_zakov_city,Achievement Name,48,歡迎來到扎科夫
02677,achievement.name.all_aboard,Achievement Name,48,上車！
02678,achievement.name.last_orders,Achievement Name,48,最後一次點酒
02679,achievement.name.down_with_the_sickness,Achievement Name,48,切爾諾貝利人
02680,achievement.name.done_deal,Achievement Name,48,成交
02681,achievement.name.ghoulbusters,Achievement Name,48,食屍鬼剋星
02682,achievement.name.lost_in_the_woods,Achievement Name,48,迷失森林
02683,achievement.name.can_i_speak_to_the_manager,Achievement Name,48,“你給我滾出商場！”
02684,achievement.name.camper_eliminated,Achievement Name,48,營地鬼影
02685,achievement.name.finder_keepers,Achievement Name,48,見者有份
02686,achievement.name.eye_for_an_eye,Achievement Name,48,以眼還眼
02687,achievement.name.nothing_but_junk,Achievement Name,48,猛攻
02688,achievement.name.iron_man,Achievement Name,48,鐵人
02689,achievement.name.cannibal,Achievement Name,48,舔舐傷口
02690,achievement.name.best_friends,Achievement Name,48,可靠同志
02691,achievement.name.heavy_pockets,Achievement Name,48,腰纏萬貫
02692,achievement.name.rock_bottom,Achievement Name,48,一貧如洗
02693,achievement.name.aliens_exist,Achievement Name,48,有外星人！
02694,achievement.name.man_about_town,Achievement Name,48,八面玲瓏
02695,achievement.name.milkrun,Achievement Name,48,滿載牛奶
02696,achievement.name.maxed_out_pistol,Achievement Name,48,登峯造極：手槍
02697,achievement.name.maxed_out_smg,Achievement Name,48,登峯造極：衝鋒槍
02698,achievement.name.maxed_out_shotgun,Achievement Name,48,登峯造極：霰彈槍
02699,achievement.name.maxed_out_rifle,Achievement Name,48,登峯造極：步槍
02700,achievement.name.maxed_out_dmr,Achievement Name,48,登峯造極：精確射手步槍
02701,achievement.name.maxed_out_sniper,Achievement Name,48,登峯造極：狙擊步槍
02702,achievement.desc.defeat_your_first_enemy,Achievement Description,256,首次擊殺敵人
02703,achievement.desc.die_for_the_first_time,Achievement Description,256,首次死亡
02704,achievement.desc.die_100_times,Achievement Description,256,死亡 100 次
02705,achievement.desc.craft_your_first_item,Achievement Description,256,首次製作物品
02706,achievement.desc.complete_10_quests,Achievement Description,256,完成 10 個任務
02707,achievement.desc.open_50_containers,Achievement Description,256,打開 50 個容器
02708,achievement.desc.kill_50_animals,Achievement Description,256,擊殺 50 個變異生物
02709,achievement.desc.repair_50_items_armour_or_weapons,Achievement Description,256,修理 50 件裝備
02710,achievement.desc.defeat_1000_enemies,Achievement Description,256,擊殺 1000 個敵人
02711,achievement.desc.defeat_a_big_for_the_first_time,Achievement Description,256,首次擊敗「大塊頭」
02712,achievement.desc.enter_the_city_map,Achievement Description,256,進入扎科夫市
02713,achievement.desc.board_the_train_100_times,Achievement Description,256,搭乘列車 100 次
02714,achievement.desc.complete_all_of_the_barman_s_quests,Achievement Description,256,完成酒保的所有任務
02715,achievement.desc.complete_the_quest_radiation_effect,Achievement Description,256,完成任務 “輻射效應”
02716,achievement.desc.complete_50_trades,Achievement Description,256,完成50次交易
02717,achievement.desc.defeat_100_ghouls,Achievement Description,256,擊殺100頭食屍鬼
02718,achievement.desc.defeat_lazar_in_the_forest_zone,Achievement Description,256,擊殺拉扎爾[森林]
02719,achievement.desc.defeat_kibba_the_boss_of_the_mall,Achievement Description,256,擊殺「肌霸」[商場]
02720,achievement.desc.defeat_arman_in_the_makeshift_camp,Achievement Description,256,擊殺阿爾曼[臨時營地]
02721,achievement.desc.loot_from_10_hidden_stashes,Achievement Description,256,搜刮 10 個物資藏匿點
02722,achievement.desc.complete_igor_s_questline,Achievement Description,256,完成伊戈爾的任務線
02723,achievement.desc.litter_the_ground_with_1000_bullets_in,Achievement Description,256,在單次行動中消耗 1000 發彈藥
02724,achievement.desc.complete_the_game_with_permadeath,Achievement Description,256,啓用永久死亡並通關
02725,achievement.desc.heal_bleed_heal_hp_at_10hp_or_less,Achievement Description,256,在生命不超過 10 時使用醫療用品
02726,achievement.desc.reach_maximum_relationship_with_any,Achievement Description,256,在任意陣營中達到聲望上限
02727,achievement.desc.hold_1_million_roubles_at_once,Achievement Description,256,持有 100 萬盧布
02728,achievement.desc.hold_less_than_10_roubles_at_once,Achievement Description,256,持有不超過 10 盧布
02729,achievement.desc.kill_182_blinks,Achievement Description,256,擊殺182頭「閃爍」
02730,achievement.desc.complete_5_daily_quests,Achievement Description,256,完成5個日常任務
02731,achievement.desc.fill_your_inventory_with_milk,Achievement Description,256,用牛奶填滿物品欄
02732,achievement.desc.reach_maximum_level_for_pistols,Achievement Description,256,手槍技能達到等級上限
02733,achievement.desc.reach_maximum_level_for_smgs,Achievement Description,256,衝鋒槍技能達到等級上限
02734,achievement.desc.reach_maximum_level_for_shotguns,Achievement Description,256,霰彈槍技能達到等級上限
02735,achievement.desc.reach_maximum_level_for_rifles,Achievement Description,256,步槍技能達到等級上限
02736,achievement.desc.reach_maximum_level_for_dmr,Achievement Description,256,精確射手步槍技能達到等級上限
02737,achievement.desc.reach_maximum_level_for_sniper,Achievement Description,256,狙擊步槍技能達到等級上限
02738,ui.popup.reached_max_x_rank,User Interface Popup (will become Reached max sniper rank or Reached max pistol rank),128,[TYPE]技能達到等級上限
02739,ui.popup.only_available_from_the_main_menu,User Interface Popup used in reference to the language menu being disabled,128,只能在主選單設定
02740,item.rotate,This is a control (to rotate an item),64,旋轉
02741,item.quick_move,This is a control (to quickly move an item),64,快速移動
02742,item.split_stack,This is a control (to split a stack of items in half),64,分開
02743,quest.objective.eliminate_lazar,Quest objective,64,幹掉拉扎爾
02744,quest.hey_soldier_nnow_that_we_have_access,Quest text,1024,嗨，士兵！\n我們終於打通了進入扎科夫的路，是時候在那裏建立營地了。城市東南有片工地，在中央放置一個 GPS定位器，之後你就不用操心了。\n去吧！
02745,quest.hey_hunter_nnow_that_we_have_access_to,Quest text,1024,嗨，獵人！\n我們終於打通了進入扎科夫的路，是時候在那裏建立營地了。城市東南有片工地，在中央放置一個 GPS定位器，之後你就不用操心了。\n祝你好運，獵人！
02746,quest.objective.place_the_gps_marker_in_the,Quest objectives,64,在扎科夫的工地放置 GPS
02747,quest.desc.hey_soldier_nnow_that_we_ve,Quest descriptions,1024,嗨，士兵！\n營地已經完工了，有新任務給你。\n警察局裏有些機密檔案，去把它們取回來。
02748,quest.desc.hey_hunter_nnow_that_we_ve_established,Quest descriptions,1024,嗨，獵人！\n營地已經完工了，有新任務給你。\n消防站裏有些機密檔案，去把它們取回來。
02749,quest.desc.hey_hunter_nsome_medical_supplies,Quest descriptions,1024,嗨，獵人！\n我們急需醫療用品。\n現在就出發，去扎科夫找找藥店在哪兒。
02750,quest.objective.find_the_entrance_of_the_pharmacy_in,Quest objectives,64,尋找扎科夫藥店的入口
02751,skill.hunter.name.nudist,Hunter Skill Name,24,赤裸狂奔
02752,skill.hunter.desc.when_wearing_armor_of_class_3_or_below,Hunter Skill Description,256,裝備不超過3級的護甲時，移動速度提高10% ，體力消耗降低20% 
02753,skill.hunter.name.big_boned,Hunter Skill Name,24,虎背熊腰
02754,skill.hunter.desc.the_weight_of_equipped_armour_is,Hunter Skill Description,256,護甲重量降低 70% 
02755,skill.hunter.name.doe_eyed,Hunter Skill Name,24,眼觀六路
02756,skill.hunter.desc.increase_your_view_cone_size_from_90,Hunter Skill Description,256,視野從 90 度提高到 110 度
02757,skill.hunter.name.no_jam_thanks,Hunter Skill Name,24,牛油快手
02758,skill.hunter.desc.low_durability_guns_will_jam_less,Hunter Skill Description,256,降低槍械卡殼幾率，槍械在被修復後的5秒內不會再次卡殼
02759,skill.hunter.name.bite_immune,Hunter Skill Name,24,獸受不親
02760,skill.hunter.desc.attacks_from_mutants_will_no_longer,Hunter Skill Description,256,免除變異生物攻擊造成的減速
02761,skill.hunter.desc.increases_your_maximum_carry_weight_by,Hunter Skill Description,256,負重上限提高 5KG，在嚴重超重狀態下保持移動能力
02762,skill.hunter.name.big_hands,Hunter Skill Name,24,輕裝上陣
02763,skill.hunter.desc.for_each_empty_weapon_slot_you_gain,Hunter Skill Description,256,每空置一個武器欄，負重上限提高 10KG ，移動速度提高5% 
02764,skill.hunter.name.eye_for_value,Hunter Skill Name,24,利動人心
02765,skill.hunter.desc.increases_the_sale_price_of_items_by_5,Hunter Skill Description,256,物品出售價格提高 5% ，可在狩獵期間瞭解價格
02766,skill.hunter.desc.increases_your_looting_speed_by_50,Hunter Skill Description,256,搜刮速度提高 50% 
02767,skill.hunter.name.x_ray_view,Hunter Skill Name,24,一覽無餘
02768,skill.hunter.desc.allows_you_to_see_containers_through,Hunter Skill Description,256,可發現牆後的容器
02769,skill.hunter.desc.doubles_the_number_of_hidden_item,Hunter Skill Description,256,物資藏匿點的數量翻倍
02770,skill.hunter.desc.allows_free_running_if_the_weight_you,Hunter Skill Description,256,在負重低於上限的 50% 時免除奔跑體力消耗
02771,skill.hunter.name.favor_from_traders,Hunter Skill Name,24,優先供應
02772,skill.hunter.desc.doubles_the_quantity_of_each_item,Hunter Skill Description,256,商人的商品數量翻倍
02773,skill.hunter.name.field_medic,Hunter Skill Name,24,戰地醫生
02774,skill.hunter.desc.decreases_the_amount_of_time_it_takes,Hunter Skill Description,256,使用醫療用品所需的時間減少 50% 
02775,skill.hunter.name.scrap_lord,Hunter Skill Name,24,垃圾大王
02776,skill.hunter.desc.increases_the_amount_of_material_you,Hunter Skill Description,256,分解物品獲得的廢料增加 50% 
02777,skill.hunter.name.gear_lover,Hunter Skill Name,24,裝備養護
02778,skill.hunter.desc.halves_the_durability_loss_of_your,Hunter Skill Description,256,武器和護甲的耐久損耗減半
02779,skill.hunter.name.night_owl,Hunter Skill Name,24,夜巡人
02780,skill.hunter.desc.improves_your_night_vision_and_also,Hunter Skill Description,256,增強夜視能力
02781,skill.hunter.name.stalker,Hunter Skill Name,24,潛行者
02782,skill.hunter.desc.slows_rate_at_which_you_absorb,Hunter Skill Description,256,受到的輻射降低 50% ，異常傷害降低 30% 
02783,skill.hunter.name.grenade_expert,Hunter Skill Name,24,投彈手
02784,skill.hunter.desc.grenade_range,Hunter Skill Description,256,手榴彈的爆炸範圍增加 30% 
02785,skill.hunter.name.explorer,Hunter Skill Name,24,探險家
02786,skill.hunter.desc.adds_an_additional_extraction_point_to,Hunter Skill Description,256,發現一個額外的撤離點
02787,skill.hunter.name.adrenaline_rush,Hunter Skill Name,24,腎上腺素
02788,skill.hunter.desc.when_your_health_drops_below_20_you,Hunter Skill Description,256,在生命降至40% 以下後的 5 秒內，移動速度提高 25% ，冷卻時間 30秒
02789,skill.hunter.name.immortal,Hunter Skill Name,24,不死之身
02790,skill.hunter.desc.once_per_raid_when_something_should,Hunter Skill Description,256,在受到致命攻擊時，生命恢復至 50 ，狩獵期間只能生效一次
02791,skill.hunter.name.marathon_runner,Hunter Skill Name,24,和平信使
02792,skill.hunter.desc.you_move_40_faster_when_not_holding_a,Hunter Skill Description,256,在未裝備武器時移動速度提高 40% 
02793,quest.name.stylish_one_p_1,Quest names,64,時髦帥仔
02794,quest.name.stylish_one_p_2,Quest names,64,死纏爛打
02795,quest.desc.mall_guy_good_condition,Quest descriptions,1024,你肯定已經見過那個在商場閒逛的傢伙了！\n一個猛男，對不對？\n他那身護甲真是讓人印象深刻。你要是能把他幹掉，我就給你件同款。
02796,quest.desc.bounty_reward_perk,Quest descriptions,1024,幹得不錯，殺手。\n現在有一項新挑戰。單挑他15次，我就給你一件更好的。
02797,quest.name.bowel_problems,Quest names,64,人有三急
02798,quest.desc.listen_hunter_everyone_has_to_go_to,Quest descriptions,1024,聽着，獵人…人總得拉屎的。\n去商場檢查各處洗手間的狀況。\n這會在狩獵期間方便所有人。
02799,quest.objective.find_the_first_bathroom_in_the_mall,Quest objectives,64,尋找商場的第一個洗手間
02800,quest.objective.find_the_second_bathroom_in_the_mall,Quest objectives,64,尋找商場的第二個洗手間
02801,quest.objective.find_the_third_bathroom_in_the_mall,Quest objectives,64,尋找商場的第三個洗手間
02802,quest.objective.find_the_fourth_bathroom_in_the_mall,Quest objectives,64,尋找商場的第四個洗手間
02803,quest.name.underground_extraction,Quest names,64,地下撤離
02804,quest.desc.hey_hunter_nthere_should_be_an,Quest descriptions,1024,嗨，獵人！\n聽說商場地下有個祕密撤離點。\n它應該位於車庫的東北角。去找找，說不定會派上用場。
02805,quest.objective.find_the_underground_extraction_in_the,Quest objectives,64,尋找商場的地下撤離點
02806,npc.text.i_should_be_in_the_right_place,NPC text,64,我應該是來對地方了…
02807,npc.text.i_need_a_key_to_get_in_though,NPC text,64,不過需要鑰匙才能進去。
02808,quest.name.power_grid_documents,Quest names,64,電網檔案
02809,quest.desc.there_is_a_bridge_blocking_the_road_to,Quest descriptions,1024,通往扎科夫的必經之路被一座橋攔着。\n根據其他獵人的報告，那座橋的狀況還不錯。\n要放下這座橋，就必須使用商場的電力，但部分電網出了故障。\n在商場地下北部區域，靠近後門的地方，應該有電網的相關檔案。\n如果能拿到這些檔案，我們就知道此怎麼做了。\n祝你好運，獵人！
02810,quest.name.exploring_zakov,Quest names,64,探索扎科夫
02811,quest.desc.ha_great_job_hunter_nthe_train_can_now,Quest descriptions,1024,哈！幹得好，獵人！\n列車現在可以直達城市了。\n我需要你去摸一摸情況。
02812,quest.desc.hey_hunter_ni_have_a_new_challenge_for,Quest descriptions,1024,嗨，獵人！\n我需要你對各地區的撤離點做一遍檢查。\n這活不輕鬆，不過放心，報酬絕對讓你滿意。
02813,quest.name.fire_station_documents,Quest names,64,消防站檔案
02814,quest.name.police_station_documents,Quest names,64,警察局檔案
02815,quest.name.need_for_gasoline,Quest names,64,急需汽油
02816,quest.desc.good_job_soldier_nnow_we_must_find_as,Quest descriptions,1024,幹得好，士兵！\n我們的車輛正渴望着寶貴的汽油。\n找到扎科夫加油站，同志們對此感激不盡！
02817,quest.objective.find_the_gas_station_in_zakov,Quest objectives,64,尋找扎科夫加油站
02818,quest.name.health_emergency,Quest names,64,醫療用品告急
02819,quest.name.zakov_outpost,Quest names,64,扎科夫前哨站
02820,quest.desc.hey_soldier_nnow_that_we_can_accere_to,Quest descriptions,1024,嗨，士兵！\n我們終於打通了進入扎科夫的路，是時候在那裏建立營地了。城市東南有片工地，在中央放置一個 GPS定位器，之後你就不用操心了。\n去吧！
02821,quest.desc.hey_hunter_nnow_that_we_can_accere_to,Quest descriptions,1024,嗨，獵人！\n我們終於打通了進入扎科夫的路，是時候在那裏建立營地了。城市東南有片工地，在中央放置一個 GPS定位器，之後你就不用操心了。\n祝你好運，獵人！
02822,quest.objective.repair_the_power_grid_in_the_mall,Quest objectives,64,修復商場電網
02823,quest.name.the_bridge_to_zakov,Quest names,64,通往扎科夫的橋
02824,quest.desc.mmm_nit_seems_that_the_power_grid_is,Quest descriptions,1024,嗯……\n看來電網停擺是因爲有座輸電塔出了故障。\n好消息是可以從商場北側直接過去，壞消息是那片區域被封鎖了，而且充斥着輻射與異常現象。\n獵人，你得去找條地下通道。但願食屍鬼已經挖通了一條，入口肯定就在商場東北部。\n去那找找隧道，從食屍鬼羣中殺出一條血路穿過去。\n到達後把故障輸電塔修好，修理包會提前給你。\n最後囑咐一句，帶上抗輻射藥片或者穿身好點的防護服，防輻射肯定用得上。\n祝你好運，獵人！
02825,quest.name.the_psy_helmet_p_1,Quest names,64,尋找醫生
02826,item.key.laboratory_elevator_key,Keys,64,實驗室電梯鑰匙
02827,item.name.key_used_to_access_the_elevator_of_the,Item names or description,64,用於進入實驗室電梯的鑰匙
02828,quest.desc.want_to_learn_more_about_the_crystal,Quest descriptions,1024,紫色水晶？不，獵人，現在你只是一個普通人，對付不了它。\n我想你需要我的靈能頭盔。它很管用，不過那是以前了，現在我們必須利用深紅公司在扎科夫的研究成果對它進行一些升級。\n臨時營地的實驗室裏有一部電梯，通往他們曾經的祕密實驗基地，但你需要門禁卡才能進去。\n災難發生時，深紅公司封鎖了電梯。無法想象裏面的人在最後一刻有多麼恐懼。\n據我所知只有弗羅洛夫醫生從基地裏逃了出來。他算是脫離了深紅公司，不過肯定逃不遠，很可能躲在工業區的某個地方。\n石油工廠裏有一些上鎖的房間，我建議從那裏開始搜查…
02829,item.name.violet_crystal,Item names or description,64,紫水晶
02830,item.name.psy_helmet,Item names or description,64,靈能頭盔
02831,quest.name.the_psy_helmet_p_2,Quest names,64,靈能頭盔
02832,quest.desc.so_frolov_is_dead_ni_m_not_surprised,Quest descriptions,1024,所以弗羅洛夫已經死了？\n說實話，這也算意料之中。\n他不懂扎科夫的生存法則。\n現在你有了門禁卡，可以去臨時營地的實驗室乘坐電梯了。\n找到他們的研究機器，取回裏面的電路板。
02833,interaction.take_elevator,Interactions,64,乘坐電梯
02834,quest.desc.the_time_has_come_hunter_ntake_your,Quest descriptions,1024,是時候了，獵人…\n帶上你的頭盔前往沼澤，面對水晶和外神…\n希望我們走運，讓這一切結束吧。
02835,quest.objective.face_the_crystal_in_the_swamp,Quest objectives,64,揭開水晶之謎
02836,quest.name.outer_deity,Quest names,64,外神
02837,quest.name.revelations,Quest names,64,啓示錄
02838,quest.desc.you_are_still_alive_this_is_very,Quest descriptions,1024,你還活着…難以置信！這意味着…不，還不能確定…\n耐心，獵人，只要我們不停下腳步，所有問題終歸會有答案。\n在覈電站爆炸前肯定發生了什麼事，最終引發了這一切。\n我認識一個專程來核電站近距離研究水晶的人，一個頭腦清醒的傢伙，關心道德層面的問題，比如研究應該如何進行、可能帶來什麼後果...\n如果我對他的瞭解足夠，我敢肯定他會在爆炸前逃走，手裏還帶着我們想要的東西。\n去城市西北搜查他的辦公室。\n還有他家，中心區和舊共產主義城區交界處那棟公寓的二樓，也不能落下。
02839,quest.name.the_headquarter,Quest names,64,總部
02840,quest.name.machinery,Quest names,64,機器
02841,quest.objective.find_the_entrance_of_the_watcher,Quest objectives,64,尋找觀察者總部的入口
02842,npc.text.here_s_the_entrance,NPC text,64,入口在這裏…
02843,npc.text.i_don_t_think_it_s_a_good_idea_to_try,NPC text,64,就這麼進去可不是個好主意...
02844,npc.text.let_s_see_if_the_barman_know_another_way,NPC text,64,找酒保問問還有沒有別的路吧。
02845,quest.objective.turn_off_the_first_machinery,Quest objectives,64,關閉第一臺機器
02846,quest.objective.turn_off_the_second_machinery,Quest objectives,64,關閉第二臺機器
02847,quest.objective.turn_off_the_third_machinery,Quest objectives,64,關閉第三臺機器
02848,quest.objective.turn_off_the_fourth_machinery,Quest objectives,64,關閉第四臺機器
02849,quest.objective.turn_off_the_fifth_machinery,Quest objectives,64,關閉第五臺機器
02850,quest.objective.turn_off_the_sixth_machinery,Quest objectives,64,關閉第六臺機器
02851,quest.desc.hey_hunter_nyou_ve_probably_noticed,Quest descriptions,1024,嗨，獵人！\n你應該早就跟他們打過交道了，那些暫且稱之爲觀察者的傢伙。他們似乎與核電站事件密切相關！\n他們的總部基地位於城市北部，鄰近大型廣場。\n先去偵察一下，然後我們再製定具體的行動計劃。
02852,quest.desc.so_the_entrance_is_blocked_huh_nyou,Quest descriptions,1024,入口被堵住了？\n該死，我們必須想辦法關掉那些奇怪的機器！\n核電站爆炸後，綠軍無法疏散所有人員，所以在學校設立了一個難民營。\n那裏有很多人死於輻射，死狀尤爲慘烈...\n去學校搜查每一具屍體。目前只能寄希望於那裏遺留了能幫我們關閉機器的信息了...
02853,quest.desc.good_job_hunter_nfrom_the_documents_it,Quest descriptions,1024,幹得漂亮，獵人！\n根據檔案，這些機器的開關位於觀察者基地的地下，所以我們得換條思路。\n去城市公園找找有沒有聰明的食屍鬼挖了隧道，就像商場的電塔那次一樣。\n六個開關，一個也不能落下。\n祝你好運，獵人！
02854,npc.interaction.what_next,"User Interface, interaction with NPC",64,下一步是什麼？
02855,npc.interaction.the_railway_to_get_to_the_nuclear,"User Interface, interaction with NPC",1024,核電站周邊數十公里的鐵路都癱瘓了，更不用提那可怕的輻射！\n去觀察者總部找找有沒有別的路線。\n萬一你能到達核電站，那...只能祝你真的好運了，獵人！
02856,npc.interaction.what_s_in_the_documents,"User Interface, interaction with NPC",64,檔案寫了什麼？
02857,npc.text.subject_number_23_male_age_32,NPC text,64,實驗對象編號23，男性，32歲。
02858,npc.text.death_occurred_in_three_days,NPC text,64,三天後死亡。
02859,npc.text.no_mutation,NPC text,64,未產生變異。
02860,npc.text.subject_number_53_female_age_21,NPC text,64,實驗對象編號53，女性，21歲。
02861,npc.text.death_occurred_in_five_days,NPC text,64,五天後死亡。
02862,npc.text.slight_mutation,NPC text,64,輕度變異。
02863,npc.text.from_tests_conducted_so_far,NPC text,64,根據目前的測試結果，
02864,npc.text.it_appears_the_mutation_on_humans_is,NPC text,64,人類的變異似乎是隨機的。
02865,npc.text.subject_number_102_male_age_55,NPC text,64,實驗對象編號102，男性，55歲。
02866,npc.text.mutation_completed_in_7_days,NPC text,64,七天後變異結束。
02867,npc.text.crystal_radiation_is_confirmed_to,NPC text,64,已證實水晶輻射會導致人類變異。
02868,npc.text.subject_number_153_male_age_43,NPC text,64,實驗對象編號153，男性，43歲。
02869,npc.text.mutation_completed_in_10_days,NPC text,64,十天後變異結束。
02870,npc.text.in_subjects_who_survive_at_least_8_days,NPC text,64,對於存活至少8天的實驗對象，
02871,npc.text.mutation_confirmed_within_15_days,NPC text,64,已證實變異會在15天內結束。
02872,item.name.military_bandage,Item names or description,64,軍用繃帶
02873,modules_description.modules_tier_2,Modules description,64,2+ 級模組
02874,modules_description.energy_restore_rate_50_nhunger_and,Modules description,256,睡眠時精力/傷口恢復 +50% \n睡眠時飢餓/口渴消耗 -40% \n睡眠時生命恢復/輻射緩解 +50% 
02875,modules_description.energy_restore_rate_100_ndon_t,Modules description,256,睡眠時精力/傷口恢復 +100% \n睡眠時免除飢餓/口渴消耗\n睡眠時生命恢復/輻射緩解 +300% 
02876,modules_description.gain_15_material_when_you_scrap_an_item,Modules description,256,分解物品獲得的廢料 +15% 
02877,modules_description.gain_40_material_when_you_scrap_an_item,Modules description,256,分解物品獲得的廢料 +40% 
02878,modules_description.a_small_gym_where_you_can_work_out,Modules description,64,鍛鍊身體的小型健身房。\n提供體能加成。
02879,modules_description.stamina_10_n_3kg_max_carried_weight,Modules description,64,耐力上限 +10\n +3KG 負重上限\n精力消耗 -20% 
02880,modules_description.stamina_20_n_6kg_max_carried_weight,Modules description,64,耐力上限 +20\n +6KG 負重上限\n精力消耗 -50% 
02881,modules_description.weapon_damage_3_nweapon_mastery_exp_10,Modules description,64,武器傷害 +5% \n武器技能經驗 +10% 
02882,modules_description.weapon_damage_5_nweapon_mastery_exp_20,Modules description,64,武器傷害 +10% \n武器技能經驗 +20% 
02883,modules_description.provide_scrap_medication_and_scrap,Modules description,64,每天產出食物廢料和醫療用品廢料
02884,modules_description.provide_scrap_ammo_everyday_ncraft,Modules description,64,每天產出彈藥廢料\n允許你製作彈藥
02885,modules_description.you_can_repair_weapons_and_armor_in,Modules description,64,允許你修理武器和護甲
02886,modules_description.repair_an_item_requires_25_less,Modules description,64,修理武器和護甲所需材料 -25% 
02887,npc.interaction.as_you_know_years_after_the_closure_of,"User Interface, interaction with NPC",4096,舊核電站關閉多年後，深紅公司在其地下發現了奇怪的高強度輻射。他們與當地政府達成協議，建立了實驗室。\n最終他們找到了一個佈滿紫色水晶的洞穴，那正是輻射的源頭。\n研究持續了數年，層出不窮的重大發現推動了生物和醫學領域的進步，使公司一躍成爲跨國巨頭企業。\n似乎一切都合理合法？然而這份檔案表明，深紅公司與世界各國政府簽訂了多份關於開發原型武器的合同。\n我確信，公司實際上是依靠這些合同才迅速崛起的。\n此外，基於他們研究成果開發的藥物對於人羣是否存在長期影響也是一個未知數。\n深紅公司從未對外披露過研究詳情，但他們的產品革新了整個行業，連有頭有臉的大人物都無法因其來源和影響成疑而拒絕。\n\n核電站爆炸前幾個小時，水晶樣品出現了異常。\n負責人堅持要接觸。弗羅洛夫也是在那時逃出了實驗室。\n公司的儀器全都發生了故障，開始反覆刷屏如下代碼：\n\n0 1 0 1 0 0 1 1\n0 1 1 1 0 1 0 0\n0 1 1 0 0 0 0 1\n0 1 1 0 1 1 0 0\n0 1 1 0 1 0 1 1\n0 1 1 0 0 1 0 1\n0 1 1 1 0 0 1 0\n\n從這份檔案中無法弄清究竟是什麼引發了爆炸，不過強行接觸異常應當算作一個潛在因素。\n說回現在，想揭開異常背後的祕密，只有前往觀察者在扎科夫的總部，那裏有條隧道通向核電站。\n你大概會看見一些令人瘋狂的景象，我只希望你能保持清醒。\n破譯這些代碼並輸入結果，一切也許就都結束了。\n就說到這裏吧，獵人，此行動了。
02888,npc.interaction.repair_armour_below_class_4,"User Interface, interaction with NPC",256,我只能修理不超過4級的護甲。
02889,misc.armor_class_is_too_high,,64,不適用於當前護甲等級
02890,misc.armor_durability_is_too_high,,64,不適用於當前護甲耐久
02891,modules_description.provide_scrap_material_and_scrap,Modules description,64,每天產出普通廢料和武器廢料
02892,modules_description.looting_speed,Modules description,64,搜刮速度
02893,modules_description.allows_cooking_basic_meals_nhunger_and,Modules description,256,解鎖基礎食譜\n飢餓/口渴消耗 -15% \n飽足狀態的正面效果 +50% \n飢渴狀態的負面效果 -25% 
02894,modules_description.allows_cooking_all_meals_nhunger_and,Modules description,256,解鎖所有食譜\n飢餓/口渴消耗 -30% \n飽足狀態的正面效果 +100% \n飢渴狀態的負面效果 -50% 
02895,quest.desc.the_doctor_would_like_to_examine_the,Quest descriptions,1024,醫生想測試輻射對人體的影響。\n志願者需要承受大量輻射並報告身體狀況。\n別跟我甩臉子，獵人，我也沒強求你這樣做。這對你來說其實不算難事，而且還有報酬。\n醫生預期的輻射程度是橙色。
02896,quest.objective.reach_orange_level_of_radiation,Quest objectives,64,輻射的嚴重程度達到橙色
02897,misc.armor_class_doesn_t_match_with_the,,64,修理套件不適用於當前護甲等級
02898,ui.crosshairs_and_range,User Interface,32,準星和有效射程
02899,ui.enemies_and_armor,User Interface,32,敵人和護甲
02900,tutorial.full_hit_blocked_by_armor_no_damage,"User Interface, Tutorial",128,有效命中，被護甲阻擋，鈍傷
02901,map.navigate,"User Interface, The action the player takes when moving the map.",32,引導
02902,tutorial.full_hit_penetrated_armor_full_damage,"User Interface, Tutorial",128,有效命中，穿透護甲，全額傷害
02903,tutorial.glancing_hit_blocked_by_armor_no_damage,"User Interface, Tutorial",128,跳彈，被護甲阻擋，減半鈍傷
02904,tutorial.glancing_hit_penetrated_armor_partial,"User Interface, Tutorial",128,跳彈，穿透護甲，減半傷害
02905,tutorial.a_full_white_cursor_means_that_the_hit,"User Interface, Tutorial",128,準星完全變白，表明百分之百可有效命中
02906,tutorial.not_in_the_ideal_range_can_still_get_a,"User Interface, Tutorial",128,不在最佳射程內，即使準星完全鎖定目標，也無法百分之百有效命中
02907,tutorial.beyond_max_range_will_not_do_any_damage,"User Interface, Tutorial",128,超出最大射程，無法造成傷害
02908,settings.helper_dialogue,Setting name,32,遊戲幫助
02909,settings.display_helper_dialogue_prompts_to,Tooltip that describes Helper Dialogue setting,128,顯示遊戲幫助提示
02910,achievement.name.all_that_for_a_drop_of_blood,Achievement Name,64,鎖住！
02911,notice_to_player_about.you_are_overencumbered,Notice to player about weight limit,64,已超重！
02912,base.module.desc.provide_scrap_material_every_day,"Base Module Descriptions, alt a",64,每天產出普通廢料
02913,base.module.desc.scrap_daily,"Base Module Descriptions, alt b",64,每天產出普通廢料、武器廢料和護甲廢料
02914,base.module.desc.scrap_daily_plus_items,"Base Module Descriptions, alt c",64,每天產出更多普通廢料、武器廢料和護甲廢料\n可在狩獵期間分解物品，獲得的廢料減少 50% 
02915,base.upgrade.building_kit_forge_3,Upgrade Base Kit,64,建造套件：鍛造台 3
02916,container.name.items_collected_by_igor,Container name,64,伊戈爾蒐集的雜物
02917,this_is_short_for_display.tooltip,This is short for Display Tooltip. This is used to say this is the action you press to see a tooltip.,32,提示信息
02918,item.name.n45o1,Item names or description,32,N45O1
02919,item.name.apar,Item names or description,32,APAR
02920,item.name.ec_12,Item names or description,32,EC 12
02921,item.name.ec_15,Item names or description,32,EC 15
02922,item.name.ec_308,Item names or description,32,EC 308
02923,item.name.cc12,Item names or description,32,CC12
02924,item.name.pmk,Item names or description,32,PMK
02925,item.name.cc12_5_round_magazine,Item names or description,32,CC12 5發彈匣
02926,item.name.cc12_10_round_magazine,Item names or description,32,CC12 10發彈匣
02927,item.name.cc12_drum_magazine,Item names or description,32,CC12 彈鼓
02928,item.name.apar_wooden_stock,Item names or description,32,APAR 木質槍托
02929,item.name.apar_modern_stock,Item names or description,32,APAR 現代槍托
02930,item.name.apar_wooden_handguard,Item names or description,32,APAR 木質護木
02931,item.name.ec_12_standard_stock,Item names or description,32,EC-12 標準槍托
02932,dialogue.so_be_it_hunter,Dialogue,128,...那就這樣吧，獵人...
02933,dialogue.i_shall_leave_this_reality,Dialogue,128,...我此離開這個現實了...
02934,dialogue.yet_across_the_void_countless_worlds,Dialogue,128,然而縱觀虛空，仍有無數世界在黑暗中顫抖
02935,dialogue.their_light_barely_flickers_as_shadows,Dialogue,128,...陰影悄悄逼近，它們的光愈見黯淡...
02936,misc.you_already_have_this_module_installed,,64,你已經安裝此模組了
02937,npc.title.soldier,NPC title part (Green Army Soldier for example),64,士兵
02938,npc.name.green,NPC name,48,格林
02939,npc.title.army,NPC title part (Green Army for example),64,軍
02940,npc.title.crimson,NPC title part (Crimson Corporation for example),64,深紅
02941,train.skin.watcher,Train Skin Option Name,64,觀察者
02942,weapon.kills,Used on stats page as Kills：Weapon_Name,64,擊殺
02943,npc.title.bandit,NPC title part (Soldier bandit for example),64,強盜
02944,npc.title.scientist,NPC title part (Crimson Corp. scientist),64,科學家
02945,npc.title.lead,NPC title part (Lead scientist),64,首席
02946,npc.title.crimson_corp,NPC title part (Crimson Corp. scientist),64,深紅公司
02947,skill.hunter.level.mythic,Hunter level name,32,神話
02948,skill.hunter.level.legendary,Hunter level name,32,傳奇
02949,base.module.desc.unlock_a_total_of_1_stash_pages,Base Module description,256,解鎖 1 儲藏頁
02950,base.module.desc.unlock_a_total_of_3_stash_pages,Base Module description,256,解鎖 3 儲藏頁
02951,base.module.desc.unlock_a_total_of_6_stash_pages,Base Module description,256,解鎖 6 儲藏頁
02952,base.module.desc.unlock_a_total_of_9_stash_pages,Base Module description,256,解鎖 9 儲藏頁
02953,base.module.desc.unlock_a_total_of_12_stash_pages,Base Module description,256,解鎖 12 儲藏頁
02954,base.module.desc.medication_bleed_10,Base Module description,256,允許你製作更多醫療用品\n -10% 流血幾率
02955,base.module.desc.medication_bleed_15,Base Module description,256,允許你製作更多醫療用品\n -15% 流血幾率\n每分鐘恢復2生命\n每分鐘緩解 0.1 輻射
02956,base.module.desc.medication_bleed_30,Base Module description,256,允許你製作更多醫療用品\n -30% 流血幾率\n每分鐘恢復5生命\n每分鐘緩解 0.2 輻射
02957,item.name.zakov_police_station_documents,Item name,64,扎科夫警察局檔案
02958,item.name.zakov_s_police_station_armory_key,Item name,64,扎科夫警察局鑰匙
02959,tutorial.ftue.i_think_the_bunker_exit_is_in_the_south,FTUE text,128,地堡出口可不在這。
02960,player.prompt.construction_area,Player prompt,32,工地
02961,player.prompt.apartment_block,Player prompt,32,公寓樓
02962,player.prompt.central_area,Player prompt,32,中央區
02963,settings.gameplay.increase_the_maximum_range_for_all,Gameplay setting tooltip,128,提高武器的最大有效射程
02964,settings.gameplay.decrease_the_minimum_range_for_all,Gameplay setting tooltip,128,降低武器的最小有效射程
02965,base.upgrade.building_kit_infirmary_3,Upgrade Base Kit,48,建造套件：醫務室 3
02966,base.upgrade.building_kit_ammo_3,Upgrade Base Kit,48,建造套件：彈藥 3
02967,base.upgrade.building_kit_ammo_4,Upgrade Base Kit,48,建造套件：彈藥 4
02968,base.upgrade.building_kit_storage_3,Upgrade Base Kit,48,建造套件：儲存 3
02969,base.upgrade.building_kit_storage_4,Upgrade Base Kit,48,建造套件：儲存 4
02970,controls.tooltip.split,Controls tooltip,16,分開
02971,chest.name.chest,Chest name,24,箱子
02972,chest.name.ammo_box_tier_ii,Chest name,24,二級彈藥箱
02973,quest.name.the_school,Quest name,48,學校
02974,quest.item.documents_found_in_the_school,Quest item,48,在學校找到的檔案
02975,ui.button.reset,UI button,16,重置
02976,item.repairkit.armor_class,Repair kit stats,24,護甲等級
02977,npc.name.doctor_egorov,NPC name,32,醫生 - 葉戈羅夫
02978,npc.name.lead_scientist,NPC name,32,首席科學家
02979,item.name.strange_circuit,Item name,32,奇怪的電路板
02980,quest.desc.bounty_reward_armor,Quest descriptions,512,幹得好。\n現在我給你一個挑戰，再殺他 15 次，你將獲得他盔甲的獨特變體。
02981,ui.savedata_is_from_a_legacy_version_of,User Interface,72,存檔數據來自遊戲的較低版本
02982,base.module.desc.comfortable_bed_that_restores_you_faster,Base Module description,128,提供良好的睡眠和高效的恢復
02983,settings.gameplay.increase_weapons_max_range,Gameplay settings,48,提高武器的最大有效射程
02984,settings.gameplay.decrease_weapons_min_range,Gameplay settings,48,降低武器的最小有效射程
02985,item.desc.single_use_key_used_to_open_the_locked,Item description,256,一次性鑰匙，用於打開扎科夫警察局上鎖的軍械庫
02986,ui.popup.this_will_delete_all_savedata_stored,Menu popup text,512,刪除存本地和雲存檔。\n你將失去所有物品、技能和任務進度。\n確定要這樣做嗎？
02987,quest.item.zakov_fire_station_documents,Quest item,64,扎科夫消防站檔案
02988,quest.objective.eliminate_the_crimson_in_the_swamp,Quest objective,96,幹掉沼澤的深紅公司士兵
02989,displaying_which_ammo_the.current,Displaying which ammo the player is currently holding,48,當前:
02990,quest.objective.second_part_of_the_crystal_documents,Quest objective,128,《啓示錄》第二部分
02991,quest.objective.first_part_of_the_crystal_documents,Quest objective,128,《啓示錄》第一部分
02992,quest.dialogue.you_are_still_alive_this_is_very,Quest dialogue,512,你還活着…難以置信！這意味着…不，還不能確定…\n耐心，獵人，只要我們不停下腳步，所有問題終歸會有答案。\n在覈電站爆炸前肯定發生了什麼事，最終引發了這一切。\n我認識一個專程來核電站近距離研究水晶的人，一個頭腦清醒的傢伙，關心道德層面的問題，比如研究應該如何進行、可能帶來什麼後果...\n如果我對他的瞭解足夠，我敢肯定他會在爆炸前逃走，手裏還帶着我們想要的東西。\n去城市西北搜查他的辦公室。\n還有他家，中心區和舊共產主義城區交界處那棟公寓的二樓，也不能落下。
02993,tutorial.ftue.i_should_get_my_gun_out,FTUE text,64,我得把槍拿出來。
02994,tutorial.ftue.gun_in_inventory,FTUE text,64,我帶着一把槍呢。
02995,base.module.uninstall.are_you_sure,Module uninstall popup,64,確定嗎？
02996,faction.inter.turn_off,Interfactions,48,關閉
02997,quest.name.bowel_problem,Quest names,64,人有三急
02998,item.name.power_grid_documents,Item Name,64,電網檔案
02999,player.action.remove_cctv,Player action,64,移除監控攝像頭
03000,player.action.towards_nuclear_power_plant,Player action,64,前往核電站
03001,storage.tool_box,Storage object,64,工具箱
03002,dialogue.ah_mere_human,Dialogue,128,...區區人類…
03003,dialogue.thy_courage_shall_be_rewarded,Dialogue,128,勇氣卻着實值得嘉獎…
03004,dialogue.oh_my_daring_hunter,Dialogue,128,哦...我勇敢的獵人...
03005,dialogue.every_death_you_suffer,Dialogue,128,一次次粉身碎骨...
03006,dialogue.every_fall_you_endure,Dialogue,128,一次次遭受挫折...
03007,dialogue.are_merely_a_whisper_in_the_symphony,Dialogue,128,只不過是生命樂章中的低語...
03008,dialogue.in_countless_worlds_you_have_walked,Dialogue,128,你在無數的世界裏走過同樣的路...
03009,dialogue.yet_only_here_in_this_reality,Dialogue,128,但只有在這裏，在這個現實中...
03010,dialogue.have_you_reached_me,Dialogue,128,你終於來到了我面前...
03011,dialogue.in_this_moment,Dialogue,128,在這一刻...
03012,dialogue.the_fates_of_all_beings_and_all_worlds,Dialogue,128,所有生靈和世界的命運...
03013,dialogue.lie_within_thy_grasp,Dialogue,128,取決於你...
03014,dialogue.now_speak,Dialogue,128,說吧...
03015,dialogue.let_thy_true_desire_be_known,Dialogue,128,說出你心中真正的欲求...
03016,dialogue.for_aeons_i_have_watched_timeless_and,Dialogue,128,千萬年來，我一直觀察着這一切。
03017,dialogue.speak_now,Dialogue,128,說吧...
03018,dialogue.reveal_thy_wishes,Dialogue,128,說出你的願望...
03019,dialogue.so_be_it,Dialogue,128,...那就這樣吧...
03020,dialogue.thy_wish_shall_be_fulfilled,Dialogue,128,...你的願望將會實現...
03021,misc.insert.place_transmitter,Insert,256,放置信號發射器
03022,misc.insert.place_cctv,Insert,256,放置監控攝像頭
03023,item.name.key_to_a_locked_door_in_the_sewer,Item name,64,下水道門鑰匙
03024,item.desc.the_guy_who_saved_me_from_that_strange,Item description,256,救我脫離那個奇怪水晶的人留下了這把鑰匙。也許我此繼續調查下去。
03025,item.move,Player action (moving items around inventory),32,移動
03026,notice_to_player_about.you_are_encumbered,Notice to player about weight limit,64,已超重！
03027,npc.interaction.repair_armour_below_class_5,"User Interface, interaction with NPC",256,由於知識所限，我只能修復 5 級以下的護甲。
03028,item.name.christmas_grenade,Item names or description,64,聖誕手榴彈
03029,settings.display_onscreen_controls,Settings option,64,在屏幕上顯示操控方法
03030,settings.choose_if_a_popup_is_displayed_that,Settings option tooltip,128,選擇是否顯示有關操控方法的彈窗
03031,item.name.weather_station_kit,Item name,128,氣象站套件
03032,item.desc.use_this_item_to_see_the_weather_while,Item description,256,在選擇地圖時，使用此物品可查看天氣
03033,settings.always_show_the_quickbar,Setting option,128,始終顯示物品快捷欄
03034,ui.pda.h,PDA,64,h
03035,menu.main.post_processing_colour,Main menu,64,色調後處理
03036,settings.toggle_full_screen_overlay_effects,Settings option tooltip,128,切換天氣視覺效果
03037,button_to_upload.upload,Button to upload,12,上傳
03038,workshop.uploading_mod,Status of Steam Workshop Mod upload,50,正在上傳模組...
03039,display_for_the_name_of_the.mod_name,Display for the name of the mod Mod Name：Dave's Gun Mod,40,模組名稱:
03040,we_are_going_through_the.stage,We are going through the upload process so this will say stage 8 of 12,40,進度
03041,misc.4_of_12.value1_of_value2,4 of 12,40,[VALUE1]（共[VALUE2]）
03042,workshop.status,Status of Steam Workshop Mod upload,40,狀態:
03043,workshop.steam_response,Status of Steam Workshop Mod upload,40,Steam 響應:
03044,workshop.progress,Status of Steam Workshop Mod upload,40,進度:
03045,workshop.connecting_to_steam,Status of Steam Workshop Mod upload,40,正在連接至 Steam...
03046,workshop.gathering_files,Status of Steam Workshop Mod upload,40,正在收集檔案...
03047,workshop.making_workshop_page,Status of Steam Workshop Mod upload,40,正在生成創意工坊頁面...
03048,workshop.uploading,Status of Steam Workshop Mod upload,40,正在上傳...
03049,workshop.error_happened,Status of Steam Workshop Mod upload,40,發生錯誤
03050,workshop.finished,Status of Steam Workshop Mod upload,40,已完成
03051,workshop.done,Status of Steam Workshop Mod upload,40,確認
03052,workshop.missing_name_in_mod_meta_file,Steam Workshop error message,160,模組元檔案中缺少 “名稱”
03053,workshop.missing_description_in_mod_meta_file,Steam Workshop error message,160,模組元檔案中缺少 “描述”
03054,workshop.missing_version_in_mod_meta_file,Steam Workshop error message,160,模組元檔案中缺少 “版本”
03055,workshop.missing_author_in_mod_meta_file,Steam Workshop error message,160,模組元檔案中缺少 “作者”
03056,workshop.failed_to_find_mod_meta_file,Steam Workshop error message,160,無法找到模組元檔案
03057,workshop.error_folder_of_mod_not_found_or_not,Steam Workshop error message,160,錯誤：未找到或無法讀取模組檔案夾。
03058,workshop.notice_steam_stopped_replying_unable,Steam Workshop error message,160,注意：Steam 中止響應，無法找回狀態。
03059,workshop.steam_returned_invalid_during_upload,Steam Workshop error message,160,上傳時 Steam 返回無效。請檢查 Steam 雲存儲是否已滿或模組/圖標過大。
03060,workshop.warning_problem_getting_progress_from,Steam Workshop error message,160,警告：從 Steam 獲取進度時出現問題（可能已上傳）。
03061,workshop.mod_successfully_uploaded_to_steamworks,Steam Workshop error message,160,模組已成功上傳至 Steam 工坊。
03062,ui.button.close.close_window,Window Close Buttons,30,關閉窗口
03063,ui.button.close.view_on_steam,Window Close Buttons,30,在Steam上瀏覽
03064,menu.main.resolution_scaling,Main menu,64,解析度縮放
03065,settings.this_setting_affects_the_resolution,Setting description,160,此設定會影響遊戲的解析度比例。但不會影響用戶界面。
03066,menu.main.settings_performance,Main menu,64,設定 - 性能
03067,difficulty.menu.loot_armor,Difficulty Menu,64,搜刮 - 護甲
03068,difficulty.menu.class_0_3_drop_chance,Difficulty Menu,64,0-3 級護甲掉落
03069,difficulty.menu.class_0_3_minimum_durability,Difficulty Menu,64,0-3 級護甲耐久下限
03070,difficulty.menu.class_0_3_maximum_durability,Difficulty Menu,64,0-3 級護甲耐久上限
03071,difficulty.menu.class_4_drop_chance,Difficulty Menu,64,4 級護甲掉落
03072,difficulty.menu.class_4_minimum_durability,Difficulty Menu,64,4 級護甲耐久下限
03073,difficulty.menu.class_4_maximum_durability,Difficulty Menu,64,4 級護甲耐久上限
03074,difficulty.menu.class_5_drop_chance,Difficulty Menu,64,5 級護甲掉落
03075,difficulty.menu.class_5_minimum_durability,Difficulty Menu,64,5 級護甲耐久下限
03076,difficulty.menu.class_5_maximum_durability,Difficulty Menu,64,5 級護甲耐久上限
03077,difficulty.menu.class_6_drop_chance,Difficulty Menu,64,6 級護甲掉落
03078,difficulty.menu.class_6_minimum_durability,Difficulty Menu,64,6 級護甲耐久下限
03079,difficulty.menu.class_6_maximum_durability,Difficulty Menu,64,6 級護甲耐久上限
03080,difficulty.menu.save,Difficulty Menu,32,儲存
03081,difficulty.menu.difficulty_settings_saved,Difficulty Menu,64,難度設定已儲存
03082,settings.sound.ui_radiation,Sound Setting,64,輻射UI
03083,settings.adjust_the_volume_of_the_radiation,Setting description,64,輻射UI音效的音量
03084,settings.reload_mod_data,Settings Button,64,重新加載模組數據
03085,mod.ui.mods_pending_reload,Mod screen notice,32,模組等待重新加載
03086,mod.ui.error_in_mod,Mod screen notice,32,模組錯誤
03087,workshop.cannot_upload,Steam Workshop error message,32,無法上傳:
03088,workshop.no_internet,Steam Workshop error message,64,無網絡
03089,workshop.steam_not_active,Steam Workshop error message,64,Steam離線
03090,workshop.steam_not_logged_in,Steam Workshop error message,64,未登錄 Steam
03091,workshop.directory_does_not_exist,Steam Workshop error message (do not translate file name),64,目錄不存在
03092,workshop.init_script_is_a_mandatory_file,Steam Workshop error message (do not translate file name),64,init.script 是必需檔案
03093,workshop.metadata_ini_is_a_mandatory_file,Steam Workshop error message (do not translate file name or name),64,metadata.ini 是必需檔案
03094,workshop.missing_name_in_metadata_ini,Steam Workshop error message (do not translate file name or name),64,metadata.ini 缺少“名稱”
03095,workshop.missing_description_in_metadata_ini,Steam Workshop error message (do not translate file name or description),64,metadata.ini 缺少 “描述”
03096,workshop.missing_version_in_metadata_ini,Steam Workshop error message (do not translate file name or version),64,metadata.ini 缺少 “版本”
03097,workshop.missing_author_in_metadata_ini,Steam Workshop error message (do not translate file name or author),64,metadata.ini 缺少 “作者”
03098,workshop.icon_png_is_required_in_mod_folder,Steam Workshop error message (do not translate file name),64,icon.png 必須在模組檔案夾內
03099,item.name.carret_n82,Item Name,64,Carret N82
03100,item.name.carret_n82_10_round_magazine,Item Name,64,Carret N82 10發彈匣
03101,item.name.carret_n82_5_round_magazine,Item Name,64,Carret N82 5發彈匣
03102,quest.name.clear_the_way_again,Quest Name,128,捲土重來
03103,quest.desc.most_of_our_forces_are_focusing_on,Quest description,None,我們大多數人手都投入到了扎科夫，這讓Orel有機可乘。他又成了臨時營地的土皇帝。\n我搞到了一把大傢伙，獵人。如果你能挫挫Orel的銳氣，它就是你的了。\n提醒你一下，Orel躲在舊火車站那裏。\n搞定他之後，我會賣彈藥給你，但得等到下一次補貨。
03104,item.name.foregrip_desert,Item Name,32,沙色前握把
03105,item.name.foregrip_green,Item Name,32,綠色前握把
03106,item.name.pistol_50_bmg,Item Name,64, .50 BMG 手槍
03107,item.name.pistol_50_bmg_handguard,Item Name,32,.50 BMG 手槍護木
03108,quest.name.a_new_devil,Quest Name,64,地下魔影
03109,quest.desc.some_hunters_have_reported_an_unique,Quest description,None,有獵人報告說商場的地下停車場裏遊蕩着一個古怪的觀察者。\n\n幹掉它。
03110,npc.name.devil,NPC Name,48,惡魔
03111,item.name.wa_devil_suit,Item Name - Armor name,64,WA 惡魔衣裝
03112,misc.insert.i_want_peace_with_everyone,Insert,256,我希望與所有人都和平共處
03113,misc.insert.i_want_to_be_rich,Insert,256,我要發財
03114,misc.insert.i_want_to_be_immortal,Insert,256,我要永生
03115,menu.endgame.resurrect_igor_and_mr_junk,End game player options,64,復活伊戈爾和垃圾佬
03116,menu.main.mods,Main menu,64,模組
03117,menu.main.modding_menu,Main menu,64,模組選單
03118,menu.main.performance,Main menu,64,性能
03119,quest.kill.wolves,Quest kill,64,狼
03120,ui.popup.no_item,Popup text,32,無物品
03121,settings.additional_options,Settings,64,其他
03122,settings.settings_additional_options,Settings,64,設定 - 其他
03123,map.desc.the_first_step_into_the_wasteland,Map description,128,通往扎科夫的第一步
03124,map.desc.an_open_area_of_tents_debris_and,Map description,128,遍佈帳篷、殘骸和廢棄車輛的開闊地帶
03125,map.desc.steel_and_concrete_have_become_the,Map description,128,鋼鐵與混凝土構成了完美的狩獵場
03126,map.desc.low_visibility_high_danger_nowhere_to,Map description,128,能見度低，危險重重，無處可藏
03127,map.desc.don_t_trust_the_quiet_corridors,Map description,128,別相信寂靜的走廊
03128,map.desc.urban_warfare_at_its_deadliest_only,Map description,128,致命的城區熱戰，唯有強者才能在此生存
03129,npc.text.hey_wake_up,NPC text,64,喂，醒醒！
03130,npc.text.can_you_hear_me,NPC text,64,能聽到我說話嗎？
03131,npc.text.you_are_lucky_i_found_you,NPC text,64,還好我發現了你，算你走運...
03132,npc.text.what_happened,NPC text,64,...這是怎麼回事？
03133,npc.text.no_time_get_up_we_ve_got_company,NPC text,64,沒時間解釋了，快起來！有“客人”來了！
03134,npc.text.grab_the_equipment_from_the_box,NPC text,64,從箱子裏獲取裝備！
03135,npc.text.they_are_coming_sentence_exclaim,NPC text,64,它們來了！
03136,npc.text.damn_wolves,NPC text,64,該死的狼...
03137,npc.text.they_ve_got_me,NPC text,64,...它們咬傷了我...
03138,npc.text.there_s_a_medkit_in_the_shack_up_north,NPC text,64,北邊的營地裏能找到醫療包。
03139,npc.text.go,NPC text,64,快去吧！
03140,npc.text.oh_title_lead_ellipsis_ellipsis,NPC text,64,...哦...
03141,npc.text.i_m_viktor_by_the_way,NPC text,64,...順便說下，我叫維克托...
03142,npc.text.i_m_feeling_better_now,NPC text,64,我現在感覺好多了。
03143,npc.text.you_ll_need_to_learn_how_to_keep,NPC text,64,你得學習怎麼在這裏生存下去。
03144,npc.text.try_healing_up_now,NPC text,64,現在試試醫治自己。
03145,npc.text.well_done,NPC text,64,做得好！
03146,npc.text.now_let_s_trade,NPC text,64,現在來做個交易吧。
03147,npc.text.you_ll_need_more_gear,NPC text,64,你需要更多裝備。
03148,npc.text.one_last_thing,NPC text,64,還有最後一件事。
03149,npc.text.there_is_a_letter_in_a_camp_further_east,NPC text,64,再往東一點的營地裏有一封信。
03150,npc.text.you_can_find_it_in_the_body_of_my,NPC text,64,你可以在我朋友羅曼的遺體上找到它。
03151,npc.text.we_were_running_away_from_bandits,NPC text,64,我們當時在躲避匪幫...
03152,npc.text.but_roman_was_hit_at_the_last_moment,NPC text,64,...但羅曼在最後一刻中彈了。
03153,npc.text.anyway,NPC text,64,總之...
03154,npc.text.take_the_letter_and_bring_it_to_the,NPC text,64,...帶上那封信，把它送到撤離點。
03155,npc.text.what_are_these_things,NPC text,64,這些是什麼東西？
03156,npc.text.they_look_dangerous,NPC text,64,看起來很危險。
03157,npc.text.maybe_i_should_try_throwing_a_bolt_at_it,NPC text,64,朝它扔顆螺栓試試好了。
03158,npc.text.yeah_i_should_definitely_avoid_these,NPC text,64,我絕對應該避開這些東西。
03159,npc.text.this_way_upper_exclaim,NPC text,64,這邊！
03160,npc.text.come_inside_and_go_to_the_extraction,NPC text,64,進來，去撤離點。
03161,tutorial.loot_the_chest_and_equip_a_gun,Tutorial text,128,搜刮箱子並裝備武器
03162,tutorial.to_reload,Tutorial text,128,換彈
03163,tutorial.find_the_medical_box_up_north,Tutorial text,128,找到北邊營地裏的醫療用品箱
03164,tutorial.loot_the_medical_box,Tutorial text,128,搜刮醫療用品箱
03165,tutorial.go_back_to_viktor,Tutorial text,128,回到維克托身邊
03166,tutorial.give_medkit_to_viktor,Tutorial text,128,把醫療包交給維克托
03167,tutorial.use_a_medkit,Tutorial text,128,使用醫療包
03168,tutorial.trade_with_viktor,Tutorial text,128,與維克托交易
03169,tutorial.to_open_the_map,Tutorial text,128,打開地圖
03170,tutorial.to_add_a_marker,Tutorial text,128,標記
03171,tutorial.find_the_body_right_east,Tutorial text,128,找到東邊營地裏的遺體
03172,tutorial.loot_the_letter_from_the_body,Tutorial text,128,從遺體上搜刮信件
03173,tutorial.go_to_the_extraction_point,Tutorial text,128,前往撤離點
03174,tutorial.to_throw_a_bolt_at_the_anomaly,Tutorial text,128,朝異常投擲螺栓
03175,tutorial.avoid_the_anomalies,Tutorial text,128,避開異常
03176,base.module.desc.craft_the_corresponding_kit_to_built,Base Module description,128,製作相應模組以完成升級
03177,trade.menu.buy,Trading menu,16,購買
03178,trade.menu.sell,Trading menu,16,出售
03179,quest.in_progress,Quest UI,32,[進行中]
03180,quest.accept_in_progress,Quest UI,32,接受[進行中]
03181,quest.quests,Menu button that goes to the Quests screen.,20,任務
03182,menu.nav.map,Menu button that goes to the Map screen.,20,地圖
03183,menu.nav.stats,Menu button that goes to the Stats screen.,20,數據
03184,skill.hunter.hunter_skills,Menu button that goes to the Hunter Skills screen.,20,技能
03185,skill.gun.gun_mastery,Menu button that goes to the Gun Mastery screen.,20,槍械
03186,base.base,Menu button that goes to the Base screen.,20,基地
03187,item.price,The price of an item,20,價格
03188,quest.menu.items_available_for_reward,Quest menu text,64,可獲得的物品獎勵
03189,dialogue.thank_you_hunter_here_are_some_roubles,Dialogue,64,謝謝你，獵人！拿上這些盧布。
03190,base.module.you_have_to_install_previous_levels,When crafting a base module kit,128,你必須先安裝低級模組
03191,reward_for_giving_prologue.you_have_received_10000_roubles,Reward for giving prologue letter to Barman,128,已獲得 10000 盧布
03192,ui.shootingrange.recoil,Shooting range displayed data,16,準星偏移:
03193,ui.shootingrange.move,Shooting range displayed data,16,移動偏移:
03194,ui.shootingrange.shot,Shooting range displayed data,16,射擊偏移:
03195,ui.shootingrange.total,Shooting range displayed data,16,總計偏移:
03196,ui.shootingrange.precision,Shooting range displayed data,16,散佈:
03197,ui.shootingrange.base_dmg,Shooting range displayed data,16,基礎傷害:
03198,ui.shootingrange.mastery,Shooting range displayed data,16,槍械:
03199,ui.shootingrange.scoped,Shooting range displayed data,16,開鏡:
03200,ui.shootingrange.skills,Shooting range displayed data,16,技能:
03201,ui.shootingrange.final_dmg,Shooting range displayed data,16,最終傷害:
03202,ui.shootingrange.hit,Shooting Range info text,32,命中:
03203,ui.shootingrange.dmg,Shooting range displayed data,16,傷害:
03204,ui.shootingrange.pen,Shooting range displayed data,16,穿透:
03205,telling_player_they_need_to.select_reward,Telling player they need to select a reward to continue.,40,選擇獎勵
03206,settings.sound.opening_sound_of_the_pda,Sound Setting,64,開啓個人終端
03207,settings.sound.general_pda_sounds,Sound Setting,64,個人終端
03208,item.name.single_use_storage_kit,Item name,32,附加儲藏模組
03209,weapon.name.paiga_12,Weapon name,32,Paiga-12
03210,item.name.paiga_12_5_round_magazine,item name,32,Paiga-12 5發彈匣
03211,item.name.paiga_12_10_round_magazine,item name,32,Paiga-12 10發彈匣
03212,item.name.paiga_12_20_round_magazine,item name,32,Paiga-12 20發彈鼓
03213,item.name.paiga_12_polymer_handguard,item name,32,Paiga-12 聚合物護木
03214,item.name.paiga_12_short_handguard,item name,32,Paiga-12 短護木
03215,item.name.paiga_12_tactical_handguard,item name,32,Paiga-12 戰術護木
03216,item.name.paiga_12_long_handguard,item name,32,Paiga-12 長護木
03217,ammo.name.12x70mm_ap_buckshot,ammunition name,32,12x70mm 穿甲鹿彈
03218,weapon.name.oug,Weapon name,32,OUG
03219,weapon.name.oug_9x19mm,Weapon name,32,OUG 9x19mm 
03220,item.name.oug_30_round_magazine,Item name,32,OUG 30發彈匣
03221,item.name.oug_30_round_desert_magazine,Item name,32,OUG 30發沙色彈匣
03222,item.name.oug_60_round_magazine,Item name,32,OUG 60發彈匣
03223,item.name.oug_foregrip,Item name,32,OUG 前握把
03224,item.name.oug_green_stock,Item name,32,OUG 綠色槍托
03225,item.name.oug_desert_stock,Item name,32,OUG 沙色槍托
03226,item.name.oug_black_stock,Item name,32,OUG 黑色槍托
03227,item.name.oug_default_handguard,Item name,32,OUG 標準護木
03228,item.name.oug_handguard,Item name,32,OUG 護木
03229,item.name.oug_scope,Item name,32,OUG 瞄準鏡
03230,weapon.name.np9_9x19mm,Weapon name,32,NP9 9x19mm 
03231,weapon.name.np9_45acp,Weapon name,32,NP9 .45 ACP
03232,item.name.np9_20_round_magazine,Item name,32,NP9 20發彈匣
03233,item.name.np9_30_round_magazine,Item name,32,NP9 30發彈匣
03234,item.name.np9_40_round_magazine,Item name,32,NP9 40發彈匣
03235,settings.heal_prompt,Setting name,32,確認接受醫治
03236,settings.prompt_yes_no_before_healing,Setting description,64,在接受醫治前進行確認
03237,storage.stash.medications,Stash page name,32,醫療用品
03238,chest.ammo_title,Chests,64,彈藥
03239,storage.stash.junk,Stash page name,32,雜物
03240,storage.stash.armors,Stash page name,32,護甲
03241,storage.stash.weapons,Stash page name,32,武器
03242,storage.stash.keys,Stash page name,32,鑰匙
03243,storage.stash.grenades,Stash page name,32,手榴彈
03244,storage.stash.valuables,Stash page name,32,貴重物品
03245,storage.stash.injectors,Stash page name,32,針劑
03246,skill.hunter.desc.grenade_range_flashbang_immunity,Hunter Skill Description,256,手榴彈範圍提升30% ，閃光免疫，自傷無效
03247,settings.sound.explosion_ringing,Sound Setting,64,爆炸耳鳴
03248,settings.audio.adjust_the_volume_of_the_tinnitus,Audio Setting Description,128,爆炸後耳鳴聲的音量
03249,enemy_name.rotfang,Enemy Name,32,腐牙
03250,enemy_name.rotking,Enemy Name,32,腐爛之王
03251,item.name.rotking_armor,Item Name,32,腐爛之王護甲
03252,item.desc.restore_hp_while_standing_on_chemical,Item description,256,站在化學異常區域時恢復生命
03253,item.name.rotking_bbsh,Item name,32,腐爛之王 BBsH
03254,item.name.chemical_grenade,Item name,32,化學手榴彈
03255,item.name.chemical_anomaly_document,Item name,64,化學異常檔案
03256,quest.desc.sewers_rotfang_scientists,Quest description,None,獵人你好！\n記得你去過的下水道嗎？醫生提到有科學家報告下面有異常動靜，懷疑是腐牙區域傳來的。\n下去看看能發現什麼，最好找找機械裝置。\n此外，這趟任務賺的聲望會全算在科學家陣營頭上。
03257,quest.name.chemical_activity,Quest name,32,化學活動
03258,item.name.sewer_shortcut_key,Item name,32,下水道捷徑鑰匙
03259,item.desc.key_used_to_open_the_shortcut_in_the,Item Description,128,用於開啓下水道捷徑的鑰匙
03260,item.name.horizon_suit,Item name,64,地平線護甲
03261,item.desc.deflect_15,Item Description,256,15% 概率偏轉子彈
03262,item.name.commander_voss_suit,Item name,64,指揮官沃斯護甲
03263,item.desc.deflect_15_heal_25,Item Description,256,15% 幾率彈開子彈。\n觸發時恢復等同於偏轉傷害 25% 的生命值。
03264,npc.name.commander_voss,NPC name,32,指揮官 沃斯
03265,item.name.commander_voss_ec_74,Item Name,32,指揮官沃斯 EC 74
03266,dialogue.any_news,Dialogue,32,有什麼消息嗎？
03267,dialogue.horizon_docks,Dialogue,None,是啊，都傳開了，工業區來了一幫自稱“地平線”的新勢力。\n既不是軍隊也不是強盜，倒像是一身精良裝備且心懷鬼胎的企業武裝。\n他們封鎖了碼頭，膽敢靠近的人……全都人間蒸發了。
03268,quest.name.improving_the_base,Quest name,32,建設基地
03269,quest.desc.you_can_upgrade_your_base_by,Quest description,None,你可以通過安裝新模組來建設基地。\n打開個人終端，進入基地頁面， 點擊一個空欄，選擇一個模組並點擊“安裝”。\n在工作臺製作模組，右鍵點擊儲藏中的模組並使用，即可將模組安裝到基地中。
03270,item.name.7_62x25mm_chemical,Item name,32,7.62x25mm 化學
03271,item.name.5_45x39mm_bp,Item name,32,5.45x39mm 穿甲彈
03272,item.name.5_45x39mm_horizon,Item name,32,5.45x39mm 地平線
03273,quest.objective.build_a_base_module,Quest objective,32,安裝一個模組
03274,perk.name.point_blank,Perk Name,32,抵近射擊
03275,perk.desc.full_hits_have_an_additional_20_chance,Perk description,256,有效命中時彈丸有額外 20% 幾率穿透護甲
03276,perk.name.rolling_start,Perk Name,32,彈射起步
03277,perk.desc.after_standing_still_for_1_second_gain,Perk description,256,保持靜止 1 秒後的 2 秒內，移動速度提高 30% 
03278,perk.name.sticky_fingers,Perk Name,32,得喫能手
03279,perk.desc.you_find_5_times_the_amount_of_roubles,Perk description,32,搜刮所得盧布變爲 5 倍
03280,faction.name.horizon,Faction Name,32,地平線
03281,ui.popup.item_info,Tooltip popup text,32,物品資訊
03286,item.name.bck_backpack,Item name,32,BCK 背包
03287,item.name.trf_backpack,Item name,32,TRF 背包
03288,item.name.ptq_backpack,Item name,32,PTQ 背包
03289,item.name.backpack_cc_01,Item name,32,背包 CC-01
03290,item.name.backpack_cc_02,Item name,32,背包 CC-02
03291,item.name.backpack_cc_03,Item name,32,背包 CC-03
03292,item.name.backpack_ga_01,Item name,32,背包 GA-01
03293,item.name.backpack_ga_02,Item name,32,背包 GA-02
03294,item.name.backpack_ga_03,Item name,32,背包 GA-03
03295,difficulty.menu.backpack_tier_1,Difficulty Menu,32,掉落 1 級背包
03296,difficulty.menu.backpack_tier_2,Difficulty Menu,32,掉落 2 級背包
03297,difficulty.menu.backpack_tier_3,Difficulty Menu,32,掉落 3 級背包
03298,misc.event.ho_ho_ho,Event phrase,32,HO! HO! HO!
03299,settings.show_ammo_icon,Settings option,32,彈藥提示
03300,ui.popup.you_can_t_split_containers,Pop up text,64,容器無法拆分。
03301,ui.popup.you_can_t_merge_containers,Pop up text,64,容器無法合併。
03302,ui.popup.containers_accept_only_full_stacks,Pop up text,64,容器只接收整組物品。
03303,quest.desc.special_tool_box_located_inside_the.sawmill_forest,Quest descriptions,512,特殊工具箱：位於森林的鋸木廠內。
03304,quest.desc.special_tool_box_located_outside_the,Quest descriptions,512,特殊工具箱：位於森林的鋸木廠外。
03305,quest.desc.rare_vodka_located_in_forest_village,Quest descriptions,512,高品質的伏特加：位於森林村莊。
03306,quest.desc.police_briefcase_located_inside_the,Quest descriptions,512,警用公事包：位於森林的警察局內。
03307,quest.desc.rare_circuit_located_near_the_radio,Quest descriptions,512,稀有電路：位於臨時營地的無線電塔附近。
03308,quest.desc.good_condition_car_battery_located,Quest descriptions,512,狀況良好的汽車電池：位於臨時營地的汽車旅館附近。
03309,quest.desc.motel_briefcase_located_inside_the,Quest descriptions,512,汽車旅館公事包：位於臨時營地的汽車旅館內，右下角的房間。
03310,quest.desc.special_tool_box_located_near_the_old,Quest descriptions,512,特殊工具箱：位於臨時營地的舊火車站附近。
03311,quest.desc.laboratory_documents_1_located_inside,Quest descriptions,512,實驗室 1 號檔案：位於臨時營地實驗室內的員工休息室。
03312,quest.desc.laboratory_documents_2_located_inside,Quest descriptions,512,實驗室 2 號檔案：位於臨時營地實驗室內的主控室。
03313,quest.desc.special_tool_box_located_near_the,Quest descriptions,512,特殊工具箱：位於沼澤下水道入口附近。
03314,quest.desc.rotor_located_inside_the_sewer_in_the,Quest descriptions,512,轉子：位於沼澤下水道內，匪幫控制的區域。
03315,quest.desc.briefcase_located_inside_the_sewer_in,Quest descriptions,512,公事包：位於沼澤下水道內，在北部的實驗室裏。
03316,quest.desc.usb_data_located_inside_the_mall_in,Quest descriptions,512,USB：位於商場內，在靠近入口的某個監控室裏。
03317,quest.desc.rare_whisky_located_inside_the_mall_in,Quest descriptions,512,高品質的威士忌：位於商場內的 Woody 酒吧。
03318,quest.desc.shoes_located_inside_the_mall_in,Quest descriptions,512,鞋：位於商場內的Keri或Adibas鞋店。
03319,quest.desc.special_tool_box_located_inside_the.mall_tools_shop,Quest descriptions,512,特殊工具箱：位於商場內的工具店裏。
03320,quest.desc.dumbbell_located_inside_the_mall_in,Quest descriptions,512,啞鈴：位於商場內的健身房裏。
03321,quest.desc.med_box_located_inside_the_mall_in_the,Quest descriptions,512,醫療箱：位於商場內的藥店裏。
03322,quest.desc.rotor_located_inside_the_mall_in_the,Quest descriptions,512,轉子：位於商場內的頂部控制室裏。
03323,quest.desc.toilet_paper_located_inside_the_mall,Quest descriptions,512,衛生紙：位於商場內的某個洗手間裏。
03324,quest.desc.gamestation_located_inside_the_mall_in,Quest descriptions,512,遊戲機：位於商場內的數碼產品店裏。
03325,quest.desc.box_of_ammo_located_inside_the_mall_in,Quest descriptions,512,彈藥箱：位於商場內的槍店裏。
03326,quest.desc.sapphire_necklace_located_inside_the,Quest descriptions,512,藍寶石項鍊：位於商場內的 Skaruvksi 珠寶店。
03327,quest.desc.rotor_located_outside_the_mall_to_the,Quest descriptions,512,轉子：位於商場外，在北邊。
03328,quest.desc.usb_data_located_in_the_mall,Quest descriptions,512,USB：位於商場地下，在監控室裏。
03329,quest.desc.special_tool_box_located_in_the_mall,Quest descriptions,512,特殊工具箱：位於商場地下，在傳送帶房裏。
03330,quest.desc.cctv_camera_located_at_the_mall,Quest descriptions,512,監控攝像頭：位於商場地下出口處。
03331,quest.desc.cctv_camera_located_in_the_mall,Quest descriptions,512,監控攝像頭：位於商場地下，在自動扶梯房裏。
03332,quest.desc.concrete_bag_located_in_the_industrial,Quest descriptions,512,水泥箱：位於工業區，港口附近。
03333,quest.desc.rotor_located_in_the_industrial_area,Quest descriptions,512,轉子：位於工業區，石油工廠外。
03334,quest.desc.special_tool_box_located_in_the,Quest descriptions,512,特殊工具箱：位於工業區，列車墳場附近。
03335,quest.desc.usb_data_located_in_the_industrial,Quest descriptions,512,USB：位於工業區，石油工廠內的員工辦公室裏。
03336,quest.desc.briefcase_located_in_the_industrial,Quest descriptions,512,公事包：位於工業區，石油工廠內的主管辦公室裏。
03337,quest.desc.electric_motor_located_in_the,Quest descriptions,512,電動馬達：位於工業區，石油工廠內的機械室裏。
03338,quest.desc.car_battery_located_in_zakov,Quest descriptions,512,汽車電池：位於扎科夫。
03339,quest.desc.briefcase_located_in_zakov_in_the_city,Quest descriptions,512,公事包：位於扎科夫，在城市公園裏。
03340,quest.desc.briefcase_located_in_zakov_in_the.shopping_area,Quest descriptions,512,公事包：位於扎科夫，在商業區。
03341,quest.desc.special_tool_box_located_in_zakov_near,Quest descriptions,512,特殊工具箱：位於扎科夫，倉庫附近。
03342,quest.desc.usb_data_located_in_zakov_inside_the,Quest descriptions,512,USB：位於扎科夫，倉庫內的辦公室裏。
03343,quest.desc.fire_station_documents_located_in,Quest descriptions,512,消防站檔案：位於扎科夫，消防站內。
03344,quest.desc.police_station_documents_located_in,Quest descriptions,512,警察局檔案：位於扎科夫，警察局內。
03345,quest.desc.gas_tank_located_in_zakov_inside_the,Quest descriptions,512,氣罐：位於扎科夫，加油站內。
03346,quest.desc.med_box_located_in_zakov_inside_the,Quest descriptions,512,醫療箱：位於扎科夫，藥店內。
03347,quest.desc.briefcase_located_in_zakov_inside_the.post_office,Quest descriptions,512,公事包：位於扎科夫，郵局內。
03348,quest.desc.coffee_located_in_zakov_inside,Quest descriptions,512,咖啡：位於扎科夫， Roundbucks 商店內。
03349,quest.desc.sapphire_necklace_located_in_zakov,Quest descriptions,512,藍寶石項鍊：位於扎科夫， Tissiny 或 Thenel 商店內。
03350,quest.desc.carton_of_cigarettes_located_in_zakov,Quest descriptions,512,條裝香菸：位於扎科夫，Tabak商店內。
03351,quest.desc.dumbbell_located_in_zakov_inside_the,Quest descriptions,512,啞鈴：位於扎科夫，FitX健身房內。
03352,quest.desc.shoes_located_in_zakov_inside_the_zaka,Quest descriptions,512,鞋：位於扎科夫，Zaka商店內。
03353,quest.desc.shoes_located_in_zakov_inside_the,Quest descriptions,512,鞋：位於扎科夫，Limbertand商店內。
03354,quest.desc.wine_located_in_zakov_inside_da_pino,Quest descriptions,512,紅酒：位於扎科夫， Da Pino 餐廳內。
03355,quest.desc.book_located_in_zakov_inside_the,Quest descriptions,512,書：位於扎科夫，學校內的某間教室裏。
03356,quest.desc.pasta_located_in_zakov_inside_the,Quest descriptions,512,義大利麵：位於扎科夫，商場內的貨架附近。
03357,quest.desc.cctv_camera_located_in_zakov_in_the,Quest descriptions,512,監控攝像頭：位於扎科夫，辦公樓的休息區。
03358,quest.desc.usb_data_located_in_zakov_in_the,Quest descriptions,512,USB：位於扎科夫，辦公樓的藍色辦公室內。
03359,quest.desc.briefcase_located_in_zakov_in_the.financial_offices_largest,Quest descriptions,512,公事包：位於扎科夫，辦公樓最大的辦公室內。
03360,quest.desc.briefcase_located_in_zakov_inside_the.watcher_headquarters_main,Quest descriptions,512,公事包：位於扎科夫，觀察者總部的主控室內。
03361,item.name.container_12x70mm_buckshot,Item name,64,容器：12x70mm 鹿彈
03362,item.name.container_12x70mm_ap_buckshot,Item name,64,容器：12x70mm 穿甲鹿彈
03363,item.name.container_12x70mm_slug,Item name,64,容器：12x70mm 獨頭彈
03364,item.name.container_12x70mm_ap_slug,Item name,64,容器：12x70mm 穿甲獨頭彈
03365,item.name.container_12_7x55mm_bp_round,Item name,64,容器：12.7x55mm 穿甲彈
03366,item.name.container_12_7x55mm_hp_round,Item name,64,容器：12.7x55mm 空尖彈
03367,item.name.container_12_7x55mm_ps_round,Item name,64,容器：12.7x55mm 鋼芯彈
03368,item.name.container_45_acp,Item name,64,容器：.45 ACP 彈
03369,item.name.container_45_acp_ap,Item name,64,容器：.45 ACP 穿甲彈
03370,item.name.container_45_acp_subsonic,Item name,64,容器：.45 ACP 亞音速彈
03371,item.name.container_5_45x39mm_ps,Item name,64,容器：5.45x39mm 鋼芯彈
03372,item.name.container_5_45x39mm_bt,Item name,64,容器：5.45x39mm 曳光彈
03373,item.name.container_5_45x39mm_bp,Item name,64,容器：5.45x39mm 穿甲彈
03374,item.name.container_5_45x39mm_horizon,Item name,64,容器：5.45x39mm 地平線彈
03375,item.name.container_5_45x39mm_hp,Item name,64,容器：5.45x39mm 空尖彈
03376,item.name.container_5_45x39mm_subsonic,Item name,64,容器：5.45x39mm 亞音速彈
03377,item.name.container_5_56x45mm_m855,Item name,64,容器：5.56x45mm m855 彈
03378,item.name.container_5_56x45mm_hp,Item name,64,容器：5.56x45mm 空尖彈
03379,item.name.container_5_56x45mm_m995,Item name,64,容器：5.56x45mm m995 彈
03380,item.name.container_5_56x45mm_subsonic,Item name,64,容器：5.56x45mm 亞音速彈
03381,item.name.container_5_7x28mm_r37,Item name,64,容器：5.7x28mm R37彈
03382,item.name.container_5_7x28mm_ss190,Item name,64,容器：5.7x28mm SS190彈
03383,item.name.container_5_7x28mm_subsonic,Item name,64,容器：5.7x28mm 亞音速彈
03384,item.name.container_7_62x25mm_fmj,Item name,64,容器：7.62x25mm 全金屬被甲彈
03385,item.name.container_7_62x25mm_pst,Item name,64,容器：7.62x25mm 鋼芯彈
03386,item.name.container_7_62x25mm_chemical,Item name,64,容器：7.62x25mm 化學彈
03387,item.name.container_7_62x39mm_ps,Item name,64,容器：7.62x39mm 鋼芯彈
03388,item.name.container_7_62x39mm_bp,Item name,64,容器：7.62x39mm 穿甲彈
03389,item.name.container_7_62x39mm_hp,Item name,64,容器：7.62x39mm 空尖彈
03390,item.name.container_7_62x39mm_subsonic,Item name,64,容器：7.62x39mm 亞音速彈
03391,item.name.container_7_62x51mm_m80,Item name,64,容器：7.62x51mm m80 彈
03392,item.name.container_7_62x51mm_fmj,Item name,64,容器：7.62x51mm 全金屬被甲彈
03393,item.name.container_7_62x51mm_m61,Item name,64,容器：7.62x51mm m61 彈
03394,item.name.container_7_62x54r_mm_ps,Item name,64,容器：7.62x54Rmm 鋼芯彈
03395,item.name.container_7_62x54rmm_snb,Item name,64,容器：7.62x54Rmm SNB 彈
03396,item.name.container_9x18mm_ps,Item name,64,容器：9x18mm 鋼芯彈
03397,item.name.container_9x18mm_pbm,Item name,64,容器：9x18mm PBM彈
03398,item.name.container_9x19mm_pso,Item name,64,容器：9x19mm 運動彈
03399,item.name.container_9x19mm_ap,Item name,64,容器：9x19mm 穿甲彈
03400,item.name.container_9x19mm_subsonic,Item name,64,容器：9x19mm 亞音速彈
03401,item.name.container_9x39mm_sp_5,Item name,64,容器：9x39mm SP-5彈
03402,item.name.container_9x39mm_bp,Item name,64,容器：9x39mm 穿甲彈
03403,item.name.container_scrap_ammo,Item name,64,容器：廢棄彈藥
03404,item.name.container_scrap_armor,Item name,64,容器：廢棄護甲
03405,item.name.container_scrap_food,Item name,64,容器：廢棄食物
03406,item.name.container_scrap_material,Item name,64,容器：廢棄材料
03407,item.name.container_scrap_meds,Item name,64,容器：廢棄藥品
03408,item.name.container_scrap_weapon,Item name,64,容器：廢棄武器
03409,tutorial.find_the_body_to_the_east,Tutorial text,64,找到東邊的遺體
03410,faction.inter.turn_on,Interfactions,48,打開
03411,faction.inter.volume_up,Interfactions,48,調大音量
03412,faction.inter.volume_down,Interfactions,48,調小音量
03413,faction.inter.next_track,Interfactions,48,下一曲
03414,faction.inter.add_cassette,Interfactions,48,放入磁帶
03415,faction.inter.enable_loop,Interfactions,48,開啓循環
03416,faction.inter.disable_loop,Interfactions,48,關閉循環
03417,item.cassette_take_u_there,Cassette item,64,磁帶：Take U There
03418,item.cassette_fog_of_moscow,Cassette item,64,磁帶：Fog of Moscow
03419,item.cassette_freezing_hands_meet_piano,Cassette item,64,磁帶：Freezing Hands Meet Piano
03420,item.cassette_freue_uns_alle,Cassette item,64,磁帶：Freue Uns Alle
03421,item.cassette_happy_hour_fiesta_time,Cassette item,64,磁帶：Happy Hour Fiesta Time
03422,item.cassette_honky_tonk_shuffle,Cassette item,64,磁帶：Honky Tonk Shuffle
03423,item.cassette_in_saint_petersburg,Cassette item,64,磁帶：In Saint Petersburg
03424,item.cassette_marcha_del_toro_real,Cassette item,64,磁帶：Marcha del Toro Real
03425,item.cassette_my_kitchen_is_my_kingdom,Cassette item,64,磁帶：My Kitchen Is My Kingdom
03426,item.cassette_outside_st_petersburg,Cassette item,64,磁帶：Outside St. Petersburg
03427,item.cassette_ragtime_jam,Cassette item,64,磁帶：Ragtime Jam
03428,item.cassette_rush_to_russia,Cassette item,64,磁帶：Rush to Russia
03429,item.cassette_scandinavian_folk_25,Cassette item,64,磁帶：Scandinavian Folk 25
03430,item.cassette_schnitzel_waltz,Cassette item,64,磁帶：Schnitzel Waltz
03431,item.cassette_tanz_mein_liebe,Cassette item,64,磁帶：Tanz Mein Liebe
03432,item.cassette_kyle_campfire_guitar,Cassette item,64,磁帶：Kyle Campfire Guitar
03433,trade.barter.camera_s_battery,Barter,72,攝像機電池
03434,quest.name.get_some_music,Quest names,64,搞點音樂
03435,quest.desc.hey_hunter_see_that_radio_next_to_me,Quest descriptions,1024,嗨，獵人！看到我旁邊這臺收音機了嗎？\n它需要一種特殊的電池。現在在扎科夫，這玩意兒可不好找。\n我之前派亞基姆和瓦迪姆去森林的地下電視臺找過。那是向整個扎科夫放送廣播更新的地方。\n他們說找到了一塊...但遭到了“襲擊”，只好把它扔在那兒跑了。\n你去把這活收個尾怎麼樣？\n一旦弄到那塊電池，我們也許就能在地堡裏聽點音樂了。
03436,npc.interaction.default,"User Interface, interaction with NPC",1400,默認
03437,train.skin.end_game,"User Interface, interaction with NPC",1400,終點站
03438,ui.you_cant_leave_with_a_container_in_the,User Interface,128,無法攜帶收納盒離開地堡
03439,crafting.menu.containers,Crafting Menu,24,收納盒
03440,settings.display_markers_to_help_locating_npc,Setting description,128,顯示標記以輔助定位地堡內的 NPC
03441,settings.gameplay.automatically_close_the_pda_when_hit,Gameplay setting tooltip,128,在受到攻擊時自動關閉個人終端
03442,settings.gameplay.automatically_close_the_inventory_when,Gameplay setting tooltip,128,在受到攻擊時自動關閉物品欄
03443,map.teleport.shooting_range,Teleport Location,16,大型試槍區
03444,ui.shootingrange.hit_upper,Shooting range displayed data,16,命中
03445,ui.shootingrange.glance,Shooting range displayed data,16,跳彈
03446,general.weapon,General use word,32,武器
03447,item.context.detach_scope,Item Context Usage,12,拆卸瞄準鏡
03448,item.context.detach_magazine,Item Context Usage,12,拆卸彈匣
03449,tutorial.to_open_the_device,Tutorial text,128, 打開裝置
03450,tutorial.click_on_the_map_icon,Tutorial text,128, 點擊地圖圖標
03451,map.minimap.find_the_letter,Minimap UI,32,尋找信件
03452,ui.expert_hunter,"User Interface, exit screen",40,專家獵人
03453,ui.specialist_hunter,"User Interface, exit screen",40,特級獵人
03454,ui.advanced_hunter,"User Interface, exit screen",40,高級獵人
03455,stats.experience.unknown_hunter,Stat experience names,64,無名獵人
03456,ui.train_type_set,User Interface,128,已設定列車塗裝
03457,npc.interaction.train_type,"User Interface, interaction with NPC",1400,列車塗裝
03458,ui.shootingrange.to_place_a_dumm y,"User Interface, shooting range",40,放置假人
03459,ui.play_prologue,User Interface,40,遊玩序章
03460,dialogue.here_s_the_letter,Dialogue,64,這裏有給你的信
03461,difficulty.menu.custom,Difficulty Menu,32,自定義
03462,chest.box,Chests,64,箱子
03463,npc.train,NPCs,48,火車
03464,ui.in_stash,User Interface,40,儲藏
03465,faction.inter.give_medkit,Interfactions,48,送出醫療包
03466,tutorial.let_s_trade,Tutorial text,128,來交易吧
03467,tutorial.letter_for_barman,Tutorial text,128,給酒保的信
03468,stats.boss_valentin,Stats,48,首領：瓦倫丁
03469,stats.boss_devil,Stats,48,首領：惡魔
03470,stats.boss_commander_voss,Stats,48,首領：沃斯指揮官
03471,settings.video.borderless_when_fullscreen,Video settings,64,全屏無邊框
03472,settings.gameplay.gamepad_aim_assist,Gameplay settings,64,手把輔助瞄準
03473,settings.gameplay.npc_markers,Gameplay settings,64,NPC標記
03474,settings.auto_close_inventory,Setting option,128,自動關閉物品欄
03475,settings.auto_close_pda,Setting option,128,自動關閉個人終端
03476,menu.main.new,Main menu,64,新
03477,npc.serge_nt_desya_popo,NPCs,48,德西亞·波波中士
03478,misc.32.paiga_12_20_round_magazine_item_name,item name,32,Paiga-12 的20發彈匣
03479,misc.32.paiga_12_tactical_handguard_item_name,Weapon Mods,64,Paiga-12 戰術護木
03480,dialogue.horizon_docks_alt,Dialogue,None,是啊，都傳開了，工業區來了一幫自稱“地平線”的新勢力。\n既不是軍隊也不是強盜，倒像是一身精良裝備且心懷鬼胎的企業武裝。\n他們封鎖了碼頭，膽敢靠近的人……全都人間蒸發了。
03481,npc.name.ivan,NPC name,48,伊萬
03482,npc.name.vasiliy,NPC name,48,瓦西里
03483,npc.name.petr,NPC name,48,彼得
03484,npc.name.mikhail,NPC name,48,米哈伊爾
03485,npc.name.fedor,NPC name,48,費奧多爾
03486,npc.name.alexey,NPC name,48,阿列克謝
03487,npc.name.semen,NPC name,48,謝苗
03488,npc.name.egor,NPC name,48,葉戈爾
03489,npc.name.pavel,NPC name,48,帕維爾
03490,npc.name.nikolay,NPC name,48,尼古拉
03491,npc.name.andrey,NPC name,48,安德烈
03492,npc.name.makar,NPC name,48,馬卡爾
03493,npc.name.nikita,NPC name,48,尼基塔
03494,npc.name.zakhar,NPC name,48,扎哈爾
03495,npc.name.boris,NPC name,48,鮑里斯
03496,npc.name.yacov,NPC name,48,雅科夫
03497,npc.name.grigoriy,NPC name,48,格里戈里
03498,npc.name.roman,NPC name,48,羅曼
03499,npc.name.sergey,NPC name,48,謝爾蓋
03500,npc.name.alexandr,NPC name,48,亞歷山大
03501,npc.name.dmitriy,NPC name,48,德米特里
03502,npc.name.ilya,NPC name,48,伊利亞
03503,npc.name.maksim,NPC name,48,馬克西姆
03504,npc.name.anton,NPC name,48,安東
03505,npc.name.taras,NPC name,48,塔拉斯
03506,npc.name.filip,NPC name,48,菲利普
03507,npc.name.bogdan,NPC name,48,波格丹
03508,npc.name.matvey,NPC name,48,馬特維
03509,npc.name.myron,NPC name,48,米隆
03510,npc.name.denis,NPC name,48,丹尼斯
03511,npc.name.gavrila,NPC name,48,加夫里拉
03512,npc.name.afanasiy,NPC name,48,阿法納西
03513,npc.name.danil,NPC name,48,達尼爾
03514,npc.name.timofey,NPC name,48,季莫費
03515,npc.name.efim,NPC name,48,葉菲姆
03516,npc.name.nazar,NPC name,48,納扎爾
03517,npc.name.rodion,NPC name,48,羅季翁
03518,npc.name.klim,NPC name,48,克利姆
03519,npc.name.prokhor,NPC name,48,普羅霍爾
03520,npc.name.potap,NPC name,48,波塔普
03521,npc.name.trofim,NPC name,48,特羅菲姆
03522,npc.name.kirill,NPC name,48,基里爾
03523,npc.name.konstantin,NPC name,48,康斯坦丁
03524,npc.name.lev,NPC name,48,列夫
03525,npc.name.artem,NPC name,48,阿爾喬姆
03526,npc.name.gleb,NPC name,48,格列布
03527,npc.name.panchenko,NPC name,48,潘琴科
03528,npc.name.ulyanov,NPC name,48,烏里揚諾夫
03529,npc.name.ostryi,NPC name,48,奧斯特里
03530,npc.name.firsov,NPC name,48,菲爾索夫
03531,npc.name.minaev,NPC name,48,米納耶夫
03532,npc.name.akimchuk,NPC name,48,阿基姆丘克
03533,npc.name.elizarov,NPC name,48,葉利扎羅夫
03534,npc.name.chernichenkov,NPC name,48,切爾尼琴科夫
03535,npc.name.dubets,NPC name,48,杜貝茨
03536,npc.name.bazhenov,NPC name,48,巴熱諾夫
03537,npc.name.blinchenko,NPC name,48,布林琴科
03538,npc.name.ustinov,NPC name,48,烏斯季諾夫
03539,npc.name.zolottsev,NPC name,48,佐洛採夫
03540,npc.name.shulga,NPC name,48,舒利加
03541,npc.name.oleynikov,NPC name,48,奧列伊尼科夫
03542,npc.name.tretyachenkov,NPC name,48,特列季亞琴科夫
03543,npc.name.efremchuk,NPC name,48,葉弗列姆丘克
03544,npc.name.lavrov,NPC name,48,拉夫羅夫
03545,npc.name.kornev,NPC name,48,科爾涅夫
03546,npc.name.karasyuk,NPC name,48,卡拉修克
03547,npc.name.belikov,NPC name,48,別利科夫
03548,npc.name.fadeev,NPC name,48,法捷耶夫
03549,npc.name.agaptsev,NPC name,48,阿加普採夫
03550,npc.name.shuvalov,NPC name,48,舒瓦洛夫
03551,npc.name.shirokov,NPC name,48,希羅科夫
03552,npc.name.ryaboi,NPC name,48,里亞博伊
03553,npc.name.gonchar,NPC name,48,貢恰爾
03554,npc.name.andrianov,NPC name,48,安德里亞諾夫
03555,npc.name.isakovskikh,NPC name,48,伊薩科夫斯基赫
03556,npc.name.daniltsev,NPC name,48,達尼利採夫
03557,npc.name.gorbatenko,NPC name,48,戈爾巴堅科
03558,npc.name.zubov,NPC name,48,祖博夫
03559,npc.name.troshin,NPC name,48,特羅申
03560,npc.name.kornevich,NPC name,48,科爾涅維奇
03561,npc.name.terentyev,NPC name,48,特連季耶夫
03562,npc.name.moskvin,NPC name,48,莫斯克文
03563,npc.name.surkov,NPC name,48,蘇爾科夫
03564,npc.name.zimenko,NPC name,48,濟緬科
03565,npc.name.tikhonovich,NPC name,48,吉洪諾維奇
03566,npc.name.malinin,NPC name,48,馬利寧
03567,npc.name.abramov,NPC name,48,阿布拉莫夫
03568,npc.name.moiseev,NPC name,48,莫伊謝耶夫
03569,npc.name.kartashov,NPC name,48,卡爾塔紹夫
03570,npc.name.kulagin,NPC name,48,庫拉金
03571,npc.name.dyakov,NPC name,48,季亞科夫
03572,npc.name.krylov,NPC name,48,克雷洛夫
03573,npc.name.sitnikov,NPC name,48,錫特尼科夫
03574,npc.name.melnik,NPC name,48,梅爾尼克
03575,npc.name.gorlovsky,NPC name,48,戈爾洛夫斯基
03576,npc.name.ozerov,NPC name,48,奧澤羅夫
03577,npc.name.pozdnyakov,NPC name,48,波茲德尼亞科夫
03578,npc.name.vorontsov,NPC name,48,沃龍佐夫
03579,npc.name.astafiev,NPC name,48,阿斯塔菲耶夫
03580,npc.name.voron,NPC name,48,沃龍
03581,npc.name.bychenkov,NPC name,48,貝琴科夫
03582,npc.name.ivanov,NPC name,48,伊萬諾夫
03583,npc.name.larchuk,NPC name,48,拉爾丘克
03584,npc.name.kalachovsky,NPC name,48,卡拉喬夫斯基
03585,npc.name.subbotin,NPC name,48,蘇博京
03586,npc.name.ushakovskiy,NPC name,48,烏沙科夫斯基
03587,npc.name.prokofyenko,NPC name,48,普羅科菲延科
03588,npc.name.ulyanovsk,NPC name,48,烏里揚諾夫斯克
03589,npc.name.chernyshov,NPC name,48,切爾內紹夫
03590,npc.name.antonov,NPC name,48,安東諾夫
03591,npc.name.gorelov,NPC name,48,戈列洛夫
03592,npc.name.leonidov,NPC name,48,列昂尼多夫
03593,npc.name.sevastyanov,NPC name,48,謝瓦斯季亞諾夫
03594,npc.name.belkin,NPC name,48,別爾金
03595,npc.name.samsonov,NPC name,48,薩姆索諾夫
03596,npc.name.shestak,NPC name,48,謝斯塔克
03597,npc.name.berezin,NPC name,48,別列津
03598,npc.name.karpovich,NPC name,48,卡爾波維奇
03599,npc.name.rozanov,NPC name,48,羅扎諾夫
03600,npc.name.balashov,NPC name,48,巴拉紹夫
03601,npc.name.zharov,NPC name,48,扎羅夫
03602,npc.name.eremeytsev,NPC name,48,葉列梅採夫
03603,npc.name.shuvaltsev,NPC name,48,舒瓦利採夫
03604,npc.name.lyubimov,NPC name,48,柳比莫夫
03605,npc.name.kolosov,NPC name,48,科洛索夫
03606,npc.name.ershov,NPC name,48,葉爾紹夫
03607,npc.name.arkadiev,NPC name,48,阿爾卡季耶夫
03608,npc.name.shaposhnik,NPC name,48,沙波什尼克
03609,npc.name.sakharov,NPC name,48,薩哈羅夫
03610,npc.name.dolzhenkov,NPC name,48,多爾任科夫
03611,npc.name.zlobich,NPC name,48,茲洛比奇
03612,npc.name.gubich,NPC name,48,古比奇
03613,npc.name.james,NPC name,48,詹姆斯
03614,npc.name.robert,NPC name,48,羅伯特
03615,npc.name.john,NPC name,48,約翰
03616,npc.name.michael,NPC name,48,邁克爾
03617,npc.name.david,NPC name,48,大衛
03618,npc.name.william,NPC name,48,威廉
03619,npc.name.richard,NPC name,48,理查德
03620,npc.name.joseph,NPC name,48,約瑟夫
03621,npc.name.thomas,NPC name,48,托馬斯
03622,npc.name.charles,NPC name,48,查爾斯
03623,npc.name.christopher,NPC name,48,克里斯托弗
03624,npc.name.daniel,NPC name,48,丹尼爾
03625,npc.name.matthew,NPC name,48,馬修
03626,npc.name.anthony,NPC name,48,安東尼
03627,npc.name.donald,NPC name,48,唐納德
03628,npc.name.steven,NPC name,48,史蒂文
03629,npc.name.paul,NPC name,48,保羅
03630,npc.name.andrew,NPC name,48,安德魯
03631,npc.name.joshua,NPC name,48,約書亞
03632,npc.name.kenneth,NPC name,48,肯尼斯
03633,npc.name.kevin,NPC name,48,凱文
03634,npc.name.brian,NPC name,48,布萊恩
03635,npc.name.george,NPC name,48,喬治
03636,npc.name.timothy,NPC name,48,蒂莫西
03637,npc.name.ronald,NPC name,48,羅納德
03638,npc.name.edward,NPC name,48,愛德華
03639,npc.name.jason,NPC name,48,傑森
03640,npc.name.jeffrey,NPC name,48,傑弗裏
03641,npc.name.ryan,NPC name,48,瑞恩
03642,npc.name.jacob,NPC name,48,雅各布
03643,npc.name.gary,NPC name,48,加里
03644,npc.name.nicholas,NPC name,48,尼古拉斯
03645,npc.name.eric,NPC name,48,埃裏克
03646,npc.name.jonathan,NPC name,48,喬納森
03647,npc.name.stephen,NPC name,48,斯蒂芬
03648,npc.name.larry,NPC name,48,拉里
03649,npc.name.justin,NPC name,48,賈斯汀
03650,npc.name.scott,NPC name,48,斯科特
03651,npc.name.brandon,NPC name,48,布蘭登
03652,npc.name.benjamin,NPC name,48,本傑明
03653,npc.name.samuel,NPC name,48,塞繆爾
03654,npc.name.gregory,NPC name,48,格雷戈裏
03655,npc.name.alexander,NPC name,48,亞歷山大
03656,npc.name.frank,NPC name,48,弗蘭克
03657,npc.name.patrick,NPC name,48,帕特里克
03658,npc.name.raymond,NPC name,48,雷蒙德
03659,npc.name.jack,NPC name,48,傑克
03660,npc.name.dennis,NPC name,48,丹尼斯
03661,npc.name.jerry,NPC name,48,傑瑞
03662,npc.name.tyler,NPC name,48,泰勒
03663,npc.name.aaron,NPC name,48,亞倫
03664,npc.name.jose,NPC name,48,何塞
03665,npc.name.adam,NPC name,48,亞當
03666,npc.name.nathan,NPC name,48,內森
03667,npc.name.henry,NPC name,48,亨利
03668,npc.name.peter,NPC name,48,彼得
03669,npc.name.smith,NPC name,48,史密斯
03670,npc.name.johnson,NPC name,48,約翰遜
03671,npc.name.williams,NPC name,48,威廉姆斯
03672,npc.name.brown,NPC name,48,布朗
03673,npc.name.jones,NPC name,48,瓊斯
03674,npc.name.miller,NPC name,48,米勒
03675,npc.name.davis,NPC name,48,戴維斯
03676,npc.name.wilson,NPC name,48,威爾遜
03677,npc.name.anderson,NPC name,48,安德森
03678,npc.name.taylor,NPC name,48,泰勒
03679,npc.name.moore,NPC name,48,摩爾
03680,npc.name.jackson,NPC name,48,傑克遜
03681,npc.name.martin,NPC name,48,馬丁
03682,npc.name.lee,NPC name,48,李
03683,npc.name.thompson,NPC name,48,湯普森
03684,npc.name.white,NPC name,48,懷特
03685,npc.name.harris,NPC name,48,哈里斯
03686,npc.name.clark,NPC name,48,克拉克
03687,npc.name.lewis,NPC name,48,劉易斯
03688,npc.name.robinson,NPC name,48,羅賓遜
03689,npc.name.walker,NPC name,48,沃克
03690,npc.name.young,NPC name,48,楊
03691,npc.name.allen,NPC name,48,艾倫
03692,npc.name.king,NPC name,48,金
03693,npc.name.wright,NPC name,48,賴特
03694,npc.name.hill,NPC name,48,希爾
03695,npc.name.adams,NPC name,48,亞當斯
03696,npc.name.nelson,NPC name,48,納爾遜
03697,npc.name.baker,NPC name,48,貝克
03698,npc.name.hall,NPC name,48,霍爾
03699,npc.name.campbell,NPC name,48,坎貝爾
03700,npc.name.mitchell,NPC name,48,米切爾
03701,npc.name.carter,NPC name,48,卡特
03702,npc.name.roberts,NPC name,48,羅伯茨
03703,npc.name.ward,NPC name,48,沃德
03704,npc.name.sanders,NPC name,48,桑德斯
03705,npc.name.hopkins,NPC name,48,霍普金斯
03706,npc.name.richardson,NPC name,48,理查森
03707,npc.name.bishop,NPC name,48,畢曉普
03708,npc.name.dean,NPC name,48,迪恩
03709,misc.insert.here_s_the_first_one,Insert,256,這是第一個……
03710,misc.insert.all_of_them_should_be_the_exact_same,Insert,256,所有的應該都一模一樣。
03711,misc.insert.i_just_have_to_find_them,Insert,256,我只需要找到它們就行。
03712,npc.text.i_cannot_give_you_any_equipment_hunter,NPC text,96,我不能給你裝備，獵人...
03713,npc.text.your_money_conbined_with_inventory,NPC text,96,你還沒到山窮水盡的地步。
03714,misc.insert.i_think_the_bunker_exit_is_in_the_south,Insert,256,我想地堡出口應該在南邊。
03715,misc.insert.if_you_want_to_live_you_should_equip_a,Insert,256,想活命的話就裝備上一把槍。
03716,quest.kill.green_army_soldier,Quest kill,48,綠軍士兵
03717,quest.kill.cc_soldier,Quest kill,48,深紅公司士兵
03718,misc.insert.scrap_armor,Insert,256,廢棄護甲
03719,ui.not_enough_roubles,User Interface,128,盧布不足
03720,misc.insert.corp,Insert,256,公司
03721,ui.you_have_to_uninstall_the_attachments,User Interface,128,必須先拆卸護木上的配件
03722,ui.you_have_to_uninstall_the_muzzle_flash,User Interface,128,必須先拆卸槍口配件
03723,ui.you_have_to_uninstall_the_handguard,User Interface,128,必須先拆卸護木
03724,misc.insert.crystallized,Insert,256,結晶化
03725,misc.insert.accept_and_play,Insert,256,接受並遊玩
03726,misc.insert.play_without_analytics,Insert,256,拒絕分析並遊玩
03727,misc.insert.our_privacy_policy,Insert,256,我們的隱私政策
03728,misc.insert.gameanalytics_privacy_policy,Insert,256,遊戲分析隱私政策
03729,misc.insert.bandit_b01_armor,Insert,256,強盜B01 護甲
03730,misc.insert.bandit_b02_armor,Insert,256,強盜B02 護甲
03731,misc.insert.bandit_b03_armor,Insert,256,強盜B03 護甲
03732,misc.insert.bandit_b04_armor,Insert,256,強盜B04 護甲
03733,misc.insert.valentin_armor,Insert,256,瓦倫丁護甲
03734,misc.insert.valentin,Insert,256,瓦倫丁
03735,misc.insert.mutated_crystal_armor,Insert,256,變異晶體護甲
03736,misc.insert.lazar_armor,Insert,256,拉扎爾護甲
03737,misc.insert.orel_armor,Insert,256,奧廖爾護甲
03738,misc.insert.nu01_armor,Insert,256,NU01 護甲
03739,misc.insert.nu02_armor,Insert,256,NU02 護甲
03740,misc.insert.nu03_armor,Insert,256,NU03 護甲
03741,misc.insert.armor_wa_0,Insert,256,WA-0 護甲
03742,misc.insert.armor_wa_1,Insert,256,WA-1 護甲
03743,misc.insert.armor_wa_2,Insert,256,WA-2 護甲
03744,misc.insert.armor_wa_3,Insert,256,WA-3 護甲
03745,misc.insert.wa_cyclops_suit,Insert,256,WA 獨眼巨人防護服
03746,misc.insert.crystal_backpack,Insert,256,晶體背包
03747,misc.insert.nu_backpack,Insert,256,NU 背包
03748,misc.insert.rs_25,Insert,256,RS 25
03749,misc.insert.repair_kit_for_the_power_grid,Insert,256,電網修理包
03750,misc.insert.you_have_already_joined_the_green_army,Insert,256,你已加入綠軍
03751,misc.insert.contruction_area,Insert,256,工地
03752,misc.insert.soldier,Insert,256,士兵
03753,npc.captain,NPCs,48,隊長
03754,misc.insert.valentin_s_guard,Insert,256,瓦倫丁的衛兵
03755,misc.insert.quest_generation,Insert,256,任務生成
03756,misc.insert.dr,Insert,256,醫生
03757,misc.insert.strange,Insert,256,奇怪
03758,misc.insert.sergeant,Insert,256,中士
03759,misc.insert.desya,Insert,256,德夏
03760,misc.insert.this_is_none_of_your_business_hunter,Insert,1400,這不關你的事，獵人。
03761,misc.insert.just_chilling_drinking_vodka_smoking,Insert,1400,放鬆一下，喝喝伏特加，抽抽菸。\n就這些。
03762,misc.insert.zero_sievert_has_been_updated_to_version,Insert,256,《ZERO Sievert》已更新至版本 
03763,misc.insert.savedata_conflict,Insert,256,存檔衝突
03764,misc.insert.we_did_not_find_savedata_stored_in_the,Insert,256,系統未在雲端找到存檔數據，但在此裝置上找到了本地存檔。\n\n如果選擇刪除本地存檔，此存檔將從裝置中永久移除，且不會上傳至雲端存儲。\n\n如果選擇保留本地存檔，它將被上傳至雲端存儲。
03765,misc.insert.we_found_local_savedata_that_will_be,Insert,256,系統發現本地存檔即將被雲端的新存檔覆蓋。\n\n如果選擇刪除本地存檔，此存檔將從此裝置中永久移除，且不會上傳至雲端存儲。\n\n如果選擇保留本地存檔，此存檔將被上傳至雲端存儲。
03766,ammo.caliber.45,Bullet Calibers,16,.45 ACP
03767,chest.igor_collected_label,Chests,64,伊戈爾蒐集的雜物
03768,item.name.the_guy_who_saved_me_from_that_strange_sentence,Item names or description,192,救我脫離那個奇怪水晶的人留下了這把鑰匙，也許我應該進一步調查
03769,credits.production_babies_header,Credits,64,開發期間新生兒
03770,skill.hunter.desc.grenade_range_flashbang_immunity_alt,Hunter Skill Description,256,手榴彈的爆炸範圍增加30% ，且不再傷害或致盲自己
03771,quest.desc.sewers_rotfang_scientists_alt,Quest description,None,嗨，獵人！\n還記得那次你去下水道嗎？醫生告訴我，有科學家報告說那裏有奇怪的動靜。\n他們懷疑是從腐牙出沒的區域傳來的。去看看，重點檢查機器之類的東西。\n完成這次任務，你將獲得科學家陣營的聲望。
03772,dialogue.horizon_docks_reworded,Dialogue,None,聽說工業區出現了一個自稱爲地平線的新組織。\n他們既不是軍隊，也不是匪幫，而是裝備精良、意圖不明的企業人員。\n他們封鎖了碼頭，靠近的人要麼拿錢離開...要麼就消失。
03773,credits.lead_marketing_artist,Credits,64,首席市場美術
03774,credits.social_media_manager,Credits,64,社交媒體經理
03775,credits.executive_producer,Credits,64,執行製作人
03776,credits.head_of_communications,Credits,64,傳播負責人
03777,credits.localization,Credits,64,翻譯
03778,credits.lockit_qa,Credits,64,翻譯 QA
03779,credits.studio_director,Credits,64,工作坊總監
03780,credits.localization_manager,Credits,64,翻譯經理
03781,credits.russian,Credits,64,俄語
03782,credits.chinese_simplified,Credits,64,簡體中文
03783,credits.german,Credits,64,德語
03784,credits.japanese,Credits,64,日語
03785,credits.korean,Credits,64,韓語
03786,credits.portuguese_brazil,Credits,64,葡萄牙語（巴西）
03787,credits.spanish_europe,Credits,64,西班牙語（歐洲）
03788,credits.spanish_latin_america,Credits,64,西班牙語（拉美）
03789,credits.font_creation,Credits,64,字體制作
03790,achievement.name.that_must_ve_hurt,Achievement Name,48,那一定很痛
03791,achievement.name.ready_for_action,Achievement Name,48,整裝待發
03792,achievement.name.signal_found,Achievement Name,48,發現信號
03793,achievement.name.pirate_radio,Achievement Name,48,海盜電臺
03794,achievement.name.hoarder_s_paradise,Achievement Name,48,囤積狂
03795,achievement.name.skin_in_the_game,Achievement Name,48,盛裝入場
03796,achievement.name.railway_collector,Achievement Name,48,鐵路收藏家
03797,achievement.name.corporate_climber,Achievement Name,48,公司骨幹
03798,achievement.name.way_cleared,Achievement Name,48,道路暢通
03799,achievement.name.expand_your_horizons,Achievement Name,48,通往無限
03800,achievement.name.made_devil_cry,Achievement Name,48,“惡魔五月哭”
03801,achievement.name.my_bloody_valentine,Achievement Name,48,血腥情人節
03802,achievement.name.lab_assistant,Achievement Name,48,實驗室助手
03803,achievement.name.not_easy_being_green,Achievement Name,48,要想生活過得去
03804,achievement.name.beat_around_the_bush,Achievement Name,48,捕風捉影
03805,achievement.name.shadow_of_zakov,Achievement Name,48,扎科夫的陰影
03806,achievement.name.fashion_show,Achievement Name,48,時裝秀
03807,achievement.name.hail_to_the_rotking_baby,Achievement Name,48,向王致意
03808,achievement.name.dead_drop,Achievement Name,48,死信箱
03809,achievement.name.one_man_s_trash,Achievement Name,48,獨屬一人
03810,achievement.name.crystal_clear,Achievement Name,48,澄澈如初
03811,achievement.name.into_the_unknown,Achievement Name,48,直面未知
03812,achievement.desc.complete_the_prologue,Achievement Description,256,完成序章
03813,achievement.desc.complete_get_some_music_quest,Achievement Description,256,完成任務“搞點音樂”
03814,achievement.desc.play_your_first_track_on_the_radio,Achievement Description,256,在收音機上播放你的第一首曲目
03815,achievement.desc.fill_any_container_to_1000_of_a_single,Achievement Description,256,在任一收納盒中存放 1000+ 物品
03816,achievement.desc.unlock_your_first_train_skin,Achievement Description,256,解鎖第一個列車皮膚
03817,achievement.desc.unlock_all_six_train_skins,Achievement Description,256,解鎖全部六個列車皮膚
03818,achievement.desc.complete_crimson_corporation_questline,Achievement Description,256,完成深紅公司任務線
03819,achievement.desc.defeat_orel_leader_of_the_makeshift_camp,Achievement Description,256,擊殺奧廖爾[臨時營地]
03820,achievement.desc.defeat_voss_commander_of_horizon,Achievement Description,256,擊殺地平線指揮官沃斯
03821,achievement.desc.defeat_the_devil_in_the_parking_lot,Achievement Description,256,擊殺惡魔[商場地下停車場]
03822,achievement.desc.defeat_valentine_in_zakov_city,Achievement Description,256,擊殺瓦倫丁[扎科夫]
03823,achievement.desc.obtain_450_reputation_with_scientists,Achievement Description,256,在科學家陣營中達到450點聲望
03824,achievement.desc.complete_the_green_army_s_questline,Achievement Description,256,完成綠軍的任務線
03825,achievement.desc.defeat_the_phantom_of_the_swamp,Achievement Description,256,擊殺幻影[沼澤]
03826,achievement.desc.complete_the_secret_ending,Achievement Description,256,完成彩蛋結局
03827,achievement.desc.own_each_of_the_bosses_unique_armors,Achievement Description,256,收集齊各個Boss的專屬護甲
03828,achievement.desc.defeat_rotking_who_hides_in_the_sewers,Achievement Description,256,擊殺腐爛之王[沼澤下水道]
03829,achievement.desc.loot_the_phantom_s_hidden_stash,Achievement Description,256,搜刮幻影的物資藏匿點
03830,achievement.desc.find_mr_junk,Achievement Description,256,找到垃圾佬
03831,achievement.desc.defeat_the_outer_deity,Achievement Description,256,擊敗外神
03832,achievement.desc.complete_unknown_s_questline,Achievement Description,256,完成神祕人的任務線
03833,item.context.detach_suppressor,Item Context Usage,12,拆卸槍口
03834,item.context.detach_att_1,Item Context Usage,12,拆卸 1 號配件
03835,item.context.detach_att_2,Item Context Usage,12,拆卸 2 號配件
03836,item.context.detach_att_3,Item Context Usage,12,拆卸 3 號配件
03837,item.context.detach_att_4,Item Context Usage,12,拆卸 4 號配件
03838,ui.shootingrange.green_is_with_mastery,Shooting range displayed data,16,技能加成
03839,faction.inter.no_armor,Interfactions,48,無護甲
03840,faction.inter.class_1,Interfactions,48,1 級護甲
03841,faction.inter.class_2,Interfactions,48,2 級護甲
03842,faction.inter.class_3,Interfactions,48,3 級護甲
03843,faction.inter.class_4,Interfactions,48,4 級護甲
03844,faction.inter.class_5,Interfactions,48,5 級護甲
03845,faction.inter.class_6,Interfactions,48,6 級護甲
03846,ui.all_dummies_resetted,User Interface,128,已重置所有假人
03847,ui.no_armor_selected,User Interface,128,已選擇無護甲假人
03848,ui.class_1_armor_selected,User Interface,128,已選擇 1 級護甲假人
03849,ui.class_2_armor_selected,User Interface,128,已選擇 2 級護甲假人
03850,ui.class_3_armor_selected,User Interface,128,已選擇 3 級護甲假人
03851,ui.class_4_armor_selected,User Interface,128,已選擇 4 級護甲假人
03852,ui.class_5_armor_selected,User Interface,128,已選擇 5 級護甲假人
03853,ui.class_6_armor_selected,User Interface,128,已選擇 6 級護甲假人
03854,item.name.dispaly_markers_to_help_locating_npc,Item names or description,192,標記地堡中的 NPC
03855,spawn.page.module,Spwan Pages,48,模組
03856,spawn.page.book,Spwan Pages,48,書和鑰匙
03857,spawn.page.generic,Spwan Pages,48,雜物
03858,spawn.page.consumable,Spwan Pages,48,消耗品
03859,spawn.page.attachment,Spwan Pages,48,配件
03860,spawn.page.weapon,Spwan Pages,48,武器
03861,ui.not_enough_roubles_caps,User Interface,128,盧布不足
03862,ui.position_already_occupied,User Interface,128,配件位已滿
03863,chest.repair_kit_box,Chests,64,修理套件箱
03864,spawn.page.container,Spwan Pages,48,收納盒
03865,chest.quest_chest,Chests,64,任務物品箱
03866,ui.failed_to_get_a_free_spot_please_try,User Interface,128,無效位置，請重試
03867,ui.stash_location_added_to_the_minimap,User Interface,128,已添加藏匿點到小地圖
03868,ui.you_can_only_use_this_item_in_the_swamp,User Interface,128,只能在沼澤使用此物品
03869,ui.weapon,"User Interface, exit screen",40,武器：
03870,ui.ammo,"User Interface, exit screen",40,彈藥：
03871,ui.this_container_is_empty,User Interface,128,此收納盒是空的
03872,ui.this_container_is_full,User Interface,128,此收納盒已滿！
03873,chest.camera,Chests,64,攝像機
03874,item.name.cassette_hunters_guitar_track,Item Name,32,磁帶 - 獵人吉他曲
03875,item.name.cassette_zero_sievert_ost,Item Name,32,磁帶 - 零希沃特原聲帶
03876,item.name.cassette_apple_tree,Item Name,32,磁帶 - 蘋果樹
03877,item.name.cassette_lovely_day,Item Name,32,磁帶 - 美好的一天
03878,item.name.cassette_monday_blues,Item Name,32,磁帶 - 星期一的憂鬱
03879,item.name.cassette_the_classic,Item Name,32,磁帶 - 經典
03880,item.name.cassette_the_secret,Item Name,32,磁帶 - 祕密
03881,item.name.cassette_window_glance,Item Name,32,磁帶 - 窗外一瞥
03882,item.name.cassette_my_home_the_zone,Item Name,32,磁帶 - 我的家，扎科夫
03883,item.name.cassette_funky_junk,Item Name,32,磁帶 - 動感廢品
03884,item.name.cassette_colours,Item Name,32,磁帶 - 色彩
03885,item.name.cassette_country_roads,Item Name,32,磁帶 - 鄉村路
03886,item.name.cassette_fireplace_folk,Item Name,32,磁帶 - 爐邊民謠
03887,item.name.cassette_forest_walk,Item Name,32,磁帶 - 森林漫步
03888,item.name.cassette_guitar_dance,Item Name,32,磁帶 - 吉他之舞
03889,item.name.cassette_lazy_sunday,Item Name,32,磁帶 - 慵懶週日
03890,item.name.cassette_mellow_morning,Item Name,32,磁帶 - 柔和清晨
03891,item.name.cassette_old_friend,Item Name,32,磁帶 - 老朋友
03892,item.name.cassette_spring_time,Item Name,32,磁帶 - 春日時光
03893,item.name.cassette_train_station,Item Name,32,磁帶 - 火車站
03894,credits.track.hunters_guitar_track,Track Name,48,獵人吉他曲
03895,credits.track.zero_sievert_ost,Track Name,48,零希沃特原聲帶
03896,credits.track.apple_tree,Track Name,48,蘋果樹
03897,credits.track.lovely_day,Track Name,48,美好的一天
03898,credits.track.monday_blues,Track Name,48,星期一的憂鬱
03899,credits.track.the_classic,Track Name,48,經典
03900,credits.track.the_secret,Track Name,48,祕密
03901,credits.track.window_glance,Track Name,48,窗外一瞥
03902,credits.track.my_home_the_zone,Track Name,48,我的家，封鎖區
03903,credits.track.funky_junk,Track Name,48,動感廢品
03904,credits.track.colours,Track Name,48,色彩
03905,credits.track.country_roads,Track Name,48,鄉村路
03906,credits.track.fireplace_folk,Track Name,48,爐邊民謠
03907,credits.track.forest_walk,Track Name,48,森林漫步
03908,credits.track.guitar_dance,Track Name,48,吉他之舞
03909,credits.track.lazy_sunday,Track Name,48,慵懶週日
03910,credits.track.mellow_morning,Track Name,48,柔和清晨
03911,credits.track.old_friend,Track Name,48,老朋友
03912,credits.track.spring_time,Track Name,48,春日時光
03913,credits.track.train_station,Track Name,48,火車站
03914,credits.artist.kupfergruen,Artist Name,48,庫普弗格倫
03915,credits.artist.igor,Artist Name,48,伊戈爾
03916,credits.artist.kylel,Artist Name,48,KyleL
03917,credits.artist.mrjunk,Artist Name,48,垃圾佬
03918,credits.artist.the_loners,Artist Name,48,獨狼
03919,faction.inter.track_info,Interfactions,48,曲目信息
03920,ui.no_casssette_found,User Interface,128,未找到磁帶！
03921,ui.track_unlocked,User Interface,128,已解鎖曲目
03922,npc.phantom,NPCs,48,幻影
03923,trade.barter.phantom_s_stash_coordinate,Barter,72,幻影的物資藏匿點座標
03924,chest.phantom_s_stash,Chests,64,幻影的物資藏匿點
03925,map.marker.phantom_s_stash,Marker names,48,幻影的物資藏匿點
03926,trade.barter.special_tool_box_sawmill_indoor,Barter,72,特殊工具箱[鋸木廠室內]
03927,trade.barter.special_tool_box_sawmill_outdoor,Barter,72,特殊工具箱[鋸木廠室外]
03928,trade.barter.rare_vodka,Barter,72,高品質的伏特加
03929,trade.barter.police_briefcase,Barter,72,警用公事包
03930,trade.barter.rare_circuit,Barter,72,稀有電路
03931,trade.barter.good_condition_car_battery,Barter,72,狀況良好的汽車電池
03932,trade.barter.motel_briefcase,Barter,72,汽車旅館公事包
03933,trade.barter.special_tool_box_old_train_station,Barter,72,特殊工具箱[舊火車站]
03934,trade.barter.laboratory_documents_1,Barter,72,實驗室 1 號檔案
03935,trade.barter.laboratory_documents_2,Barter,72,實驗室 2 號檔案
03936,trade.barter.special_tool_box_sewer,Barter,72,特殊工具箱[下水道]
03937,trade.barter.rotor_sewer,Barter,72,轉子[下水道]
03938,trade.barter.briefcase_sewer,Barter,72,公事包[下水道]
03939,trade.barter.usb_data_1_mall,Barter,72,1 號 USB[商場]
03940,trade.barter.rare_whisky_mall,Barter,72,高品質的威士忌[商場]
03941,trade.barter.shoes_mall,Barter,72,鞋[商場]
03942,trade.barter.special_tool_box_1_mall,Barter,72,1號特殊工具箱[商場]
03943,trade.barter.dumbell_mall,Barter,72,啞鈴[商場]
03944,trade.barter.med_box_mall,Barter,72,醫療箱[商場]
03945,trade.barter.rotor_1_mall,Barter,72,1號轉子[商場]
03946,trade.barter.toilet_paper_mall,Barter,72,衛生紙[商場]
03947,trade.barter.gamestation_mall,Barter,72,遊戲機[商場]
03948,trade.barter.box_of_ammo_mall,Barter,72,彈藥箱[商場]
03949,trade.barter.sapphire_necklace_mall,Barter,72,藍寶石項鍊[商場]
03950,trade.barter.rotor_2_mall,Barter,72,2 號轉子[商場]
03951,trade.barter.usb_data_2_mall,Barter,72,2 號 USB[商場]
03952,trade.barter.special_tool_box_2_mall,Barter,72,2號特殊工具箱[商場]
03953,trade.barter.cctv_camera_1_mall,Barter,72,1號監控攝像頭[商場]
03954,trade.barter.cctv_camera_2_mall,Barter,72,2號監控攝像頭[商場]
03955,trade.barter.concrete_bag_industrial_area,Barter,72,水泥箱[工業區]
03956,trade.barter.rotor_industrial_area,Barter,72,轉子[工業區]
03957,trade.barter.special_tool_box_1_industrial_area,Barter,72,1號特殊工具箱[工業區]
03958,trade.barter.usb_data_1_industrial_area,Barter,72,1 號 USB[工業區]
03959,trade.barter.briefcase_industrial_area,Barter,72,公事包[工業區]
03960,trade.barter.electric_motor_industrial_area,Barter,72,電動馬達[工業區]
03961,trade.barter.car_battery_zakov,Barter,72,汽車電池[扎科夫]
03962,trade.barter.briefcase_1_zakov,Barter,72,1 號公事包[扎科夫]
03963,trade.barter.briefcase_2_zakov,Barter,72,2 號公事包[扎科夫]
03964,trade.barter.special_tool_box_1_zakov,Barter,72,1號特殊工具箱[扎科夫]
03965,trade.barter.usb_data_1_zakov,Barter,72,1號USB[扎科夫]
03966,trade.barter.fire_station_documents_zakov,Barter,72,消防站檔案[扎科夫]
03967,trade.barter.police_station_documents_zakov,Barter,72,警察局檔案[扎科夫]
03968,trade.barter.gas_tank_zakov,Barter,72,氣罐[扎科夫]
03969,trade.barter.med_box_zakov,Barter,72,醫療箱[扎科夫]
03970,trade.barter.briefcase_3_zakov,Barter,72,3 號公事包[扎科夫]
03971,trade.barter.expensive_coffee_zakov,Barter,72,珍貴咖啡[扎科夫]
03972,trade.barter.sapphire_necklace_zakov,Barter,72,藍寶石項鍊[扎科夫]
03973,trade.barter.carton_of_cigarettes_zakov,Barter,72,條裝香菸[扎科夫]
03974,trade.barter.dumbell_zakov,Barter,72,啞鈴[扎科夫]
03975,trade.barter.shoes_1_zakov,Barter,72,1 號鞋[扎科夫]
03976,trade.barter.shoes_2_zakov,Barter,72,2 號鞋[扎科夫]
03977,trade.barter.expensive_wine_zakov,Barter,72,珍貴紅酒[扎科夫]
03978,trade.barter.book_zakov,Barter,72,書[扎科夫]
03979,trade.barter.pasta_zakov,Barter,72,義大利麵[扎科夫]
03980,trade.barter.cctv_zakov,Barter,72,監控攝像頭[扎科夫]
03981,trade.barter.usb_data_2_zakov,Barter,72,2 號 USB[扎科夫]
03982,trade.barter.briefcase_4_zakov,Barter,72,4 號公事包[扎科夫]
03983,trade.barter.briefcase_5_zakov,Barter,72,5 號公事包[扎科夫]
03984,trade.barter.briefcase_6_zakov,Barter,72,6 號公事包[扎科夫]
03985,ui.you_have_unlocked_a_new_train_type,User Interface,128,已解鎖列車塗裝
03986,settings.vsync,Settings option,64,垂直同步
03987,item.name.ghillie_suit,Item name,64,吉利服
03988,item.desc.enemies_take_longer_to_spot_you,Item Description,256,敵人初次發現你的速度會變慢
03989,npc.text.there_is_a_letter_in_a_camp_further_west,NPC text,64,西邊遠處的營地有封信。
03990,weapon.santa,Weapons,64,聖誕老人
03991,ammo.caliber.0_45,Bullet Calibers,16,.45 ACP
03992,map.generation.preparing_map_generation,Map Generation,64,正在準備生成地圖
03993,item.context.use_item,Item Context Usage,12,使用物品
03994,settings.ui_radiation_sound,Setting,64,UI輻射音效
03995,ui.1_location1,User Interface,40,[1] 地點 1
03996,ui.2_location2,User Interface,40,[2] 地點 2
03997,map.3h,Map weather forecast hours,8,3 小時
03998,map.6h,Map weather forecast hours,8,6 小時
03999,ui.popup.it_seems_the_game_failed_to_load,Startup error popup text,256,遊戲上次啓動時似乎未能正確加載
04000,ui.popup.try_again,Startup error popup text,24,重試
04001,workshop.not_loaded,Steam workshop mod upload,24,未加載
04002,settings.video.toggle_vertical_synchronization,Video setting,64,切換垂直同步
04003,settings.video.toggle_pixel_art_upscaling_filter,Video setting,256,切換像素畫放大濾鏡（減少像素「閃爍」，可能導致部分性能折損）
04004,ui.death_cause_bled_out,"User Interface, exit screen",40,失血過多
04005,ui.death_cause_anomaly,"User Interface, exit screen",40,死於異常現象
04006,ui.death_cause_explosion,"User Interface, exit screen",40,死於爆炸
04007,ui.death_cause_blowout,"User Interface, exit screen",40,死於輻射風暴
04008,ui.death_cause_crush,"User Interface, exit screen",40,被壓死
04009,ui.death_cause_environment,"User Interface, exit screen",40,死於環境傷害
04010,ui.death_cause_unknown,"User Interface, exit screen",40,死因不明
04011,ui.death_survival_time,"User Interface, exit screen",40,生還
04012,ui.death_cause_radiation,"User Interface, exit screen",40,死於輻射
04013,ui.death_cause_starvation,"User Interface, exit screen",40,活活餓死
04014,ui.death_cause_dehydration,"User Interface, exit screen",40,渴死
04015,tutorial.ftue.weapon_durability_wears_down,First Time User Experience UI,256,我的武器會隨着使用而磨損，耐久太低就會卡殼，所以得注意保養，用武器修理包就能修好。
04016,difficulty.menu.survivor,Difficulty Menu,32,倖存者
04017,difficulty.menu.axis_combat,Difficulty Menu,16,戰鬥
04018,difficulty.menu.axis_loot_trade,Difficulty Menu,16,戰利品與交易
04019,difficulty.menu.axis_gear_quality,Difficulty Menu,16,裝備品質
04020,difficulty.menu.axis_death_penalty,Difficulty Menu,16,死亡懲罰
04021,difficulty.menu.keep_your_gear,Difficulty Menu,24,保留裝備
04022,difficulty.menu.lose_most_gear,Difficulty Menu,24,失去大部分裝備
04023,difficulty.menu.recommended,Difficulty Menu,16,推薦
04024,difficulty.menu.select,Difficulty Menu,16,選擇
04025,difficulty.menu.custom_desc,Difficulty Menu,32,自定義全部設定
04026,difficulty.menu.axis_weapon_reliability,Difficulty Menu,24,武器可靠性
04027,difficulty.menu.reliable,Difficulty Menu,24,極少卡殼
04028,difficulty.menu.can_jam,Difficulty Menu,24,正常卡殼幾率
04029,difficulty.modifier.weapon_jam_enabled,Difficulty modifier names,72,武器可能卡殼
04030,status.warn.bleed,Status warnings,16,流血
04031,status.warn.hunger,Status warnings,16,飢餓
04032,status.warn.thirst,Status warnings,16,口渴
04033,status.warn.fatigue,Status warnings,16,力竭
04034,status.warn.radiation,Status warnings,16,高輻射
04035,status.warn.low_health,Status warnings,16,生命垂危
04036,status.warn.wound,Status warnings,16,受傷
04037,npc.text.harm_bleed,NPC text,96,我流血了。
04038,npc.text.harm_hunger,NPC text,96,我得喫點東西。
04039,npc.text.harm_thirst,NPC text,96,我需要水。
04040,npc.text.harm_fatigue,NPC text,96,我筋疲力盡了。
04041,npc.text.harm_radiation,NPC text,96,這輻射太高了。
04042,npc.text.harm_low_health,NPC text,96,我傷得很重。
04043,npc.text.harm_wound,NPC text,96,傷口情況很糟。
04044,npc.text.prologue_ghoul_comment,NPC text,96,那些到底是什麼東西？
04045,npc.text.prologue_bandit_comment,NPC text,96,強盜真不少，也許我能繞過去。
04046,tutorial.open_inventory_for_medkit,Tutorial text,128,打開物品欄使用醫療包
04047,tutorial.clear_weapon_jam,Tutorial text,128,你的武器卡殼了。快清膛！
04048,npc.text.prologue_viktor_kit,NPC text,96,你的槍狀況不佳，給你個修理包。
04049,difficulty.menu.reduced_weapon_wear,Difficulty Menu,32,降低武器磨損
04050,tutorial.equip_your_backpack,Tutorial text,128,從物品欄中裝備背包。
04051,tutorial.ftue.weapon_durability_wears_down_hud,First Time User Experience UI,256,我的武器會隨着使用而磨損，耐久太低就會卡殼，所以得注意保養，用武器修理包就能修好，屏幕上會顯示它的當前狀況。
04052,difficulty.menu.prologue_complete_adjust,Difficulty Menu,192,你已完成序章任務。\n現在可以自由調整難度。\n隨時都能在設定中進行更改。
04053,difficulty.menu.standard,Difficulty Menu,32,標準
04054,tutorial.retrieve_your_backpack,Tutorial text,128,從箱子裏拿出背包並裝備上。
04055,tutorial.ftue.weapon_durability_wears_down_2,First Time User Experience UI,256,耐久太低就會卡殼，所以得注意保養。
04056,tutorial.ftue.weapon_durability_wears_down_3,First Time User Experience UI,256,用武器修理包就能修好。
04057,tutorial.ftue.weapon_durability_wears_down_hud_2,First Time User Experience UI,256,耐久太低就會卡殼，所以得注意保養。
04058,tutorial.ftue.weapon_durability_wears_down_hud_3,First Time User Experience UI,256,用武器修理包就能修好。
04059,tutorial.ftue.weapon_durability_wears_down_hud_4,First Time User Experience UI,256,屏幕上會顯示它的狀況。
04060,tutorial.ftue.weapon_durability_wears_down_1,First Time User Experience UI,256,我的武器會隨着使用而磨損。
04061,tutorial.ftue.weapon_durability_wears_down_hud_1,First Time User Experience UI,256,我的武器會隨着使用而磨損。
04062,ui.start_prologue,User Interface,40,開始序章
04063,ui.start_main_game,User Interface,40,開始正式遊戲
04064,tutorial.ftue.interactable_scroll,First Time User Experience UI,256,使用滑鼠滾輪選擇要進行的互動
04065,settings.gameplay.auto_switch_ammo,Gameplay settings,64,自動切換彈藥
04066,settings.gameplay.auto_switch_ammo_description,Gameplay setting tooltip,256,當前彈藥耗盡時，若物品欄中某種兼容彈藥的數量多於當前所用彈藥總數，則自動裝填儲備最充足的兼容彈藥。
04067,ui.auto_switching_ammo,"User Interface, player reload",128,自動切換爲[ITEM_NAME]
04068,ammo.type.5_56x45mm_m856a1,Ammo Types,64,5.56x45mm m856A1
04069,item.name.container_5_56x45mm_m856a1,Item name,64,容器：5.56x45mm m856A1 彈
04070,item.name.container_50_bmg,Item name,64,容器：.50 BMG 彈
04071,difficulty.menu.standard_difficulty_text,Difficulty menu,750,推薦新手選擇，此難度能提供原汁原味的《ZERO Sievert》平衡體驗。\n資源和物資不再唾手可得，仔細搜刮並提前規劃才能獲得足夠補給；\n敵人將構成實質性威脅，其反應果斷且傷害不俗，因此戰鬥時需要穩定瞄準併合理走位；\n角色擁有一定的生命值，足以讓你在犯錯後存活，但切不可掉以輕心。
04072,settings.sound.human_attack_voice,Sound Setting,64,人類攻擊語音
04073,settings.sound.human_attack_voice_desc,Audio Setting Description,128,當被敵對人類發現時播放語音提示，此設定不影響生物或玩家狀態警告。
04074,ui.popup.only_available_with_save,User Interface Popup,128,僅在加載存檔後可用。
04075,settings.show_durability_warnings,Setting name,32,顯示耐久度警告
04076,settings.show_durability_warnings_desc,Setting Description,128,武器和護甲耐久度過低時，在界面上顯示警告圖標
04077,hud.durability.weapon_worn,HUD durability tooltip,32,武器磨損（[DUR]% ）
04078,hud.durability.weapon_damaged,HUD durability tooltip,32,武器破損（[DUR]% ）
04079,hud.durability.weapon_failing,HUD durability tooltip,32,武器故障（[DUR]% ）
04080,hud.durability.armor_worn,HUD durability tooltip,32,護甲磨損（[DUR]% ）
04081,hud.durability.armor_damaged,HUD durability tooltip,32,護甲破損（[DUR]% ）
04082,hud.durability.armor_broken,HUD durability tooltip,32,護甲損毀（[DUR]% ）
04083,hud.durability.jam_chance,HUD durability tooltip,32,[VAL]% 卡殼幾率
04084,hud.durability.reduced_accuracy,HUD durability tooltip,32,精度降低
04085,hud.durability.penetration_chance,HUD durability tooltip,32, +[VAL]% 穿透幾率
04086,npc.text.armor_damaged_1,Player durability bark,64,幹，護甲碎成渣了！
04087,npc.text.armor_destroyed_1,Player durability bark,64,護甲廢了，得修一下。
04088,npc.text.armor_destroyed_2,Player durability bark,64,護甲廢了，得換一件。
04089,npc.text.armor_destroyed_3,Player durability bark,64,護甲全毀了，得換一件！
04090,npc.text.armor_destroyed_4,Player durability bark,64,護甲全毀了，得趕緊修一下！
04091,npc.text.weapon_damaged_1,Player durability bark,64,幹，槍壞了。
04092,npc.text.weapon_failing_1,Player durability bark,64,槍快不行了，得修一下。
04093,npc.text.weapon_failing_2,Player durability bark,64,槍快卡殼了，得保養一下。
04094,npc.text.weapon_failing_3,Player durability bark,64,幹，槍壞了，得修一下。
04095,npc.interaction.conductor_go_to_npp,Dialogue option to take the player to the power plant for the last mission,64,帶我去核電站

05000,"When ON, tap to toggle sprinting on and off; when OFF, hold the key to sprint.",Gameplay setting tooltip,128,開啟時，點擊切換衝刺狀態；關閉時，按住按鍵衝刺
05001,"When ON, weapons wear at 25% of the normal rate, so they seldom reach the jam threshold.",Difficulty menu tooltips,128,開啟時，武器磨損速度爲正常的25% ，所以很少會達到卡殼閾值
05002,suppressor 7.62x51 PTS/UDK Ghillie,Weapon Mods,64,7.62x51 吉利偽裝消音器（PTS/UDK 規格）
05003,".50 bmg standard",Ammo Types,64,.50 BMG 標準
05004,"N1o ghillie stock",Weapon Mods,64,N1o 吉利偽裝槍托