String ID,Dev Notes / Context,Character Limit,Text
New Game,Main Menu,15,新遊戲
Resume Game,Main Menu,15,繼續遊戲
Load Game,Main Menu,15,載入遊戲
Settings,Main Menu,15,設定
Tutorial,Main Menu,15,教學
Patch Notes,Main Menu,15,更新日誌
Credits,Main Menu,15,製作名單
Difficulty Settings,Difficulty Menu,24,難度設定
Presents,Difficulty Menu,32,預設
Trading,Difficulty Menu,32,交易
Loot,Difficulty Menu,32,搜刮
Progression,Difficulty Menu,32,遊戲節奏
Enemies,Difficulty Menu,32,敵人
Hardcore,Difficulty Menu,32,硬核
Rookie,Difficulty Menu,32,新手
Survivor,Difficulty Menu/Loadout name,32,倖存者
Hunter,Difficulty Menu,32,獵人
Sell Multiplier,Difficulty Menu,32,商品賣出價格
Items Amount,Difficulty Menu,32,物品數量
Amount Of Single Item,Difficulty Menu,32,單項物品數量
Minimum Weapons Durability,Difficulty Menu,32,掉落武器最低耐久
Maximum Weapons Durability,Difficulty Menu,32,掉落武器最大耐久
NPCs Drop Armor,Difficulty Menu,32,NPC 掉落護甲
NPC Ammo Amount,Difficulty Menu,32,NPC 掉落彈藥數量
Character Health,Difficulty Menu,32,角色生命值
Minimum Transportable Weight,Difficulty Menu,32,負重上限
Hunger/Thirst Decay Rate,Difficulty Menu,32,飢餓/口渴消耗
Reputation Multiplier,Difficulty Menu,32,聲望倍率
Skill Experience Multiplier,Difficulty Menu,32,技能經驗值倍率
Reputation From Quests,Difficulty Menu,32,任務聲望報酬
Roubles From Quests,Difficulty Menu,32,任務盧布報酬
Items From Quests,Difficulty Menu,32,任務物品報酬
Service Price,Difficulty Menu,32,服務費
Human Health,Difficulty Menu,32,人類生命值
Human Damage Dealt,"Difficulty Menu, damage dealt to humans",32,人類傷害
Mutant Health,Difficulty Menu,32,變異體生命值
Mutant Damage Dealt,"Difficulty Menu, damage dealt to mutants",32,變異體傷害
Lose Equipment,Difficulty Menu,32,失去裝備
Lose Ammo,Difficulty Menu,32,失去彈藥
Lose Medication,Difficulty Menu,32,失去醫療用品
Lose Consumable,Difficulty Menu,32,失去消耗品
Lose Keys,Difficulty Menu,32,失去鑰匙
Lose Other Item,Difficulty Menu,32,失去其他物品
Perma Death,Difficulty Menu,32,永久死亡
Traders Money,Difficulty Menu,32,商人資金
Price: Weapons,Difficulty Menu,32,武器價格
Price: Armors,Difficulty Menu,32,護甲價格
Price: Backpacks,Difficulty Menu,32,背包價格
Price: Ammo,Difficulty Menu,32,彈藥價格
Price: Medications,Difficulty Menu,32,醫療用品價格
Buy for,Trading menu,32,購買
Next,"General Usage, go forward a step or menu",16,繼續
Exit,"General Usage, go forward a step or menu",16,離開
On,"General Usage, On as in enabled",16,開啟
Off,"General Usage, Off as in disabled",16,關閉
Go,"General Usage, select an option or go to a place",16,前往
Extras,"General Usage, indicating additional options",16,其他
Track,"General Usage, track a requirement or object",16,追蹤
Reward,Quest Rewards,24,報酬
Exp,Quest Rewards,16,經驗值
Rep,Quest Rewards,16,聲望
Requirements,"General Usage, quest or crafting conditions",24,需求
General,"General Usage, meaning general usage",24,一般
Deal,"General Usage, accepting a deal or offer",18,成交
Forest,Map/Area Name,28,森林
Makeshift camp,Quest names,64,臨時營地
Industrial area,Map/Area Name,28,工業區
Swamp,Map/Area Name,28,沼澤
Mall,Map/Area Name,28,商場
CNPP,Map/Area Name,28,核電廠
Zakov,Map/Area Name,28,扎科夫
Rural area,Map/Area Name,28,農村
Are you sure you want to scrap this item?,Scrap Menu,72,確定要分解此物品嗎？
"No, keep it",Scrap Menu,32,不，保留它
"Yes, destroy it",Scrap Menu,32,是，銷毀它
Add Marker,Marker context menu,24,新增標記
Remove Marker,Marker context menu,24,移除標記
Medication,Crafting Menu,24,醫療用品
Ammunition,Crafting Menu,24,彈藥
Food,Crafting Menu,24,食物
Repair Kit,Crafting Menu,24,修理套件
Repair Gear,Crafting Menu,24,修理裝備
Mod Weapons,Crafting Menu,24,改裝武器
Modules Tier 1,Crafting Menu,24,一階模組
Modules Tier 2,Crafting Menu,24,二階模組
Required Items,Crafting Menu,24,所需物品
No additional requirements,Crafting Menu,32,無額外需求
Craft,Crafting Menu,24,製作
Inventory,Inventory Menu,32,背包
Ground,Inventory Menu,32,地面
Anti bleed gel,Medication Items,32,止血凝膠
Bandage,Medication Items,32,繃帶
Sterilised bandage,Medication Items,32,消毒繃帶
First aid medikit,Medication Items,32,急救醫療包
Professional medikit,Medication Items,32,專業醫療包
Improvised medikit,Medication Items,32,簡易醫療包
Standard medikit,Medication Items,32,標準醫療包
Modern medikit,Medication Items,32,現代醫療包
Medikit T-000,Medication Items,32,T-000 醫療包
Anti-rad pills,Medication Items,32,抗輻射藥丸
Assault,Loadout name,20,突擊
The tried and tested choice. A versatile loadout that's generally effective at most ranges but excels at none of them.,Loadouts - Description,160,經典可靠的組合。在大多數距離內都有效，但沒有特別突出的優勢。
Bruiser,Loadout name,20,鬥士
Get in close and make them hurt! What it lacks in range it makes up for in close-range superiority.,Loadouts - Description,160,貼身肉搏，予以敵人迎頭痛擊！雖然射程不足，但在近距離擁有壓倒性優勢。
Marksman,Loadout name,20,神射手
They'll never see it coming. Scout out targets from afar and pick them off one-by-one. Just don't let them get too close.,Loadouts - Description,160,他們永遠無法預見死亡的到來。遠距離偵察，一個接着一個，遠遠地擊殺敵人。
Ranger,Loadout name,20,游擊隊員
Precision on the move. Great at mid-to-long range engagements with the ability to outrange most guns. Keep a sidearm handy for when they're too close.,Loadouts - Description,160,飄搖不定，若即若離，依靠射程優勢打擊敵人，在他們逼近時則用短兵還以顏色。
Tactical Operator,Loadout name,20,戰術幹員
Who needs big guns? Reposition quickly and use your trusty pistol and starting flashbangs to come out on top.,Loadouts - Description,160,以小博大，緊張刺激！用手槍和閃光彈確立優勢。
Someone packed light. This is going to be rough.,Loadouts - Description,160,輕裝上陣，沒什麼可怕的。
Backpack 1,Backpacks,48,1級背包
Military standard backpack,Backpacks,48,標準軍用背包
Military high capacity backpack,Backpacks,48,大容量軍用背包
RTU Backpack,Backpacks,48,RTU 背包
RTU-000 Backpack,Backpacks,48,RTU-000 背包
SZX-100 Backpack,Backpacks,48,SZX-100 背包
HFY Backpack,Backpacks,48,HFY 背包
TQ001 Backpack,Backpacks,48,TQ001 背包
EXE Backpack,Backpacks,48,EXE 背包
ZXOP-500 Backpack,Backpacks,48,ZXOP-500 背包
School bag,Backpacks,48,書包
Santa's Backpack,Backpacks,48,聖誕背包
Backpack small,Backpacks,48,小型背包
Class A documents,Documents,48,A 級檔案
Class B documents,Documents,48,B 級檔案
Class C documents,Documents,48,C 級檔案
Class D documents,Documents,48,D 級檔案
Secret documents. Hand these to a faction leader to improve your reputation.,Documents,96,機密文件。將其交給陣營領袖可提升聲望。
Electrical Anomaly,NPCs,48,電擊異常
Fiery Anomaly,NPCs,48,火焰異常
Arman,NPCs,48,阿爾曼
Lazar,NPCs,48,拉扎爾
Lazar's Guard,NPCs,48,拉扎爾的近衛
Orel,NPCs,48,奧廖爾
Doctor,NPCs,48,醫生
Networker,NPCs,48,聯絡員
Barman,NPCs,48,酒保
Big,NPCs,48,「大塊頭」
Blink,NPCs,48,「閃爍」
Boar,NPCs,48,野豬
Mutated Boar,NPCs,48,變異野豬
Soldier Gedeon Bogdanov,NPCs,48,士兵 - 吉迪恩·博格達諾夫
Conductor,NPCs,48,列車長
Soldier Ermolai Vlasov,NPCs,48,士兵 - 埃爾莫萊·弗拉索夫
Joel Emerson,NPCs,48,喬爾·埃默森
Max Parker,NPCs,48,馬克斯·帕克
Daniel Baker,NPCs,48,丹尼爾·貝克
Crow,NPCs,48,烏鴉
The Networker,NPCs,48,聯絡員
Engineer Volkov,NPCs,48,工程師 - 沃爾科夫
Igor Kuzmin,NPCs,48,伊戈爾·庫茲明
Ghoul,NPCs,48,食屍鬼
Soldier Yakim Borisov,NPCs,48,士兵 - 雅基姆·鮑里索夫
Soldier Vadim Borisov,NPCs,48,士兵 - 瓦迪姆·鮑里索夫
Soldier Kodiak Vlasov,NPCs,48,士兵 - 科迪亞克·弗拉索夫
The Guide,NPCs,48,嚮導
infestation,NPCs,48,感染源
Mr. Junk,NPCs,48,「垃圾」先生
Kibba,NPCs,48,基巴
Reynard Shepard,NPCs,48,雷納德·謝潑德
General Artemovich,NPCs,48,將軍 - 阿爾捷莫維奇
Henry Davies,NPCs,48,亨利·戴維斯
The Doctor,NPCs,48,醫生
Dimitriy Alexeev,NPCs,48,德米特里·阿列克謝耶夫
Crimson Assassin,NPCs,48,深紅公司殺手
Sergeant Desya Popo,NPCs,48,中士 - 德西亞·波波
Rabbit,NPCs,48,兔子
Rat,NPCs,48,老鼠
Santa Claus,NPCs,48,聖誕老人
Chief Scientist Isaak Fedorov,NPCs,48,首席科學家 - 伊薩克·費奧多羅夫
Mutated Spider,NPCs,48,變異蜘蛛
Spine,NPCs,48,「脊椎」
Alexei Andreevich,NPCs,48,阿列克謝·安德烈耶維奇
Osip Andreevich,NPCs,48,奧西普·安德烈耶維奇
Riley Evans,NPCs,48,萊利·埃文斯
Viktor Tutorialovich,NPCs,48,維克托·圖圖洛維奇
Unknown,NPCs,48,神祕人
Wolf,NPCs,48,狼
Zombie,NPCs,48,殭屍
Armor repair kit,Armor Repair,48,護甲修理套件
"To use this repair kit put the weapon in the primary slot, right click the repair kit and use the green box.",Armor Repair Description,256,要使用此修理套件，請將武器裝備至主欄位，並右鍵使用以進行修理
"To use this repair kit put the weapon in the primary slot, right click the repair kit and use the item.",Item description,256,要使用此修理套件，請將武器裝備至主欄位，並右鍵使用以進行修理
"To use this repair kit equip the armor, right click the repair kit and use the item.",Armor Repair Description,256,要使用此修理套件，請裝備護甲，並右鍵點擊修理套件以進行修理
Weapon repair kit,Weapon Repair,48,武器修理套件
Total Hunts,Stats,48,總狩獵次數
Hunts Survived,Stats,48,成功撤離次數
Survival Rate %,Stats,48,成功率%
Best survival streak,Stats,48,最高連續撤離次數
Current survival streak,Stats,48,目前連續撤離次數
Total money received,Stats,48,狩獵行動總收入
Most money from a single hunt,Stats,48,單次狩獵最高收入
Most exp from a single hunt,Stats,48,單次狩獵獲得的最高經驗值
Total human killed,Stats,48,總人類擊殺
Bandits,Stats/Factions,48,強盜
Green army,Stats/Factions,48,綠軍
Crimson Corporation,Stats/Factions,48,深紅公司
Scientist,Stats/Factions,48,科學家
Loner,Stats/Factions,48,獨行俠
???,Stats,48,???
Boss: Lazar,Stats,48,首領：拉扎爾
Boss: Arman,Stats,48,首領：阿爾曼
Boss: Orel,Stats,48,首領：奧廖爾
Boss: Kibba,Stats,48,首領：基巴
Total mutants killed,Stats,48,擊殺變異體
Total chest opened,Stats,48,總容器搜刮
Tool box,Stats,48,工具箱
Medication box,Stats,48,醫療用品箱
Electronics box,Stats,48,電子元件箱
Bag,Stats,48,袋子
Cabinet,Stats,48,櫃子
Safe,Stats,48,保險箱
Wood box,Stats,48,木箱
Hidden stash,Stats,48,隱藏儲藏
Weapon box,Stats,48,武器箱
Attachment box,Stats,48,配件箱
Vending machine,Stats,48,自動販賣機
Crystal,Stats,48,水晶
Tikhon Romanov,Traders,48,季洪·羅曼諾夫
Medication And Food,Trader Pages,48,醫療用品與食物
Equipment,Trader Pages,48,裝備
Pistol And SMG,Trader Pages,48,手槍與衝鋒槍
Shotgun,Trader Pages,48,散彈槍
Sniper Rifle And DMR,Trader Pages,48,狙擊槍與精確射手步槍
Stock And Barrel,Trader Pages,48,槍托與槍管
Magazine,Trader Pages,48,彈匣
Handguard And Pistol Grip,Trader Pages,48,護木與握把
Attachment And Scope,Trader Pages,48,配件和瞄準鏡
Building kit: ammo 1,Upgrade Base Kit,48,建造套件：彈藥 1
Building kit: ammo 2,Upgrade Base Kit,48,建造套件：彈藥 2
Building kit: Bedroom 1,Upgrade Base Kit,48,建造套件：臥室 1
Building kit: Bedroom 2,Upgrade Base Kit,48,建造套件：臥室 2
Building kit: forge 1,Upgrade Base Kit,48,建造套件：鍛造 1
Building kit: forge 2,Upgrade Base Kit,48,建造套件：鍛造 2
Building kit: garden 1,Upgrade Base Kit,48,建造套件：花園 1
Building kit: garden 2,Upgrade Base Kit,48,建造套件：花園 2
Building kit: gym 1,Upgrade Base Kit,48,建造套件：健身房 1
Building kit: gym 2,Upgrade Base Kit,48,建造套件：健身房 2
Building kit: Infirmary 1,Upgrade Base Kit,48,建造套件：醫務室 1
Building kit: Infirmary 2,Upgrade Base Kit,48,建造套件：醫務室 2
Building kit: kitchen 1,Upgrade Base Kit,48,建造套件：廚房 1
Building kit: kitchen 2,Upgrade Base Kit,48,建造套件：廚房 2
Building kit: Radio station 1,Upgrade Base Kit,48,建造套件：廣播電台 1
Building kit: Radio station 2,Upgrade Base Kit,48,建造套件：廣播電台 2
Building kit: recycling 1,Upgrade Base Kit,48,建造套件：回收 1
Building kit: recycling 2,Upgrade Base Kit,48,建造套件：回收 2
Building kit: scavenger 1,Upgrade Base Kit,48,建造套件：拾荒者 1
Building kit: scavenger 2,Upgrade Base Kit,48,建造套件：拾荒者 2
Building kit: shooting range 1,Upgrade Base Kit,48,建造套件：射擊場 1
Building kit: shooting range 2,Upgrade Base Kit,48,建造套件：射擊場 2
Building kit: storage 1,Upgrade Base Kit,48,建造套件：儲藏 1
Building kit: storage 2,Upgrade Base Kit,48,建造套件：儲藏 2
Building kit: workshop 1,Upgrade Base Kit,48,建造套件：工坊 1
Building kit: workshop 2,Upgrade Base Kit,48,建造套件：工坊 2
Foregrip,Weapon Mods,64,前握把
"Muzzle brake PPD-3C for 9x18, 9x19",Weapon Mods,64,9x18、9x19 PPD-3C 槍口制退器
TR-15 WM stock War Machine,Weapon Mods,64,AR-15「戰爭機器」槍托
TR-15 B mag magazine GEN T3 desert,Weapon Mods,64,PMAG 30 AR/M4 GEN M3 沙漠色彈匣
TR-15 pistol grip,Weapon Mods,64,AR-15 手槍握把
Batko MKM handguard,Weapon Mods,64,TAPCO SKS 護木
EC standard stock,Weapon Mods,64,AK 標準槍托
VS-98 5 round magazine,Weapon Mods,64,SV-98 5發彈匣
EC standard handguard,Weapon Mods,64,AK 標準護木
suppressor 762x25,Weapon Mods,64,7.62x25 消音器
EC series long barrel,Weapon Mods,64,AK 長槍管
Milosun red dot,Weapon Mods,64,Holosun 紅點瞄準鏡
PRK standard handguard,Weapon Mods,64,RPK 標準護木
F90 attachment rail,Weapon Mods,64,P90 導軌
NC 47 long barrel,Weapon Mods,64,Mk47 長槍管
Grusa double rail,Weapon Mods,64,OTs-14 雙導軌
G76 short barrel,Weapon Mods,64,G36 短槍管
Fanaz standard pistol grip,Weapon Mods,64,FAMAS 標準手槍握把
Sha-12 long suppressor,Weapon Mods,64,ShAK-12 長消音器
N4o1 standard stock,Weapon Mods,64,M4A1 標準槍托
TR-15 black handguard,Weapon Mods,64,AR-15 黑色護木
ZZ VEL magazine,Weapon Mods,64,AS Val 彈匣
EC wooden foregrip with rail,Weapon Mods,64,AK 木質導軌前握把
FRD wooden stock,Weapon Mods,64,SVD 木質槍托
EC B mag magazine GEN T3 desert,Weapon Mods,64,PMAG 30 AK74 GEN M3 沙漠色彈匣
MKM handguard,Weapon Mods,64,SKS 護木
EC desert handguard,Weapon Mods,64,AK 沙漠色護木
Spec scope,Weapon Mods,64,Spec 瞄準鏡
Skop standard handguard,Weapon Mods,64,SCAR 標準護木
Boulder standard grip,Weapon Mods,64,Protecta 標準握把
NB5 pistol grip,Weapon Mods,64,MP5 手槍握把
N1o standard stock,Weapon Mods,64,M1A 標準槍托
G76 standard stock,Weapon Mods,64,G36 標準槍托
Fanaz 60-round magazine,Weapon Mods,64,FAMAS 60發彈匣
Muzzle brake 7.62x51 and 7.62x39 revenge,Weapon Mods,64,7.62x51、7.62x39「復仇」槍口制退器
TR-15 tactical stock grey,Weapon Mods,64,AR-15 灰色戰術槍托
TR-15 standard magazine,Weapon Mods,64,AR-15 標準彈匣
TR-15 desert pistol grip,Weapon Mods,64,AR-15 沙漠色手槍握把
STV-40 15 round magazine,Weapon Mods,64,SVT-40 15發彈匣
VS-98 10 round magazine,Weapon Mods,64,SV-98 10發彈匣
suppressor 5.7x28,Weapon Mods,64,5.7x28 消音器
EC series short barrel,Weapon Mods,64,AK 短槍管
Edatech dot,Weapon Mods,64,EOTech 紅點瞄準鏡
PRK standard grip,Weapon Mods,64,RPK 標準握把
NB5 stock,Weapon Mods,64,MP5 槍托
NC 47 short barrel,Weapon Mods,64,Mk47 短槍管
Grusa single rail,Weapon Mods,64,OTs-14 單導軌
EDL 10 round magazine,Weapon Mods,64,DVL-10 10發彈匣
Sha-12 short suppressor,Weapon Mods,64,ShAK-12 短消音器
Suppressor 5.56x45 CAK CBSS desert,Weapon Mods,64,5.56x45 KAC QDSS 沙漠色消音器
TR-15 Handguard Lone Moon,Weapon Mods,64,AR-15「孤月」護木
ZZ VEL handguard,Weapon Mods,64,AS Val 護木
EC wooden foregrip,Weapon Mods,64,AK 木質前握把
FRD 20 round magazine,Weapon Mods,64,SVD 20發彈匣
EC standard magazine,Weapon Mods,64,AK 標準彈匣
suppressor 9x19,Weapon Mods,64,9x19 消音器
EC handguard,Weapon Mods,64,AK 護木
CU scope,Weapon Mods,64,PU 瞄準鏡
Skop standard pistol grip,Weapon Mods,64,SCAR 標準手槍握把
BBsH drum magazine,Weapon Mods,64,PPSh-41 彈鼓
NB153 stock,Weapon Mods,64,MP-153 槍托
tactical green laser,Weapon Mods,64,戰術綠色雷射
G76 long handguard (desert),Weapon Mods,64,G36 沙漠色長護木
Fanaz 30-round magazine,Weapon Mods,64,FAMAS 30發彈匣
Muzzle brake 5.56x45 revenge,Weapon Mods,64,5.56x45「復仇」槍口制退器
TR-15 tactical stock desert,Weapon Mods,64,AR-15 沙漠色戰術槍托
TR-15 iron sight,Weapon Mods,64,AR-15 金屬瞄準鏡
N4o1 standard pistol grip,Weapon Mods,64,M4A1 標準手槍握把
STV-40 10 round magazine,Weapon Mods,64,SVT-40 10發彈匣
EC stock,Weapon Mods,64,AK 槍托
Stas 12 standard stock,Weapon Mods,64,SPAS-12 標準槍托
suppressor 5.45x39 TBS,Weapon Mods,64,5.45x39 PDS 消音器
EC-101 tactical magazine,Weapon Mods,64,AK-101 戰術彈匣
Alton scope,Weapon Mods,64,ECLAN 瞄準鏡
Renindon 700 extended magazine,Weapon Mods,64,雷明頓 M700 擴展彈匣
N1o/skop magazine 50 round,Weapon Mods,64,M1A/SCAR 50發彈鼓
Grusa tactical suppressor,Weapon Mods,64,OTs-14 戰術消音器
EDL 5 round magazine,Weapon Mods,64,DVL-10 5發彈匣
Sha-12 standard brake,Weapon Mods,64,ShAK-12 標準槍口制退器
Suppressor 5.56x45 CAK CBSS,Weapon Mods,64,5.56x45 KAC QDSS 消音器
TR-15 desert handguard,Weapon Mods,64,AR-15 沙漠色護木
ZZ VEL pistol grip,Weapon Mods,64,AS Val 手槍握把
EC-74u handguard,Weapon Mods,64,AK-74U 護木
FRD 10 round magazine,Weapon Mods,64,SVD 10發彈匣
suppressor 9x18,Weapon Mods,64,9x18 消音器
EC standard pistol grip,Weapon Mods,64,AK 標準手槍握把
TSU scope,Weapon Mods,64,PSO 瞄準鏡
Skop long barrel,Weapon Mods,64,SCAR 長槍管
BBsH standard magazine,Weapon Mods,64,PPSh-41 標準彈匣
tactical red laser,Weapon Mods,64,戰術紅色雷射
G76 long handguard,Weapon Mods,64,G36 長護木
Fanaz 20-round magazine,Weapon Mods,64,FAMAS 20發彈匣
Muzzle brake 5.56x45 TVS CQB,Weapon Mods,64,5.56x45 TVS CQB 槍口制退器
TR-15 stock KTR Green,Weapon Mods,64,AR-15 KTR 綠色槍托
TR-15 Handguard TNR mt16,Weapon Mods,64,AR-15 TNR mt16 護木
Sector 50 rounds magazine,Weapon Mods,64,Vector 50發彈鼓
TR-15 muzzle brake,Weapon Mods,64,AR-15 槍口制退器
STV-40 handguard,Weapon Mods,64,SVT-40 護木
Stas 12 attachment rail,Weapon Mods,64,SPAS-12 導軌
suppressor 5.45x39 Hexaboom,Weapon Mods,64,5.45x39 Hexagon 消音器
EC-101 standard magazine,Weapon Mods,64,AK-101 標準彈匣
Break scope,Weapon Mods,64,BRAVO 瞄準鏡
Renindon 700 clip magazine,Weapon Mods,64,雷明頓 M700 彈匣
NB5 30 round magazine,Weapon Mods,64,MP5 30發彈匣
N1o/skop magazine 30 round,Weapon Mods,64,M1A/SCAR 30發彈匣
Grusa tactical barrel,Weapon Mods,64,OTs-14 戰術槍管
EDL pistol grip,Weapon Mods,64,DVL-10 手槍握把
Sha-12 standard sight,Weapon Mods,64,ShAK-12 標準瞄準鏡
TR-15 B mag magazine GEN T3 Green,Weapon Mods,64,PMAG 30 AR/M4 GEN M3 綠色彈匣
TR-15 LYUA-C Handguard,Weapon Mods,64,AR-15 LYUA-C 護木
modern tactical torch,Weapon Mods,64,現代戰術手電筒
FRD advanced handguard,Weapon Mods,64,SVD 高級護木
EC B mag magazine GEN T3,Weapon Mods,64,PMAG 30 AK74 GEN M3 彈匣
suppressor 762x54,Weapon Mods,64,7.62x54R 消音器
NTS red dot,Weapon Mods,64,MRS 紅點瞄準鏡
Skop short barrel,Weapon Mods,64,SCAR 短槍管
BB 91 30 round magazine,Weapon Mods,64,PP-91 30發彈匣
NB153 handguard,Weapon Mods,64,MP-153 護木
Grusa 50 round magazine,Weapon Mods,64,OTs-14 50發彈鼓
G76 short handguard (desert),Weapon Mods,64,G36 沙漠色短護木
Fanaz advanced rail,Weapon Mods,64,FAMAS 高級導軌
Muzzle brake 5.45x39 ZPWW,Weapon Mods,64,5.45x39 SRVV 槍口制退器
TR-15 stock KTR black,Weapon Mods,64,AR-15 KTR 黑色槍托
TR-15 Handguard KV-rail,Weapon Mods,64,AR-15 KV-rail 護木
Sector 21 rounds magazine,Weapon Mods,64,Vector 21發彈匣
N4o1 long barrel,Weapon Mods,64,M4A1 長槍管
FRD grip stock,Weapon Mods,64,SVD 握把槍托
MKM 35 round magazine,Weapon Mods,64,SKS 35發彈匣
EC handguard Pentagoon,Weapon Mods,64,AK Pentagoon 護木
suppressor 45,Weapon Mods,64,.45 消音器
Skop stock,Weapon Mods,64,SCAR 槍托
Boulder 6 round magazine,Weapon Mods,64,Protecta 6發彈鼓
NB5 20 round magazine,Weapon Mods,64,MP5 20發彈匣
N1o/skop magazine 20 round,Weapon Mods,64,M1A/SCAR 20發彈匣
Grusa short barrel,Weapon Mods,64,OTs-14 短槍管
"Muzzle brake annikilator for 5.56x45, 7.62x51, 9x19",Weapon Mods,64,5.56x45、7.62x51、9x19「終結者」槍口制退器
Sha-12 20 round magazine,Weapon Mods,64,ShAK-12 20發彈匣
TR-15 B mag magazine GEN T3,Weapon Mods,64,PMAG 30 AR/M4 GEN M3 彈匣
N4o1 standard handguard,Weapon Mods,64,M4A1 標準護木
standard tactical torch,Weapon Mods,64,標準戰術手電筒
EC Stock YUAS,Weapon Mods,64,AK YUAS 槍托
FRD polymer handguard,Weapon Mods,64,SVD 聚合物護木
EC 60 round magazine,Weapon Mods,64,AK 60發彈匣
suppressor 7.62x51 PTS/UDK,Weapon Mods,64,7.62x51 PTS/UDK 消音器
EC Tacto SAVV Pistol grip desert,Weapon Mods,64,AK Tacto SAVV 沙漠色手槍握把
Lion scope,Weapon Mods,64,Leupold 瞄準鏡
PRK Standard stock,Weapon Mods,64,RPK 標準槍托
BB 91 20 round magazine,Weapon Mods,64,PP-91 20發彈匣
Nozin modern stock,Weapon Mods,64,Mosin 現代槍托
Grusa 30 round magazine,Weapon Mods,64,OTs-14 20發彈匣
G76 short handguard,Weapon Mods,64,G36 短護木
Fanaz attachment rail,Weapon Mods,64,FAMAS 高級導軌
Muzzle brake 5.45x39 PPD-3C,Weapon Mods,64,5.45x39 RRD-4C 槍口制退器
TR-15 stock KTR desert,Weapon Mods,64,AR-15 KTR 沙漠色槍托
TR-15 Handguard CAK XRU,Weapon Mods,64,AR-15 CAK XRU 護木
N4o1 short barrel,Weapon Mods,64,M4A1 短槍管
FRD modern stock,Weapon Mods,64,SVD 現代槍托
EC74 iron sight,Weapon Mods,64,AK-74 金屬瞄準鏡
MKM 20 round magazine,Weapon Mods,64,SKS 20發彈匣
EC handguard Aggrexxor,Weapon Mods,64,AK Aggrexxor 護木
suppressor 12x70,Weapon Mods,64,12x70 消音器
Skop standard stock,Weapon Mods,64,SCAR 標準槍托
Boulder 12 round magazine,Weapon Mods,64,Protecta 12發彈鼓
NB5 handguard,Weapon Mods,64,MP5 標準護木
N1o modern stock,Weapon Mods,64,M1A 現代槍托
G76 advanced stock,Weapon Mods,64,G36 高級槍托
"Muzzle brake TVS CQB for 9x18, 9x19",Weapon Mods,64,9x18 9x19 TVS CQB 槍口制退器
Sha-12 10 round magazine,Weapon Mods,64,ShAK-12 10發彈匣
TR-15 extended magazine,Weapon Mods,64,AR-15 擴展彈鼓
TR-15 green pistol grip,Weapon Mods,64,AR-15 綠色手槍握把
FRD wooden handguard,Weapon Mods,64,SVD 木質護木
EC handguard Thukov Desert,Weapon Mods,64,AK Thukov 沙漠色護木
suppressor 762x39,Weapon Mods,64,7.62x39 消音器
EC Tacto SAVV Pistol grip,Weapon Mods,64,AK Tacto SAVV 手槍握把
Snake sight,Weapon Mods,64,Kobra 瞄準鏡
PRK Drum magazine,Weapon Mods,64,RPK 彈鼓
BB 91 handguard,Weapon Mods,64,PP-91 護木
Nozin wooden stock,Weapon Mods,64,Mosin 木質槍托
Grusa 20 round magazine,Weapon Mods,64,OTs-14 20發彈匣
G76 long barrel,Weapon Mods,64,G36 長槍管
Muzzle brake 5.45x39 TVS CQB,Weapon Mods,64,5.45x39 TVS CQB 槍口制退器
TR-15 stock,Weapon Mods,64,AR-15 槍托
TR-15 green handguard,Weapon Mods,64,AR-15 綠色護木
ZZ VEL 30 round magazine,Weapon Mods,64,AS Val 30發彈匣
ETS stock,Weapon Mods,64,APS 槍托
FRD polymer stock,Weapon Mods,64,SVD 聚合物槍托
MKM 10 round magazine,Weapon Mods,64,SKS 10發彈匣
EC handguard Thukov,Weapon Mods,64,AK Thukov 護木
Vadoo scope,Weapon Mods,64,Vuduu 瞄準鏡
Skop long handguard,Weapon Mods,64,SCAR 長護木
Boulder attachment rail,Weapon Mods,64,Protecta 導軌
NB5 standard handguard,Weapon Mods,64,MP5 標準護木
N1o archangel stock,Weapon Mods,64,M1A「大天使」槍托
EC 101,Weapons,64,AK-101
Santa EC 74,Weapons,64,聖誕 AK-74
NB5,Weapons,64,MP5
EDL,Weapons,64,DVL-10
FRD,Weapons,64,SVD
BBsH 41,Weapons,64,PPSh-41
N4o1,Weapons,64,M4A1
Wintar BK,Weapons,64,VSS Vintorez
ECM,Weapons,64,AKM
Skop L,Weapons,64,SCAR-L
G 76,Weapons,64,G36
Tus 34,Weapons,64,TOZ-34
Marauder 700 Modern,Weapons,64,雷明頓 M700 PCR
Nozin Makant,Weapons,64,Mosin Nagant
Sha-12,Weapons,64,ShAK-12
Stas 12,Weapons,64,Franchi SPAS-12
BB 19 MOOSE,Weapons,64,PP-19 Bizon
Grusa 4,Weapons,64,Groza-4
VRIZZ Sector .45 acp,Weapons,64,KRISS Vector .45 ACP
EC 74,Weapons,64,AK-74
Sawed off double shotgun,Weapons,64,鋸短散彈槍
MP 133,Weapons,64,MP-133
Fanaz,Weapons,64,FAMAS
STV-40,Weapons,64,SVT-40
Boulder,Weapons,64,Protecta
PN Pokarov,Weapons,64,Makarov PM
ETS,Weapons,64,Stechkin APS
Spyder,Weapons,64,Škorpion vz. 61
F90,Weapons,64,P90
Vlok 17,Weapons,64,Glock 17
PP Kokarev,Weapons,64,PPS-43
PRK 16,Weapons,64,RPK-16
NB 153,Weapons,64,MP-153
ATV-40,Weapons,64,AVT-40
VS-98,Weapons,64,SV-98
BB 91 KERR,Weapons,64,PP-91 Kedr
N1o,Weapons,64,M1A
VRIZZ Sector 9x19mm,Weapons,64,KRISS Vector 9x19mm
EC 74U,Weapons,64,AK-74U
Skop H,Weapons,64,SCAR-H
RP 57,Weapons,64,FN 57
Batko MKM,Weapons,64,TAPCO SKS
Marauder 700,Weapons,64,雷明頓 M700
NC 47 CHIMERA,Weapons,64,Mk47 Mutant
ZZ VEL,Weapons,64,AS Val
MKM,Weapons,64,SKS
Grusa 1,Weapons,64,Groza-1
VNP,Weapons,64,UMP
12.7x55mm BP round,Ammo Types,64,12.7x55mm 穿甲彈
12.7x55mm HP round,Ammo Types,64,12.7x55mm 空尖彈
12.7x55mm PS round,Ammo Types,64,12.7x55mm 鋼芯彈
12x70mm BUCKSHOT,Ammo Types,64,12x70mm 散彈
12x70mm SLUG,Ammo Types,64,12x70mm 獨頭彈
12x70mm AP SLUG,Ammo Types,64,12x70mm 穿甲獨頭彈
.357 magnum,Ammo Types,64,.357 馬格南
.45 acp,Ammo Types,64,.45 ACP
.45 acp AP,Ammo Types,64,.45 ACP 穿甲彈
.45 acp Subsonic,Ammo Types,64,.45 ACP 亞音速
5.45x39mm PS,Ammo Types,64,5.45x39mm 鋼芯彈
5.45x39mm BT,Ammo Types,64,5.45x39mm 曳光穿甲彈
5.45x39mm HP,Ammo Types,64,5.45x39mm 空尖彈
5.45x39mm Subsonic,Ammo Types,64,5.45x39mm 亞音速
5.56x45mm M855,Ammo Types,64,5.56x45mm m855
5.56x45mm HP,Ammo Types,64,5.56x45mm 空尖彈
5.56x45mm M995,Ammo Types,64,5.56x45mm m995
5.56x45mm Subsonic,Ammo Types,64,5.56x45mm 亞音速
5.7x28mm R37,Ammo Types,64,5.7x28mm R37
5.7x28mm SS190,Ammo Types,64,5.7x28mm SS190
5.7x28mm Subsonic,Ammo Types,64,5.7x28mm 亞音速
7.62x25mm FMJ,Ammo Types,64,7.62x25mm FMJ
7.62x25mm PST,Ammo Types,64,7.62x25mm PST
7.62x39mm PS,Ammo Types,64,7.62x39mm 鋼芯彈
7.62x39mm BP,Ammo Types,64,7.62x39mm 穿甲彈
7.62x39mm HP,Ammo Types,64,7.62x39mm 空尖彈
7.62x39mm Subsonic,Ammo Types,64,7.62x39mm 亞音速
7.62x51mm M80,Ammo Types,64,7.62x51mm m80
7.62x51mm FMJ,Ammo Types,64,7.62x51mm FMJ
7.62x51mm M61,Ammo Types,64,7.62x51mm m61
7.62x54R mm PS,Ammo Types,64,7.62x54Rmm 鋼芯彈
7.62x54Rmm SNB,Ammo Types,64,7.62x54Rmm 強化鋼芯穿甲彈
9x18mm PS,Ammo Types,64,9x18mm 鋼芯彈
9x18mm PBM,Ammo Types,64,9x18mm PBM
9x19mm PSO,Ammo Types,64,9x19mm PSO
9x19mm AP,Ammo Types,64,9x19mm 穿甲彈
9x19mm Subsonic,Ammo Types,64,9x19mm 亞音速
9x39mm SP-5,Ammo Types,64,9x39mm SP-5
9x39mm BP,Ammo Types,64,9x39mm 穿甲彈
Arman suit,Armor,64,阿爾曼套裝
Bandit Leather armor,Armor,64,強盜皮甲
Bandit 3FBBY armor,Armor,64,強盜 3FBBY 護甲
Bulletproof vest,Armor,64,防彈背心
Military AFZ-0,Armor,64,軍用 AFZ-0
Military AFZ-1,Armor,64,軍用 AFZ-1
Military AFZ-2,Armor,64,軍用 AFZ-2
Military AFZ-3,Armor,64,軍用 AFZ-3
Military Cyclops suit,Armor,64,軍用獨眼巨人套裝
Crimson CPR-0,Armor,64,深紅公司 CPR-0
Crimson CPR-1,Armor,64,深紅公司 CPR-1
Crimson CPR-2,Armor,64,深紅公司 CPR-2
Crimson CPR-3,Armor,64,深紅公司 CPR-3
Crimson Cyclops suit,Armor,64,深紅公司獨眼巨人套裝
Hunter armor,Armor,64,獵人護甲
Kibba armour,Armor,64,基巴護甲
Standard XTU-0,Armor,64,標準 XTU-0
Standard XTU-1,Armor,64,標準 XTU-1
Standard XTU-2,Armor,64,標準 XTU-2
Standard XTU-3,Armor,64,標準 XTU-3
Standard Cyclops suit,Armor,64,標準獨眼巨人套裝
00PZCX armor,Armor,64,00PZCX 護甲
20PZCX armor,Armor,64,20PZCX 護甲
99PZCX armor,Armor,64,99PZCX 護甲
santa claus costume,Armor,64,聖誕老人服裝
Standard armor CP-00,Armor,64,標準 CP-00 護甲
Police armor,Armor,64,警用護甲
Pumpkin armor,Armor,64,南瓜護甲
Scientist F00K-0,Armor,64,科學家 F00K-0
Scientist F00K-1,Armor,64,科學家 F00K-1
Scientist F00K-2,Armor,64,科學家 F00K-2
SEVA Suit,Armor,64,SEVA 套裝
Armor ???,Armor,64,??? 護甲
??? Cyclops suit,Armor,64,??? 獨眼巨人套裝
Storage kit,Storage,64,儲物套件
Book cardio,Books,64,運動
Read this to gain 1 point in cardio,Books,128,閱讀此書可獲得 1 點運動
Book charisma,Books,64,魅力
Read this book to gain 1 point in charisma,Books,128,閱讀此書可獲得 1 點魅力
Book cooking,Books,64,烹飪
Read this book to gain 1 point in cooking,Books,128,閱讀此書可獲得 1 點烹飪
Read this book,Books,128,閱讀此書
Book gunsmith,Books,64,槍械工藝
Read this book to gain 1 point in gunsmith,Books,128,閱讀此書可獲得 1 點槍械工藝
Basic gunsmith book,Books,64,基礎槍械工藝
Read this book to learn new barter and crafting options,Books,128,閱讀此書可獲得新的交易與製作選項
Advanced gunsmith book,Books,64,高級槍械工藝
Book medicine,Books,64,醫學
Read this book to gain 1 point in medicine,Books,128,閱讀此書可獲得 1 點醫學
Book shooting,Books,64,射擊
Read this book to gain 1 point in shooting,Books,128,閱讀此書可獲得 1 點射擊
Book style,Books,64,時尚
Read this book to gain 1 point in style,Books,128,閱讀此書可獲得 1 點時尚
Respec Book cardio,Books,64,重置運動專精
Read this book to change your specialisation.\nYou will lose all acquired specialisation points.,Books,128,閱讀此書可更改專精，\n但會失去所有已獲專精點數。
Respec Book charisma,Books,64,重置魅力專精
Respec Book cooking,Books,64,重置烹飪專精
Respec Book gunsmith,Books,64,重置槍械工藝專精
Respec Book medicine,Books,64,重置醫學專精
Respec Book shooting,Books,64,重置射擊專精
Respec Book style,Books,64,重置時尚專精
9x18 Bullet,Bullet Calibers,16,9x18mm
9x19 Bullet,Bullet Calibers,16,9x19mm
5.7x28 Bullet,Bullet Calibers,16,5.7x28mm
.45  Bullet,Bullet Calibers,16,.45 ACP
7.62x25 Bullet,Bullet Calibers,16,7.62x25mm
.357 Magnum Bullet,Bullet Calibers,16,.357 馬格南
7.62x51 Bullet,Bullet Calibers,16,7.62x51mm
7.62x54R Bullet,Bullet Calibers,16,7.62x54Rmm
5.45x39 Bullet,Bullet Calibers,16,5.45x39mm
7.62x39 Bullet,Bullet Calibers,16,7.62x39mm
5.56x45 Bullet,Bullet Calibers,16,5.56x45mm
12.7x55 Bullet,Bullet Calibers,16,12.7x55mm
12x70 Bullet,Bullet Calibers,16,12x70mm
9x39 Bullet,Bullet Calibers,16,9x39mm
Air drop,Chests,64,空投
Santa air drop,Chests,64,聖誕空投
Anomaly Electric,Chests,64,電擊異常
Anomaly Fire,Chests,64,火焰異常
Armor Chests,Chests,64,護甲箱
ammo,Chests,64,彈藥
base upgrade box,Chests,64,基地升級模組箱
book box,Chests,64,書箱
Cash register,Chests,64,收銀機
Chemical crystal,Chests,64,化學水晶
common weapon all,Chests,64,常規武器箱
crimson corp. scientist,Chests,64,深紅公司科學家
crimson soldier,Chests,64,深紅公司士兵
dead abitant,Chests,64,死去的平民
dead loner,Chests,64,死去的獨行俠
dead scientist,Chests,64,死去的科學家
devourer,Chests,64,吞噬者
Electric crystal,Chests,64,電擊水晶
electronic box,Chests,64,電子元件箱
Equipment chest,Chests,64,裝備箱
Fire crystal,Chests,64,火焰水晶
Flight recorder,Chests,64,飛行記錄儀
forge,Chests,64,鍛造台
garden,Chests,64,花園
green army soldier,Chests,64,綠軍士兵
grigoriy memorial,Chests,64,格里戈里紀念碑
Items collected by igor,Chests,64,伊戈爾收集的物品
lead scientist,Chests,64,首席科學家
library,Chests,64,圖書館
marat loginov,Chests,64,馬拉特·洛吉諾夫
mercenary,Chests,64,僱傭兵
Mr. Junk's treasure,Chests,64,「垃圾」先生的寶藏
mutated plant,Chests,64,變異植物
novice bandit,Chests,64,新手強盜
pc,Chests,64,電腦
pistol,Chests,64,手槍
Rifle,Chests,64,步槍
rifle,Chests,64,步槍
scavenger,Chests,64,拾荒者
secret chest,Chests,64,祕密箱子
secret safe,Chests,64,祕密保險箱
smg,Chests,64,衝鋒槍
sniper,Chests,64,狙擊槍
Spider,Chests,64,蜘蛛
strange machinery,Chests,64,奇怪的機器
supermarket shelves,Chests,64,超市貨架
unknown bag,Chests,64,未知背包
watcher,Chests,64,觀察者
weapon box mod,Chests,64,武器改裝箱
weapon box mod ak,Chests,64,AK武器改裝箱
Weapon box tier I,Chests,64,一階武器箱
Weapon box tier II,Chests,64,二階武器箱
Weapon box tier III,Chests,64,三階武器箱
Wood crate,Chests,64,木箱
your stash,Chests,64,你的儲藏
yuli antonov,Chests,64,尤利·安東諾夫
AAA battery,Barter,72,AAA電池
alcohol,Barter,72,酒精
Big's tooth,Barter,72,「大塊頭」的牙齒
blink's claw,Barter,72,「閃爍」的爪子
Blue gunpowder,Barter,72,藍色火藥
Boar pelt,Barter,72,野豬皮
boar tusk,Barter,72,野豬獠牙
Bolt cutter,Barter,72,斷線鉗
Briefcase,Barter,72,公事包
Bug spray,Barter,72,殺蟲劑
Bulb,Barter,72,燈泡
car battery,Barter,72,汽車電池
CCTV camera,Barter,72,監控攝影機
charcoal,Barter,72,木炭
Coffee,Barter,72,咖啡
Concrete box,Barter,72,混凝土箱
Cooking pot,Barter,72,鍋
Copper wire,Barter,72,銅線
CPU,Barter,72,CPU
devourer meat,Barter,72,吞噬者的肉
Drill,Barter,72,電鑽
duct tape,Barter,72,膠帶
Dumbell,Barter,72,啞鈴
DVD drive,Barter,72,DVD 光碟機
Dynamite,Barter,72,炸藥
Electric motor,Barter,72,電動馬達
Engine Oil,Barter,72,機油
Fan,Barter,72,風扇
Fork,Barter,72,叉子
Fragrance,Barter,72,香水
Gamestation,Barter,72,遊戲主機
ghoul's tentacle,Barter,72,食屍鬼觸手
gm counter,Barter,72,蓋格計數器
Gold Wristwatch,Barter,72,金手錶
Golden Bracelet,Barter,72,金手鍊
Golden crucifix,Barter,72,金十字架
Golden Necklace,Barter,72,金項鍊
Golden zippo,Barter,72,金打火機
GPS Marker,Barter,72,GPS 定位器
Green gunpowder,Barter,72,綠色火藥
Grigoriy's ring,Quest names,64,格里戈里的戒指
Hair dryer,Barter,72,吹風機
Hammer,Barter,72,錘子
Hard disk,Barter,72,硬碟
High quality toilet paper,Barter,72,高級衛生紙
Hose,Barter,72,水管
hydrogen peroxide,Barter,72,雙氧水
Knife,Barter,72,刀
Lab documents,Barter,72,實驗室檔案
Lighter,Barter,72,打火機
Lights kit,Barter,72,燈具套件
Lost backpack found in the forest,Barter,72,遺失在森林的背包
Lost backpack found in the industrial area,Barter,72,遺失在工業區的背包
lost backpack found in the makeshift camp,Barter,72,遺失在臨時營地的背包
Lost backpack found in the swamp,Barter,72,遺失在沼澤的背包
Lost document found in the forest,Barter,72,遺失在森林的檔案
lost document found in the industrial area,Barter,72,遺失在工業區的檔案
lost document found in the makeshift camp,Barter,72,遺失在臨時營地的檔案
Lost document found in the swamp,Barter,72,遺失在沼澤的檔案
Matches,Barter,72,火柴
Metal pipe,Barter,72,金屬管
Military circuit,Barter,72,軍用電路板
Multi-plug,Barter,72,多孔插座
Nail,Barter,72,釘子
Orange gunpowder,Barter,72,橙色火藥
papers,Barter,72,紙張
Pelt,Barter,72,皮草
Pepper,Barter,72,胡椒
pillow,Barter,72,枕頭
Pliers,Barter,72,鉗子
Portable console,Barter,72,掌上遊戲機
Power bank,Barter,72,行動電源
Power outlet,Barter,72,電源插座
Propane tank,Barter,72,丙烷罐
Rabbit pelt,Barter,72,兔皮
rags,Barter,72,破布
RAM,Barter,72,記憶體
Red gunpowder,Barter,72,紅色火藥
Relay,Barter,72,繼電器
Repair kit for radio tower,Barter,72,無線電塔修理箱
Rope,Barter,72,繩索
Roubles,Barter,72,盧布
Ruined Laboratory entrance key,Barter,72,損壞的實驗室門禁卡
Salt,Barter,72,鹽
scientiest's analyzer,Barter,72,科學家的分析儀
Scientific analyzer,Barter,72,科學分析儀
scrap ammo,Barter,72,彈藥廢料
scrap food,Barter,72,食物廢料
scrap material,Barter,72,廢料
scrap medicine,Barter,72,醫療用品廢料
scrap weapon,Barter,72,槍械廢料
Screw nut,Barter,72,螺母
screwdriver,Barter,72,螺絲刀
secret documents,Barter,72,機密文件
Secret mail,Barter,72,機密郵件
shampoo,Barter,72,洗髮精
Silver Bracelet,Barter,72,銀手鍊
Smartphone,Barter,72,智能手機
Soap,Barter,72,肥皂
spark plug,Barter,72,火花塞
spider eye,Barter,72,蜘蛛眼
Spider Web,Barter,72,蜘蛛網
Spoon,Barter,72,湯匙
SSD drive,Barter,72,固態硬碟
Strange flesh sample,Barter,72,可疑的肌肉樣本
Surgical scissors,Barter,72,手術剪刀
Syringe,Barter,72,注射器
Tape measure,Barter,72,捲尺
Tea bag,Barter,72,茶包
Toilet paper,Barter,72,衛生紙
Transmitter,Barter,72,信號發射器
Usb,Barter,72,USB
USB drive found in the sawmill,Barter,72,鋸木廠裏的 USB
Vlasov's Dogtag,Barter,72,弗拉索夫的狗牌
Vlasov's eyes,Barter,72,弗拉索夫的眼睛
Wheel,Barter,72,車輪
White paint,Barter,72,白色油漆
Wires,Barter,72,電線
Radio,Barter,72,收音機
Wolf pelt,Barter,72,狼皮
Wrench,Barter,72,扳手
Wristwatch,Barter,72,手錶
Zippo lighter,Barter,72,打火機
zombie skin,Barter,72,殭屍皮
Analyzer found near a big fire anomaly,Barter,72,在大型火焰異常附近找到的分析儀
boar meat,Consumable,64,野豬肉
boiled egg,Consumable,64,水煮蛋
bottle of rotten water,Consumable,64,一瓶髒水
bottle of water,Consumable,64,瓶裝水
bread,Consumable,64,麵包
butter,Consumable,64,牛油
canned beans,Consumable,64,罐裝豆子
canned fish,Consumable,64,罐裝魚
Cheese,Consumable,64,起司
chips,Consumable,64,薯片
cooked egg,Consumable,64,煎蛋
cooked meat,Consumable,64,熟肉
cooked pasta,Consumable,64,煮熟的義大利麵
crackers,Consumable,64,餅乾
cup of coffee,Consumable,64,咖啡
cup of tea,Consumable,64,茶
egg,Consumable,64,雞蛋
energy drink,Consumable,64,能量飲料
fruit juice,Consumable,64,果汁
generic chocolate,Consumable,64,健怡巧克力
generic cola,Consumable,64,健怡可樂
hamburger,Consumable,64,漢堡
meatballs,Consumable,64,肉丸
milk,Consumable,64,牛奶
molbaro cigarette,Consumable,64,萬寶路香菸
mre,Consumable,64,軍用口糧
pasta,Consumable,64,義大利麵
premium chocolate,Consumable,64,高級巧克力
raw meat,Consumable,64,生肉
red wine,Consumable,64,紅酒
rotten bread,Consumable,64,變質的麵包
Rotten Cheese,Consumable,64,變質的起司
rotten egg,Consumable,64,變質的蛋
rotten milk,Consumable,64,變質的牛奶
rotten salami,Consumable,64,變質的薩拉米香腸
salami,Consumable,64,薩拉米香腸
sandwich with butter,Consumable,64,牛油三明治
sandwich with meat,Consumable,64,夾肉三明治
sandwich with salami,Consumable,64,薩拉米香腸三明治
sandwich with wurstel,Consumable,64,德式香腸三明治
Stew with meat and beans,Consumable,64,肉豆燉菜
tushonka,Consumable,64,燉肉罐頭
vodka,Consumable,64,伏特加
whisky,Consumable,64,威士忌
Wilfon Cigarette,Consumable,64,威爾豐香菸
wolf meat,Consumable,64,狼肉
wurstel,Consumable,64,德式香腸
zombie meat,Consumable,64,殭屍肉
SGN Grenade,Grenades,64,RGN 手榴彈
Flashbang grenade,Grenades,64,閃光彈
T-1 Grenade,Grenades,64,F-1 手榴彈
RDG-5 Grenade,Grenades,64,RGD-5 手榴彈
PMN land mine,Grenades,64,PMN 地雷
Standard headlamp,Headset,64,標準頭燈
All direction headlamp,Headset,64,全向頭燈
pumpkin headlamp,Headset,64,南瓜頭燈
Night vision goggles 1,Headset,64,1 級夜視儀
Night vision goggles 2,Headset,64,2 級夜視儀
Night vision goggles 3,Headset,64,3 級夜視儀
Bloodsucker Injector,Injector,64,凝血注射器
Endurance Booster Injector,Injector,64,耐力注射器
Body Fortifying Injector,Injector,64,身體強化注射器
Burden Injector,Injector,64,負重注射器
Chow-Down Injector,Injector,64,營養注射器
Rad Shield Injector,Injector,64,抗輻射注射器
Healing Stimulant Injector,Injector,64,腎上腺素注射器
Key to 2nd storage room of oil factory,Keys,96,石油工廠 2 號庫房門禁卡
Police station key,Keys,96,警局鑰匙
Laboratory main room key,Keys,96,實驗室主房間門禁卡
Laboratory supply key,Keys,96,實驗室庫房門禁卡
Key to the gun store in the mall,Keys,96,商場槍店門禁卡
Key to the Svaruski shop in the mall,Keys,96,商場 Svaruski 珠寶店鑰匙
Key to the turbine room in the mall basement,Keys,96,商場地下機房門禁卡
Key to 1st storage room of oil factory,Keys,96,石油工廠 1 號庫房門禁卡
Key of a locked door in the sewer,Keys,96,下水道門鑰匙
Mr Junk's key,Keys,96,「垃圾」先生的鑰匙
Laboratory entrance key,Keys,96,實驗室入口門禁卡
Key to the extraction point in the mall basement,Keys,96,商場地下祕密撤離點鑰匙
Key to the office room in the mall basement,Keys,96,商場地下辦公室鑰匙
Key to the Tech store in the mall,Keys,96,商場數碼產品店鑰匙
Oil factory personnel key card,Keys,96,石油工廠員工門禁卡
Accept,User Interface,40,接受
Accept [Active],User Interface,40,接受[進行中]
Accept [Completed],User Interface,40,接受[已完成]
[Completed],User Interface,40,[已完成]
[Active],User Interface,40,[進行中]
Back,User Interface,40,返回
Gain reward,User Interface,40,獲得報酬
Heal health for price roubles,User Interface,40,恢復生命值，需支付[PRICE]盧布
Heal radiation for price roubles,User Interface,40,緩解輻射，需支付[PRICE]盧布
Heal wounds for price roubles,User Interface,40,治癒傷口，需支付[PRICE]盧布
Quench thirst for price roubles,User Interface,40,喝點東西，需支付[PRICE]盧布
Question,User Interface,40,描述
Questname,User Interface,40,任務
Refill hunger for price roubles,User Interface,40,吃點東西，需支付[PRICE]盧布
Repair armor for price roubles,User Interface,40,修理護甲，需支付[PRICE]盧布
accept and play,User Interface,40,接受並開始
Audio,User Interface,40,音效
Choose an item as a reward,User Interface,40,選擇一項物品作爲報酬
Choose your equipment,User Interface,40,選擇你的裝備
combat,User Interface,40,戰鬥
compatible with:,User Interface,40,兼容:
continue,User Interface,40,繼續
Controls,User Interface,40,控制
data collection,User Interface,40,資料數據收集
deal: 0,User Interface,40,交易：0
delete,User Interface,40,刪除
delete cloud saves,User Interface,40,刪除雲存檔
device,User Interface,40,裝置
Difficulty,User Interface,40,難度
"due to pixel art scaling, resolution changes will only take effect in windowed mode.",User Interface,128,由於遊戲採用像素風格，解析度更改僅在視窗模式下生效。
equipment 1,User Interface,40,裝備 1
equipment 2,User Interface,40,裝備 2
equipment 3,User Interface,40,裝備 3
equipment 4,User Interface,40,裝備 4
equipment 5,User Interface,40,裝備 5
equipment 6,User Interface,40,裝備 6
Continue Playing,User Interface,72,繼續遊玩
Save Progress and Exit,User Interface,72,儲存進度並離開
Are you sure you want to return to the main menu?\nYou will lose quest progress and items.,User Interface,160,你確定要返回主選單嗎？\n你將失去任務進度和物品
Are you sure you want to return to the main menu?\nYou will lose quest progress.,User Interface,160,你確定要返回主選單嗎？\n你將失去任務進度
Are you sure you want to return to the main menu?,User Interface,160,你確定要返回主選單嗎？
Exit To Main Menu,User Interface,40,返回主選單
explosive,User Interface,40,爆炸
fast,User Interface,40,快速
flashbang,User Interface,40,閃光
gameanalytics privacy policy,User Interface,40,遊戲數據分析隱私政策
Gameplay,User Interface,40,玩法
How long do you want to sleep?,User Interface,60,你想睡多久？
impact,User Interface,40,影響
Install,User Interface,40,安裝
items info,User Interface,40,物品資訊
keep,User Interface,40,保留
kg: weight,User Interface,40,公斤：
land mine,User Interface,40,地雷
Movement,User Interface,40,移動
No,User Interface,40,否
no,User Interface,40,否
normal,User Interface,40,正常
Not available now,User Interface,40,目前不可用
"note - when in fullscreen, the game will always scale to the correct resolution for your monitor.",User Interface,128,在全螢幕模式下，遊戲將始終縮放爲顯示器的默認解析度。
our privacy policy,User Interface,40,隱私政策
play without analytics,User Interface,40,不使用數據分析遊玩
player needs,User Interface,40,玩家需求
Presets,User Interface,40,預設
Relations,Menu button that goes to the Relations screen.,20,關係
Remove,User Interface,40,移除
remove,User Interface,40,移除
Gamepad devices,User Interface,40,遊戲手把裝置
Devices,User Interface,40,裝置
Languages,User Interface,40,語言
Resolution,User Interface,40,解析度
Resume,User Interface,40,繼續
savedata conflict,User Interface,40,存檔衝突
Sell for,User Interface,40,出售價格
sleep,User Interface,40,睡覺
Slot,User Interface,40,欄位
slot 0:00,User Interface,40,欄位 0:00
specializing...,User Interface,40,正在升級專精...
Start,User Interface,40,開始
Teleport to...,User Interface,40,傳送到...
Time,User Interface,40,時間
torch,User Interface,40,手電筒
Uninstall,Base Module button,256,解除安裝
Video,User Interface,40,影像
weapon1,User Interface,40,武器1
weapon2,User Interface,40,武器2
yes,User Interface,40,是
ITEM_NAME (x quantity) has been added to your inventory,ITEM_NAME (x quantity) has been added to your inventory,96,已添加至背包
Not enough inventory space!,User interface,96,背包空間不足！
Savedata is from a newer version of the game,User Interface,72,存檔來自較新版本的遊戲
No file found,User Interface,72,未找到檔案
You are no longer thirsty,User Interface,128,你不再口渴
You can only receive equipment by activating hardcore difficulty options,User Interface,128,你只能在「硬核」難度來獲得裝備
Weapon repaired,User Interface,128,武器已修理
The weapon's condition is too low for this repair kit,User Interface,128,武器狀況過低，無法使用此修理套件
The weapon's condition is too high for this repair kit,User Interface,128,武器狀況過高，無法使用此修理套件
This repair kit doesn't match the weapon's caliber,User Interface,128,此修理套件與武器口徑不符
Armor repaired,User Interface,128,護甲已修理
The armor's condition is too low for this repair kit,User Interface,128,護甲狀況過低，無法使用此修理套件
The armor's condition is too high for this repair kit,User Interface,128,護甲狀況過高，無法使用此修理套件
You can't use this book: max level reached,User Interface,128,無法使用此書：已達等級上限
You can only use this item in the bunker,User Interface,128,只能在地堡中使用此物品
You can not use this item in the bunker!,User Interface,128,無法在地堡中使用此物品！
The module has been installed,User Interface,128,模組已安裝
Module and building kit levels do not match,User Interface,128,不適用於目前模組等級
You don't have this module installed,User Interface,128,你尚未安裝此模組
You can install modules only in the bunker,User Interface,128,只能在地堡中安裝模組
Stash upgraded,User Interface,128,儲藏已升級
You are no longer hungry,User Interface,128,你不再飢餓
You don't have the required skill,User Interface,128,缺少所需技能
You don't have the required base module,User Interface,128,缺少所需模組
You don't have enough raw materials,User Interface,128,缺少足夠的原料
You can only install modules in the bunker,User Interface,128,只能在地堡中安裝模組
Already installed!,User Interface,128,已安裝！
Essential parts of the weapon are missing,User Interface,128,武器缺少必要零件
This is a safe zone!,User Interface,128,這是安全區！
You have been healed,User Interface,128,你已接受治療
No armor in the slot,User Interface,128,未裝備護甲
Trader does not have enough roubles,User Interface,128,商人資金不足
Not enough inventory space to scrap this item,User Interface,128,背包空間不足！
Fire mode: semi-automatic,"User Interface, stating the current fire mode",48,射擊模式：半自動
Fire mode: automatic,"User Interface, stating the current fire mode",48,射擊模式：自動
Skill successfully reset,User Interface,128,專精已重置
You can't use this book yet: no specialisation found,User Interface,128,無法閱讀，無對應專精
You need 100 reputation with this faction,User Interface,128,你需要在此陣營中達到100聲望
You have already enlisted with the Green Army,User Interface,128,你已加入綠軍
You've joined the Crimson Corporation,User Interface,128,你已加入深紅公司
You have already joined this faction,User Interface,128,已加入此陣營
You can not join another faction,User Interface,128,無法加入對立陣營
Not yet unlocked,User Interface,128,尚未解鎖
In development,User Interface,128,開發中
Gamepad connected,User Interface,128,遊戲手把已連接
Gamepad disconnected,User Interface,128,遊戲手把已斷開
You have not accepted this task yet!,User Interface,128,你尚未接受此任務！
You have not completed this task yet!,User Interface,128,你尚未完成此任務！
You have to choose an item as your reward!,User Interface,128,你必須選擇一項物品作為報酬！
You already have this quest!,User Interface,128,你已經擁有此任務！
You have reached the max task limit!,User Interface,128,已達到任務數量上限！
This weapon has no ammo,User Interface,128,此武器沒有彈藥
Not enough inventory space to unload this weapon,User Interface,128,背包空間不足！
You can only uninstall modules in the bunker,User Interface,128,只能在地堡中解除安裝模組
Storage module cannot be uninstalled,User Interface,128,無法解除安裝儲藏模組
Quest completed!,Player Interaction,128,任務完成！
Lights OFF,Player Interaction,128,關燈
Lights ON,Player Interaction,128,開燈
You cannot remove this quest,Player Interaction,128,無法移除此任務
You can only remove quests in the bunker,Player Interaction,128,只能在地堡中移除任務
Currently using:,"User Interface, Currently Using：Ammo Type",128,目前使用：
Intermediate,Experience names,48,中級
Skilled,Experience names,48,熟練
Expert,Experience names,48,專家
Veteran,Experience names,48,老兵
Master,Experience names,48,大師
Legend,Experience names,48,傳奇
MAX,Experience names,48,極限
Preparing,Map Generation,64,準備中
Generating tearrain,Map Generation,64,正在生成地形
Generating railroad and road,Map Generation,64,正在生成道路
Generating terrain variants,Map Generation,64,正在生成各類地形
Autotiling of the road and railroad,Map Generation,64,正在自動拼接道路
Choosing train's stop position,Map Generation,64,正在選擇火車停靠位置
General grid adjustment,Map Generation,64,調整總體網格
Generating water,Map Generation,64,正在生成水域
Autotiling of the terrain,Map Generation,64,自動拼接地形
Generating solid object,Map Generation,64,正在生成實體對象
Placing building - may take a while,Map Generation,64,正在放置建築，可能需要一段時間
Generating environment,Map Generation,64,正在生成環境
General adjustment,Map Generation,64,總體調整
Generating dynamic grass,Map Generation,64,正在生成動態草地
Generating shadows and minimap,Map Generation,64,正在生成陰影和小地圖
Generate Dynamic NPC,Map Generation,64,正在生成動態NPC
Calculating dynamic NPC path,Map Generation,64,正在計算動態NPC路徑
Almost ready,Map Generation,64,即將就緒
Bleeding,User Interface,48,出血
stamina regeneration,"Player Status, x% stamina regeneration",48,耐力恢復
max weight,"Player Status, x kg max weight",48,負重上限
Max Weight,"Player Status, x kg max weight",48,負重上限
Key set,"Controls Menu, shown once key/button is pressed and set",48,按鍵設定成功
Invalid key,"Controls Menu, shown once key/button is pressed and set",48,按鍵無效
Key already used,"Controls Menu, shown once key/button is pressed and set",48,按鍵已被佔用
This key doesn't accept a mouse button,"Controls Menu, shown once key/button is pressed and set",48,此按鍵無法綁定至滑鼠按鈕
All controls have been reset,Controls Menu,64,所有按鍵已重置
Waiting for input...,"Controls Menu, waiting for key/button to be pressed",32,請綁定按鍵...
Item consumed,Player action,96,已使用[ITEM_NAME]
Your reputation with this faction has increased,"User Interface, turning in documents",128,你在這個陣營的聲望提高[AMOUNT]
Unlocked at reputation level ?,"User Interface, loot trader",128,聲望達到[LOOT_LEVEL]時解鎖
...,"User Interface, interaction with NPC",1400,...
"A light this bright should lure them out into the open, then the slaughter begins.","User Interface, interaction with NPC",1400,這麼亮的燈應該能把他們引出來，然後我們就動手。
A marvel! There is a village in the middle of the forest - NPC Dialogue,"User Interface, interaction with NPC",1400,世外桃源。森林中央有個村莊，村民幾乎全是伐木工。\n後來不知是哪個天才在附近建了個該死的鋸木廠。\n這是條發財的好路子，但噪音搞得人夜不能寐。\n我們抗議過，那些唯利是圖的狗東西根本不在乎。\n核電廠事故發生後，一部分人跟着士兵離開了，其餘人還是留在那裏。\n前陣子村莊被匪幫襲擊。我不知道村民們怎麼樣了，只知道從那以後再也沒人來看過我...
Absolutely! It will take some time though - NPC Dialogue,"User Interface, interaction with NPC",1400,當然！不過這需要一些時間。\n我不知道他們在那裏做的是什麼實驗，目前能肯定的一點是，那份肌肉樣本來自人類。\n最特別的是，它表現出了一些非常不尋常的特性，首先就是它的顏色。\n你見過綠色的人肉嗎？\n哈哈，我有點過於興奮了，但我確實迫不及待想了解他們的祕密研究！\n是的，那是人體實驗，但我能有什麼辦法？這就是命，對吧？法國人是這麼說的吧？\n別在意，就像我剛說的，需要一些時間才能得到結果。希望它能幫助我們瞭解到底發生了什麼。
"After the accident, I never ventured so far north - NPC Dialogue","User Interface, interaction with NPC",1400,事故發生後，我不敢離開地堡太遠，所以也不清楚外頭現在怎麼樣了。\n不過我還記得工業區往東有片沼澤。
After the disaster those guys came - NPC Dialogue,"User Interface, interaction with NPC",1400,災難發生後，那些人來了，穿着綠色制服，打扮得像科幻片裏的角色。\n他們命令我跟着，說在什麼地堡裏有個安全區。\n我一出生就住在這裡，從沒想過離開，所以我拿槍指着他們，讓他們滾蛋。\n有一個混蛋開槍打中了我的腿，隨後他們就把我扔在了這裡。那傢伙的名字是...哦，對！波格丹諾夫！該死的波格丹諾夫！其他人試圖阻止他時，我聽到了這個名字。\n我的腿一直好不了。我再也不能打獵了。
Ah dirty bastards...\nI'm just a poor old man!\nGo ahead Hunter! Do what you must!,"User Interface, interaction with NPC",1400,那幫骯髒的混蛋..\n.我只是個沒剩幾天的老東西！\n來吧，獵人！要動手就來吧！
Are you analysing the flesh tissue I recovered from the lab?,"User Interface, interaction with NPC",1400,你在分析我從實驗室找到的肌肉樣本嗎？
Are you back to see how the studies are going?,"User Interface, interaction with NPC",1400,你是回來查看研究進展的嗎？
Are you happy with your work?,"User Interface, interaction with NPC",1400,你對這工作滿意嗎？
"As you may have guessed, I am not a big talker - NPC Dialogue","User Interface, interaction with NPC",1400,我不想說這個。\n我在那裏失去了朋友和同伴。
Bad news my friend...,"User Interface, interaction with NPC",1400,壞消息，我的老夥計...
Barter and crafting,"User Interface, interaction with NPC",1400,交易和製作物品
Bye,"User Interface, interaction with NPC",1400,再見
Bye Mr. Junk,"User Interface, interaction with NPC",1400,再見，「垃圾」先生
Crimson Corporation is a multinational company - NPC Dialogue,"User Interface, interaction with NPC",1400,深紅公司是一家從事生物醫學研究與開發的跨國企業，是此行業的領頭羊。我們得到了當地政府的授權，在扎科夫的舊核電廠建立了一個實驗室。我們在那裏進行關於輻射的研究和實驗。
Damn! These poor guys,"User Interface, interaction with NPC",1400,該死！這些可憐的傢伙...
Do you wanna buy something?,"User Interface, interaction with NPC",1400,你想買點什麼嗎？
Don't look at Mr Junk's treasure!,"User Interface, interaction with NPC",1400,不要盯着「垃圾」先生的寶貝！
Don't make a mess,"User Interface, interaction with NPC",1400,別惹麻煩。
Everyone thinks we were making secret weapons - NPC Dialogue,"User Interface, interaction with NPC",1400,所有人都以爲我們在實驗室裏製造祕密武器。哈！\n事實是，我們當時只是在進行一項常規實驗，結果除了岔子，引發了爆炸，並伴隨着大規模的輻射泄漏。\n我們至今也不知道到底發生了什麼。我們的技術人員已經在絞盡腦汁調查真相了。
Go away! I don't have time to waste on people like you.,"User Interface, interaction with NPC",1400,滾開，沒工夫伺候你。
Green army wants you dead,"User Interface, interaction with NPC",1400,綠軍想要你死
Heal me,"User Interface, interaction with NPC",1400,治療
Hello comrade!,"User Interface, interaction with NPC",1400,你好，同志！
"Hello comrade, how can I help you?","User Interface, interaction with NPC",1400,你好，同志，有什麼能幫你的嗎？
"Hello hunter, do you wanna go somewhere?","User Interface, interaction with NPC",1400,你好，獵人，想去什麼地方嗎？
Hello rookie! Welcome to the tutorial!,"User Interface, interaction with NPC",1400,你好，菜鳥！歡迎收看本教學！
Hello stranger! Are you hungry?,"User Interface, interaction with NPC",1400,你好，陌生人！你餓了嗎？
Here are some... parts of Vlasov,"User Interface, interaction with NPC",1400,這些是弗拉索夫的...一部分
Hey Hunter!,"User Interface, interaction with NPC",1400,嘿，獵人！
Hey comrade!,"User Interface, interaction with NPC",1400,嘿，同志！
Hey comrade! What do you need?,"User Interface, interaction with NPC",1400,嘿，同志！你需要什麼？
Hey!,"User Interface, interaction with NPC",1400,嘿！
Hi!,"User Interface, interaction with NPC",1400,嗨！
How are the studies going?,"User Interface, interaction with NPC",1400,研究進展如何？
How can I extract from a map?,"User Interface, interaction with NPC",1400,如何從地區撤離回到這裡？
How can I help you?,"User Interface, interaction with NPC",1400,有什麼能幫你的嗎？
How can I join the Green Army?,"User Interface, interaction with NPC",1400,我要怎樣才能參軍？
How can I leave?,"User Interface, interaction with NPC",1400,如何離開這裡？
How can I reach other areas?,"User Interface, interaction with NPC",1400,如何去其他地區？
How has radiation changed the zone?,"User Interface, interaction with NPC",1400,輻射是如何改變這個地方的？
"Huh, that thing is like shit for flies - NPC Dialogue","User Interface, interaction with NPC",1400,呵，那玩意兒簡直就像招蒼蠅的屎。\n難怪直升機全栽在這片區域。\n我很清楚那種感覺：起初渾身動彈不得，接着頭痛欲裂，最後腦子裏只剩下一個念頭，就是不顧一切地湊上去摸，完全喪失理智。\n幸虧我及時拉了一把，不然下場就跟那些機組人員一樣了。\n我以前也見過類似的東西……
I accept,"User Interface, interaction with NPC",1400,我接受
I am Dmitriy - NPC Dialogue,"User Interface, interaction with NPC",1400,我是德米特里。\n如果你在找活幹，那巧了，我這有幹不完的活。
I am many things - NPC Dialogue,"User Interface, interaction with NPC",1400,我有很多身份，朋友。外交官，調停者，傳遞信息和祕密的中間人。我洞悉人心，我知道如何達成目的。\n但我的身份並不重要，重要的是我能爲你做些什麼。你看，我在這個地區的每個角落都有人脈。我知道此和誰說話，此避開誰，誰有你需要的東西。我可以用這些信息爲你服務。\n每天我都會接到許多亟待完成的任務。我一直在尋找像你這樣有能力的人來幫忙。\n如果你對某個任務感興趣，就告訴我，完成後你會得到報酬。就這麼簡單。
I bet you have many questions,"User Interface, interaction with NPC",1400,我猜你肯定有許多問題。
I can carry you wherever you want.\nYou just have to pay a fee.,"User Interface, interaction with NPC",1400,我可以帶你離開。\n你只需要付一點車馬費。
I can give you a few ones - NPC Dialogue,"User Interface, interaction with NPC",1400,你算是找對人了。\n綠軍可不會跟一個菜鳥打交道，我倒是可以跟他們說上幾句話。但首先，我們得看看你在外面能不能活下來。\n此外，醫生一直在找不怕死的人幫他收集樣本。\n去跟他聊聊吧，看看他怎麼說。
I don't know hunter - NPC Dialogue,"User Interface, interaction with NPC",1400,我不知道，獵人！\n我已經派了小隊去現場，很快我們就會搭建一個密封結構，以便於對它進行研究。\n不過我不明白你是怎麼活下來的。你這條命太硬了，哈哈哈。
"I don't know, some helicopters have fallen into the swamp recently - NPC Dialogue","User Interface, interaction with NPC",1400,我不知道。\n最近有幾架直升機掉進了沼澤，屍體遭受了嚴重的輻射灼傷。相信我，那是最糟糕的死法。\n有一些人還活着，但他們不能說話，一直睜着眼睛，眨也不眨。\n等救援抵達時，他們的眼睛已經乾枯了。\n科學家們正在檢查屍體。我們從未見過這樣的事情。
I have a proposal for you,"User Interface, interaction with NPC",1400,我有個提議給你
I have not heard good things about the Crimson Corporation,"User Interface, interaction with NPC",1400,我從沒聽過有關深紅公司的好評
I have to think about it,"User Interface, interaction with NPC",1400,我得考慮一下
I need some equipment,"User Interface, interaction with NPC",1400,我需要一些裝備
"I still don't trust you, go to the barman and get some work from him first. When you are ready he will let you know.","User Interface, interaction with NPC",1400,我還不信任你，先去找酒保要些活幹吧。等你夠資格了他會告知你的。
I want to enlist,"User Interface, interaction with NPC",1400,我想入伍
I want to join,"User Interface, interaction with NPC",1400,我想加入
I want to know something,"User Interface, interaction with NPC",1400,我想問些事情
I want to leave,"User Interface, interaction with NPC",1400,我想去...
I was a conductor of Zakov's train station - NPC Dialogue,"User Interface, interaction with NPC",1400,我是扎科夫站的列車長。\n爆炸發生後，綠軍命令我留在這裡。\n我做了四十年列車長。現在只有在鐵軌上我還能有點用處了。
"I'm guarding the front door, can't you tell?","User Interface, interaction with NPC",1400,我在守門，你看不出來嗎？
I'm guarding the front door.\nCan't you tell?,"User Interface, interaction with NPC",1400,我在守門。\n難道你看不出來？
I've found some documents,"User Interface, interaction with NPC",1400,我找到了一些檔案
I've helped you dock,"User Interface, interaction with NPC",1400,我之前接應過你們登陸
If you continue to the left you will find a room - NPC Dialogue,"User Interface, interaction with NPC",1400,往左走，你會發現一個有板條箱和工作臺的房間。\n那地方歸你了。\n你可以好好給自己打造一個小窩，順便爲狩獵做準備。
"If you're just a biomedical company, why are there so many troops?","User Interface, interaction with NPC",1400,如果你們只是一家搞生物醫學的公司，那爲什麼會有這些部隊？
Immediately after the accident we were on good terms - NPC Dialogue,"User Interface, interaction with NPC",1400,最開始，我們關係還算融洽，井水不犯河水。\n不過當他們發現那不是正常的輻射，而我們對他們撒了謊時，一切就都變了。\n從那時起，這個地區遍佈戰火，沒有規則，沒有法律。\n綠軍和深紅公司徹底撕破了臉，都想逼對方離開，獨自揭開核電廠的祕密。
In an unbelievable way - NPC Dialogue,"User Interface, interaction with NPC",1400,簡直超乎想象！很明顯這絕非普通輻射，而是前所未見、甚至想都不敢想的東西。\n催生出的異常現象瞬間就能讓人灰飛煙滅！太奇妙了！\n更別提對野生動物的影響，不僅沒要了它們的命，反而迅速改變了DNA，大幅強化了體能和感官。\n外面那些玩意兒連最頂尖的科幻片都拍不出來，估計嚇着你了。\n我還是少說兩句吧，畢竟留着你還有大用處。
In the forest you will find mainly bandits and wild animals - NPC Dialogue,"User Interface, interaction with NPC",1400,森林是匪幫和野獸的地盤。林地中央的村莊似乎還有人煙，但幾周前遭到匪幫的洗劫，只有少數倖存者來地堡避難。\n還有個廢棄的舊鋸木廠，同樣也被匪幫佔據。\n綠軍在森林裏有前哨站，他們不會一看到你就格殺勿論，但也別去惹他們。
Is the area where Zakov's major industries used to be - NPC Dialogue,"User Interface, interaction with NPC",1400,那裏曾是扎科夫的工業中心。\n如果需要工具或電子零件，儘管去那裏搜。但要小心，那裏全是成羣結隊的強盜。
Is this place really safe?,"User Interface, interaction with NPC",1400,這裡真的安全嗎？
Is this place safe?,"User Interface, interaction with NPC",1400,這裡安全嗎？
It was a nuclear power plant active until 2014 - NPC Dialogue,"User Interface, interaction with NPC",1400,核電廠一直運行到2014年，之後當地政府授權跨國企業深紅公司進駐，將其改造成祕密實驗室。沒有人宣佈對此事負責。很老套的故事，對吧？\n我們不知道他們在裏面搞什麼鬼，但從那以後時常發生奇怪的事，比如電子裝置連着幾個小時癱瘓，或者無線電信號消失。
It's a multinational company - NPC Dialogue,"User Interface, interaction with NPC",1400,這是一家跨國公司，在製藥和科技市場都是龍頭。我們的研究主要基於DNA和納米技術。\n我們的專家在扎科夫發現了一種截然不同的輻射，所以我們說服了當地政府，允許我們將舊核電廠用作研究實驗室。
"It's none of your business. Ask my brother Yakim, he has always been the most talkative one.","User Interface, interaction with NPC",1400,不關你的事。去煩亞基姆，他話一直很多。
It's the area where most of the population was evacuated - NPC Dialogue,"User Interface, interaction with NPC",1400,那片地區的大多數人口都被疏散了。\n如今...基本看不到活人，除了一些零零散散的強盜。\n那裏的輻射等級不算太高，不過看到堆在一起的汽車還是站遠點吧。
Join Crimson Corporation,"User Interface, interaction with NPC",1400,加入深紅公司
Join Green Army,"User Interface, interaction with NPC",1400,加入綠軍
Mmm... Tongue and eyes huh - NPC Dialogue,"User Interface, interaction with NPC",1400,嗯，舌頭和眼睛...這是獵人的傳統？\n好吧，士兵...我手下這些新兵蛋子會被嚇得做噩夢的。不過你做得對，這是老鼠應得的。\n我會把它們作爲對所有人的警告。
Mmm...Ok bye!,"User Interface, interaction with NPC",1400,嗯...好的，再見！
I can see you're a clever person - NPC Dialogue,"User Interface, interaction with NPC",1400,看得出來你是個聰明人，問這種問題時，千萬要小心...\n我只是不想讓你遇到什麼糟糕的事。
My brother Vadim and I have been tasked to guard the main door.,"User Interface, interaction with NPC",1400,我和我哥瓦迪姆奉命看守大門。
"My name is Akim Sokolov, but everyone calls me The Guide - NPC Dialogue","User Interface, interaction with NPC",1400,我叫阿基姆·索科洛夫，但大家都管我叫「嚮導」。\n我在扎科夫土生土長，很熟悉這個地方。需要幫忙指路的話，儘管找我。
My name is Henry Davies and I was in charge of the lab in Zakov.,"User Interface, interaction with NPC",1400,我是亨利·戴維斯，扎科夫實驗室的負責人。
"My name is Reynard, I am the commander of the Crimson Corporation forces stationed at Zakov.","User Interface, interaction with NPC",1400,我是雷納德，深紅公司駐紮科夫部隊的指揮官。
My name is Sacriel - NPC Dialogue,"User Interface, interaction with NPC",1400,我叫薩克雷爾，剛來地堡不久。\n我還沒完全適應這裡，但要做好準備，大約一個月後就給你安排任務。
My name is Viktor Artemovich - NPC Dialogue,"User Interface, interaction with NPC",1400,我是維克托·阿爾捷莫維奇，綠軍的指揮官。\n災難發生時，我們奉命來保護平民和控制局勢。沒想到的是，幾天後，地區周邊出現了一道古怪的屏障，隔絕任何人進出。\n我們動用了一切手段試圖建立無線電通訊，但全都無濟於事。\n外界根本沒人知道這裡面究竟發生了什麼。
My name is Viktor Korolev - NPC Dialogue,"User Interface, interaction with NPC",1400,我叫維克托·科羅廖夫，但大家都管我叫「醫生」。我以前是扎科夫醫院的醫生和研究員。\n爆炸發生後，政府授權我成立一個部門來研究生物的變異。\n項目不愁經費，這值得高興...成千上萬的人在爆炸中喪生，或許高興也不合適。\n不過我又有什麼辦法呢？總之就是撞大運了。
"My name is not important, I'm just a Hunter like you - NPC Dialogue","User Interface, interaction with NPC",1400,我的名字不重要，大家同行而已。\n我在這一帶混了很久。\n憑着以往的經驗值，到處溜達跟散步一樣輕鬆。
Next step,"User Interface, interaction with NPC",1400,繼續
Not much. But orders are orders...,"User Interface, interaction with NPC",1400,還行吧。但命令就是命令...
"Not much... As you can see, this crystal is different from the others - NPC Dialogue","User Interface, interaction with NPC",1400,沒多少……這塊晶體與衆不同，會釋放極強的輻射，多虧了密封設施我們才安然無恙。\n目前還沒弄清釋放的頻率，更別提其本質了。\n不過這輻射確實邪門，似乎帶點催眠效果。我幹這行以來還是頭回見。\n來扎科夫之前，聽說烏克蘭某座廢棄核電廠裏也有類似的地方和晶體，再多的就不知道了。\n那邊傳出的情報寥寥無幾，不過扎科夫這邊同樣也是消息封閉。\n真是暴殄天物，要是能有充足的資源和專業裝置，天知道能發現什麼。\n我最好還是閉嘴吧，這種想法可不受待見，免得被大頭兵聽見找麻煩。
"Nothing in particular, some days I need to get fresh air.\nLiving in the bunker all the time is not easy.","User Interface, interaction with NPC",1400,沒什麼特別的，出來呼吸新鮮空氣。\n一直待在地堡里老難受了。
"Now that you have killed several Green Army soldiers you have shown them that you mean business.\nI propose something to you: talk to Artemovich and see the possibility of having a Crimson Corporation trader inside the bunker.\nNo matter how much our factions are fighting, the ZERO Sievert bunker is still a safe zone.\nIt was not decided by my leaders or even the local government, there are international agreements regarding that bunker.\nThe only way for us to access it would be through force but there are too many civilians in the bunker and having dead civilians is not a wise political move.\nSo, talk to Artemovich and find a compromise. Having a trader in the ZERO Sievert would also benefit our pockets.","User Interface, interaction with NPC",1400,擊殺了綠軍的幾名士兵，也算是讓他們見識到你不好惹了。\n給你個建議：和阿爾捷莫維奇聊聊，看能不能讓深紅公司的商人進駐地堡。\n無論陣營之間如何交戰，零希沃特地堡仍然是安全區。\n這並非由我的上司甚至當地政府決定，而是這個地堡受相關的國際協議保護。\n我們想進去的話只能硬闖，但地堡裏的平民太多了，造成平民傷亡在政治層面上絕非明智之舉。\n所以去和阿爾捷莫維奇聊聊吧，找個折中的辦法。零希沃特地堡裏多個商人的話，能讓我們都賺上一筆。
"Npc can give you usefull information, task and trade with you.","User Interface, interaction with NPC",1400,NPC 可以提供有用的信息和任務，或者和你交易。
Of any kind. People come in here - NPC Dialogue,"User Interface, interaction with NPC",1400,什麼樣的都有。\n人們只需告訴我想要什麼。我的工作就是尋找願意爲了報酬而去冒險的傢伙。
Of course it is! No mutant or bandit has ever walked through that door.,"User Interface, interaction with NPC",1400,廢話，怪物和強盜永遠通過不了這道大門。
"Oh! Oh! Beautiful, isn't it - NPC Dialogue","User Interface, interaction with NPC",1400,噢！噢！很漂亮，對不對？\n「垃圾」先生從一個孩子身上拿到的。噢！「垃圾」先生沒有偷！不！不！「垃圾」先生不偷東西！\n那孩子穿着這身漂亮衣服，但幸運的是他死了。對，死了。多麼美好的一天！\n「垃圾」先生拿走了衣服，現在它只屬於「垃圾」先生了！只屬於他一個人！
Oh! This place is beautiful - NPC Dialogue,"User Interface, interaction with NPC",1400,噢！這地方很漂亮！聽「垃圾」先生說！\n大爆炸後，他們把我們帶到這裡來，路上有很多人在嘔吐。\n他們很快就死了，所以「垃圾」先生拿走他們的東西，但其他人不同意，對「垃圾」先生很不好。\n「垃圾」先生不明白，他們死了，他們要這些漂亮的寶貝有什麼用呢？\n所以「垃圾」先生就藏在這裡，有時出去尋找寶貝，漂亮的寶貝。\n「垃圾」先生看到的活人越來越少，死人越來越多，對，對。\n所以「垃圾」先生可以拿走他們的東西而不會有人生氣了。
"Oh, so you wanna be a Hunter - NPC Dialogue","User Interface, interaction with NPC",1400,想當獵人？出去搜刮物資的人都叫這個。\n去跟列車旁邊的列車長談談吧。\n想多瞭解各個區域就去找嚮導，通常能在地堡大門附近碰見他。\n祝你好運！
"On April 4, 2017, the plant exploded - NPC Dialogue","User Interface, interaction with NPC",1400,2017 年 4 月 4 日核電廠發生爆炸。沒人知道當時究竟怎麼回事，但絕對跟赤紅公司脫不了干係。\n官方聲稱沒搞危險實驗，可惜根本沒人信。\n有膽的話可以親自去問問，他們在工業區有個基地。\n不過別抱太大希望，估計也套不出什麼實話。
"Once you are ready, turn on the lights","User Interface, interaction with NPC",1400,準備好了就打開燈。
"Once you are ready, turn on the lights.","User Interface, interaction with NPC",1400,準備好了就打開燈。
Pay 5000 roubles to pass,"User Interface, interaction with NPC",1400,5000盧布，我就放行。
Priviet comrade! Do you wanna buy something?,"User Interface, interaction with NPC",1400,你好，同志！想買點什麼嗎？
Priviet comrade! How can I help you?,"User Interface, interaction with NPC",1400,你好，同志！有什麼能幫你的嗎？
Recently helicopters have crashed near the swamp - NPC Dialogue,"User Interface, interaction with NPC",1400,最近有幾架直升機在沼澤附近墜毀，這些是機組人員的屍體...\n天哪，他們遭遇了什麼？！\n跟醫生談談，也許他能告訴你什麼。
Refill hunger and thirst,"User Interface, interaction with NPC",1400,吃飯
Repair armor,"User Interface, interaction with NPC",1400,修理護甲
Repair equipment,"User Interface, interaction with NPC",1400,修理裝備
So do you want to join us? That would be a wise choice Hunter - NPC Dialogue,"User Interface, interaction with NPC",1400,你想加入我們？一個明智的選擇，獵人！\n你可以幫助我們對抗綠軍，並加強我們對這個地區的控制。下次你再來找我，我一定會給你安排工作的。\n\n\n確定要加入深紅公司嗎？\n你在這個陣營的聲望上限將變爲1000，允許你解鎖新的裝備和額外的任務。\n你將成爲綠軍的敵人。
So it was you? Good job Hunter - NPC Dialogue,"User Interface, interaction with NPC",1400,原來是你？幹得好，獵人！\n那些食屍鬼一直在殺我的人。\n深紅公司非常感謝你。
So that's your brother Vadim?,"User Interface, interaction with NPC",1400,那是你哥瓦迪姆？
So they want me dead - NPC Dialogue,"User Interface, interaction with NPC",1400,他們想要我死？哈！\n我知道這一天遲早會來，綠軍不會容忍我這麼一塊絆腳石。\n他們命令你來幹這個？\n那麼，你到底是獵人還是士兵？\n隨你的便吧，我已經又老又糊塗了，可我僅剩的這點體面不允許我向你開口求饒。
So you want a Crimson Corporation trader - NPC Dialogue,"User Interface, interaction with NPC",1400,你想讓深紅公司的人進地堡來？\n真該死！這個提議簡直令人作嘔。\n薛帕德擅長玩弄政治，但他十足十是個蠢貨！我一點也不在乎外面的世界發生了什麼，我有我的職責。\n\n我接受你的提議，可你，獵人，你不再是綠軍的夥伴。交易和任務依然有效，但不要指望我的士兵會在外邊幫你。\n滾吧，等你回來的時候就能看到那羣得志的小人了。
So you want to enlist - NPC Dialogue,"User Interface, interaction with NPC",1400,你想參軍？非常好，獵人！\n我正需要你這樣經驗值豐富的好手。下次你再來找我，我看看能不能給你找點活幹。\n\n\n確定要加入綠軍嗎？\n你在這個陣營的聲望上限將變爲1000，允許你解鎖新的裝備和額外的任務。\n你將成爲深紅公司的敵人。
Sorry comrade! I have something else to do,"User Interface, interaction with NPC",1400,對不起，同志！我還有別的事要做。
Tell me more about The forest,"User Interface, interaction with NPC",1400,跟我講講森林
Tell me more about The industrial area,"User Interface, interaction with NPC",1400,跟我講講工業區
Tell me more about The makeshift camp,"User Interface, interaction with NPC",1400,跟我講講臨時營地
Tell me more about old nuclear power plant,"User Interface, interaction with NPC",1400,跟我講講舊核電廠
Tell me more about other areas,"User Interface, interaction with NPC",1400,跟我講講其他地區
Tell me more about the Green Army,"User Interface, interaction with NPC",1400,跟我講講綠軍
Tell me more about the nuclear plant disaster,"User Interface, interaction with NPC",1400,跟我講講核電廠的事
Tell me more about the old nuclear power plant,"User Interface, interaction with NPC",1400,跟我講講舊核電廠
Tell me more about your faction,"User Interface, interaction with NPC",1400,跟我講講你們
Tell me something,"User Interface, interaction with NPC",1400,我想問些事情
Tell me something dickhead,"User Interface, interaction with NPC",1400,屌毛，我問，你答
That's because you're from the ZERO Sievert bunker - NPC Dialogue,"User Interface, interaction with NPC",1400,那是因爲你來自零希沃特地堡，早就被綠軍洗腦了。\n按協議他們根本不該進駐紮科夫，只不過爆炸後局勢惡化。\n他們便打着疏散居民的幌子進來，卻賴着不走想查明事發原因。\n明面上說是保護倖存者，全都是扯淡。\n我們早就截獲了好幾段他們指揮官的無線電通話。\n不知道他們指望能查出什麼，反正這邊也沒什麼好藏着掖着的……
The Green Army is a delegation - NPC DIalogue,"User Interface, interaction with NPC",1400,綠軍是本地陸軍的分支。\n在屏障出現並隔絕通訊後，我決定繼續執行上級的命令。我們盡一切努力讓這裡的文明之火不至於熄滅。\n有人說我們已經變成了一個獨裁政權，但事實是我們必須動用武力來維持秩序。無法想象沒有我們的話這個地方會變成什麼樣子。
The only way to leave the map is to find an extraction point - NPC Dialogue,"User Interface, interaction with NPC",1400,撤離點是唯一的途徑。\n它們在個人終端地圖上顯示爲綠色圓圈。\n祝你好運！
There's Mr. Junk's treasure - NPC Dialogue,"User Interface, interaction with NPC",1400,那是「垃圾」先生的寶貝！別盯着它看！\n「垃圾」先生會不高興的！\n別打開那扇門！不！不！不！\n你敢！
"They proceed slowly, to my chagrin - NPC Dialogue","User Interface, interaction with NPC",1400,進展非常緩慢。\n開始時，我們興奮地離開地堡展開採樣收集工作，但一下子就失去了過半的小隊。之後也很難找到願意冒險的人。\n願意出去的都是想撈一筆的普通人，可我需要的是受過良好教育和頭腦靈活的傢伙。
"This area is reserved for the Green Army, you do not have authorization.","User Interface, interaction with NPC",1400,這是綠軍控制的地堡區，你沒有得到授權。
"This area is restricted, you do not have permission to pass.\nYou have to pay 5000 roubles every time you want to access.","User Interface, interaction with NPC",1400,這裡是禁區，你沒有得到授權。\n你每次通過都得付5000盧布。
This is Grigoriy! He was the only nice child with Mr. Junk - NPC Dialogue,"User Interface, interaction with NPC",1400,這是格里戈里！他是「垃圾」先生唯一的朋友。\n他和「垃圾」先生一起長大，他們一起去尋找寶貝。\n有一天，格里戈里發現了一個漂亮的寶貝，但「垃圾」先生想據爲己有。格里戈里非常生氣，把寶貝緊緊地握在手裏。\n人人都說「垃圾」先生是傻瓜，但「垃圾」先生知道頭是人的弱點，所以「垃圾」先生拿起一塊石頭，朝格里戈里的頭砸了幾下。\n對，對，「垃圾」先生聰明。\n「垃圾」先生很高興，因爲他得到了寶貝，但也很傷心，因爲格里戈里再也不動了。\n從那天起，「垃圾」先生再也不拿別人的東西了。不！\n不！不！
"This is my current base, I usually move around - NPC Dialogue","User Interface, interaction with NPC",1400,我在考慮何時搬家。搬家對我來說是常事，但這裡有家的感覺。我是說真正的家。\n哦，就像過去的美好時光...
This is the Zero Sievert - NPC Dialogue,"User Interface, interaction with NPC",1400,這裡是零希沃特，一個建立於冷戰時期的舊地堡，扎科夫唯一的安全區。\n在這裡你可以找到你需要的一切：裝備，補給和任務。
WHY? Look where we live now - NPC Dialogue,"User Interface, interaction with NPC",1400,爲什麼？看看我們現在生活的地方。\n我是扎科夫一家工廠的廠長。事故發生時，我沒能及時離開。現在我被困在這裡，和這些骯髒的傢伙在一起。
We are trying to find out what happened - NPC Dialogue,"User Interface, interaction with NPC",1400,我們正在努力調查災難的真相。\n核電廠的爆炸發生在一次常規實驗期間。我們只知道這些，因爲所有參與者都當場死亡，網絡也癱瘓了，我們甚至無法恢復數據。\n士兵是來保護我們的，你看到那些變異的野生動物了嗎？\n我們必須組織一支小隊去核電廠，但那裏充滿了輻射和異常，非常危險。
We come from a small town in Siberia.\nJoining the army was the only way to escape from that life.,"User Interface, interaction with NPC",1400,我們來自西伯利亞的一個小鎮。\n參軍是逃離那裏的唯一途徑。
"Well well, a hunter. What do you want from the crimson Corporation?","User Interface, interaction with NPC",1400,好吧，獵人，你想從深紅公司得到什麼？
What a beautiful... costume I guess?,"User Interface, interaction with NPC",1400,你這一身…還挺好看？
What are you doing here all alone?,"User Interface, interaction with NPC",1400,你一個人在這裡做什麼？
What are you doing here?,"User Interface, interaction with NPC",1400,你在這裡做什麼？
What are you doing out here?,"User Interface, interaction with NPC",1400,你在這裡做什麼？
Aren't you scared to be out here?,"User Interface, interaction with NPC",1400,你跑到這裡來不害怕嗎？
What can you tell me about an old nuclear power plant in Ukraine?,"User Interface, interaction with NPC",1400,你能跟我講講烏克蘭的舊核電廠嗎？
What can you tell me about this area?,"User Interface, interaction with NPC",1400,你能跟我講講這個地方嗎？
What did you discover?,"User Interface, interaction with NPC",1400,你發現了什麼？
What do you mean? Oh! Oh - NPC Dialogue,"User Interface, interaction with NPC",1400,什麼意思？噢！對！對！\n「垃圾」先生是誰？嗯...\n「垃圾」先生是誰？噢！「垃圾」先生的名字是「垃圾」先生！對，因爲人們都這麼叫他。\n因爲「垃圾」先生喜歡收集寶貝。\n「垃圾」先生不懂，你應該問問他們，但「垃圾」先生認爲他們現在都死了。\n對！對！死了！死了！
What do you want?,"User Interface, interaction with NPC",1400,你想要什麼？
What does Crimson Corporation have to do with the accident?,"User Interface, interaction with NPC",1400,深紅公司和這次事故有什麼關係？
What does the Crimson Corporation do?,"User Interface, interaction with NPC",1400,深紅公司是做什麼的？
What happened at Zakov,"User Interface, interaction with NPC",1400,扎科夫發生了什麼？
What happened to those people in the beds?,"User Interface, interaction with NPC",1400,那些躺在牀上的人是怎麼回事？
What happened?,"User Interface, interaction with NPC",1400,發生了什麼？
What is that thing that looks like a person?,"User Interface, interaction with NPC",1400,那個看起來跟人一樣的玩意兒是什麼？
What is the Crimson Corporation?,"User Interface, interaction with NPC",1400,深紅公司？
What is the plan?,"User Interface, interaction with NPC",1400,計劃是什麼？
What is this place,"User Interface, interaction with NPC",1400,這是什麼地方
What is your relationship with the Green Army?,"User Interface, interaction with NPC",1400,你們和綠軍是什麼關係？
What kind of tasks can you give me?,"User Interface, interaction with NPC",1400,你會給我什麼任務？
What the hell is that big crystal?,"User Interface, interaction with NPC",1400,那個水晶到底是什麼鬼？
What the hell is that purple crystal?,"User Interface, interaction with NPC",1400,那紫色水晶到底是什麼鬼？
What was this place like before the disaster?,"User Interface, interaction with NPC",1400,災難發生前這個地方是什麼樣兒的？
What's behind that door?,"User Interface, interaction with NPC",1400,那扇門後面是什麼？
What's the point of talking to npc?,"User Interface, interaction with NPC",1400,跟 NPC 聊天有什麼意義？
When do we start?,"User Interface, interaction with NPC",1400,我們什麼時候開始？
Where are you from?,"User Interface, interaction with NPC",1400,你來自哪裏？
Where can I find some jobs?,"User Interface, interaction with NPC",1400,去哪裡找活幹？
Where can I find some tasks?,"User Interface, interaction with NPC",1400,我在哪能找到任務？
Where can I store my items?,"User Interface, interaction with NPC",1400,我的物品該存放在哪裡？
Where do you come from?,"User Interface, interaction with NPC",1400,你從哪裏來的？
Who am I? Who are you - NPC Dialogue,"User Interface, interaction with NPC",1400,我是誰？我還沒問你是誰，就這樣闖進我家！\n唉...抱歉，我不習慣有客人。\n我叫伊戈爾，以前是個獵人。哦，不是現在那些被稱爲獵人的傢伙。災難發生前，我靠着我不愛說話的莫辛老夥計和一把Toz-34以狩獵動物爲生。\n不，別打什麼歪主意。如果你要得到它們，就得先殺了我。
Who are you and why are you here?,"User Interface, interaction with NPC",1400,你是誰？在這裡做什麼？
Who are you?,"User Interface, interaction with NPC",1400,你是誰？
Who told you about this - NPC Dialogue,"User Interface, interaction with NPC",1400,誰告訴你的？好吧，算了。\n本來我是不讓說這個的，但看在你幫了我們這麼多的份上，我可以爲你破例一次。\n其實我知道的也不多。之前跟你說過，我原本只是個醫生和研究員。\n在他們疏散我們來這裡的路上，我聽到有幾位綠軍的高官說起幾年前烏克蘭也發生過類似事件：類似的異常，輻射對環境產生的變化。\n他們提到了一臺讓人發狂的機器和一幫打扮得像邪教的人。\n真是夠扯的，我當時根本不信。但等到聽到分析出的異常數據，我才明白真的有這回事。\n總之當意識到我在偷聽時，他們只是看着我，無動於衷，就好像他們知道我無論如何也不會離開這裡一樣...
Why all these soldiers? What are you still doing here?,"User Interface, interaction with NPC",1400,爲什麼有這麼多士兵？你們要在這裡做什麼？
Why am I always the only one doing these missions?,"User Interface, interaction with NPC",1400,爲什麼只有我一個人執行這些任務？
Why are you so rude?,"User Interface, interaction with NPC",1400,爲什麼這麼粗暴？
Why can't I go through?,"User Interface, interaction with NPC",1400,爲什麼不能過去？
"Yeah, he used to be nicer before he became an Army Special Agent - NPC Dialogue","User Interface, interaction with NPC",1400,是的。他在成爲陸軍特工前是個十分友善的人。他經歷過很多事情。\n他是將軍親自挑選來這裡的。當時他問我願不願意和他一起，我就答應了。\n我本以爲在這種特殊局勢下服役，能在軍中有個大好前程...\n結果我們一腳踏進了地獄的大門。
"Yes, no mutant or bandit has ever made it through that door","User Interface, interaction with NPC",1400,當然，怪物和強盜都別想通過這扇門！
"You're not a man of many words, I see.","User Interface, interaction with NPC",1400,你似乎不愛說話
"You're not the only one, you're just the one coming back alive right now - NPC Dialogue","User Interface, interaction with NPC",1400,你可不是唯一接活的人，你只是目前唯一活着回來的...\n看吧，這裡全都是自欺欺人的可憐蟲，幻想着有一天自己會被接走，回到曾經的家。\n家已經不存在了...\n大多數人只敢收集點物資，只有最勇敢或者說最不要命的人才會去幹你現在接的活。\n綠軍爲什麼不去解決這些破事兒？\n據我所知，他們接到的命令是控制住這個地區，尤其是杜絕有人去往外面的世界。
Any interesting news?,"User Interface, interaction with NPC",1400,有什麼有趣的消息？
"This is none of your business, Hunter?","User Interface, interaction with NPC",1400,這不關你的事吧，獵人？
"Well, obviously a little bit - NPC Dialogue","User Interface, interaction with NPC",1400,嗯...顯然還是有一點的。\n你的背後隨時可能冒出一頭食屍鬼。然而有什麼辦法呢？這就是扎科夫。
Nah! I am prepared!\nThe only thing that can scare me is running out of vodka! Haha,"User Interface, interaction with NPC",1400,不，我有充分的心理準備！\n唯一能嚇到我的就是伏特加喝完了！哈哈！
Well I'm sorry but I can't help you.\nI generally prefer to mind my own business.,"User Interface, interaction with NPC",1400,呃，很抱歉，沒有。\n一般來說，我只關注自己的事。
I heard that an old man lives in the Forest - NPC Dialogue,"User Interface, interaction with NPC",1400,森林裏住着一位老人。\n聽說他趕走了上門強行遷移平民的綠軍。\n太有膽量了！
Try to be careful if you go to the village - NPC Dialogue,"User Interface, interaction with NPC",1400,如果你準備去森林中央的村莊，一定要小心。\n我聽說最近有一幫強盜佔據了那裏。
"Sorry, I don't have any...","User Interface, interaction with NPC",1400,抱歉，沒有...
I heard that a strange guy lives in Makeshift Camp. I can't remember the name but they said he's kind of crazy.,"User Interface, interaction with NPC",1400,我聽說有個奇怪的傢伙躲在臨時營地。\n我不記得名字了，但他們說他瘋瘋癲癲的。
Yulian Borisov,NPCs,48,尤利安·鮑里索夫
Zhukov,NPCs,48,朱可夫
Tikhon,NPCs,48,季洪
Toma,NPCs,48,托馬
Trade,Trade with an NPC,48,交易
Vadim,NPCs,48,瓦迪姆
Vinogradov,NPCs,48,維諾格拉多夫
Vladimir,NPCs,48,弗拉基米爾
Osipov,NPCs,48,奧西波夫
Rostya,NPCs,48,羅斯佳
Sergeev,NPCs,48,謝爾蓋耶夫
Smirnov,NPCs,48,斯米爾諾夫
Spiridon,NPCs,48,斯皮里頓
Stepan,NPCs,48,斯捷潘
Task,"Synonym for quest, used in dialogue",48,任務
Solovev,NPCs,48,索洛維約夫
Pushkin,NPCs,48,普希金
Popo,NPCs,48,波波
Nikitin,NPCs,48,尼基京
Nikolaev,NPCs,48,尼古拉耶夫
Mr. Gears,NPCs,48,齒輪先生
Koloda,NPCs,48,科洛達
Kuzmin,NPCs,48,庫茲明
Lebedev,NPCs,48,列別傑夫
Ludmil,NPCs,48,盧德米爾
Lyosha,NPCs,48,廖沙
Makarov,NPCs,48,馬卡羅夫
Markus,NPCs,48,馬庫斯
Isidor,NPCs,48,伊西多爾
Inna,NPCs,48,伊娜
Iov,NPCs,48,伊奧夫
Ipatiy,NPCs,48,伊帕季
Frolov,NPCs,48,弗羅洛夫
Gedeon,NPCs,48,吉迪恩
Ermolai,NPCs,48,艾爾莫萊
Alexeev,NPCs,48,阿列克謝耶夫
Alyosha Egorov,NPCs,48,阿廖沙·葉戈羅夫
Anatolii,NPCs,48,阿納託利
Quest,"User Interface, quests",16,任務
completed,"User Interface, quests",16,已完成
completed!,"User Interface, quests",16,已完成！
Lights mode,"User Interface, lights mode",32,燈光模式
Lights timer,"User Interface, lights timer",32,燈光閃爍間隔
Lights 1 - color,"User Interface, lights color",32,1 號燈光顏色
Lights 2 - color,"User Interface, lights color",32,2 號燈光顏色
survived,"User Interface, exit screen",40,成功撤離
killed in action,"User Interface, exit screen",40,死亡
experience,"User Interface, exit screen",40,狩獵經驗值
Current,"User Interface, exit screen",40,目前
Next Level,"User Interface, exit screen",40,升級所需
skip,"User Interface, exit screen",40,跳過
Approx roubles made,"User Interface, exit screen",64,戰利品等值盧布
Killed by,"User Interface, exit screen",40,死於
Show difficulty settings,"User Interface, exit screen",64,顯示難度設定
Stash,Interfactions,48,儲藏
Talk,Interfactions,48,交談
Enter,Interfactions,48,進入
Interact,Interfactions,48,互動
Investigate,Interfactions,48,調查
Open,Interfactions,48,打開
Jam,Interfactions,48,卡殼
Fix,Interfactions,48,修復
Mark,NPCs,48,馬克
place analyzer,Interfactions,48,放置分析儀
Activate GPS,Interfactions,48,啟動 GPS
Open the valve,Interfactions,48,打開閥門
Place dynamite,Interfactions,48,放置炸藥
Turn on lights,Interfactions,48,開燈
Read,Interfactions,48,閱讀
Rip out the tongue and eyes,Interfactions,48,挖出舌頭和眼睛
Switch ON/OFF,Interfactions,48,開/關
Change color 1,Interfactions,48,更改 1 號燈光顏色
Change color 2,Interfactions,48,更改 2 號燈光顏色
Change mode,Interfactions,48,更改模式
Change timer,Interfactions,48,更改計時器
Give Milk,Interfactions,48,給牛奶
Fatigue,Player Status,48,疲勞
Well rested,Player Status,48,精力充沛
Not tired,Player Status,48,狀態良好
Sleepy,Player Status,48,睏乏
Tired,Player Status,48,疲倦
Very tired,Player Status,48,精疲力竭
Hunger,Player Status,48,飢餓
Full,Player Status,48,飽足
Not hungry,Player Status,48,狀態良好
Slightly hungry,Player Status,48,略感飢餓
Hungry,Player Status,48,飢餓
Starving,Player Status,48,飢餓難耐
Thirst,Player Status,48,口渴
Well hydrated,Player Status,48,水分充足
Not thirsty,Player Status,48,狀態良好
Slightly thirsty,Player Status,48,略感口渴
Thirsty,Player Status,48,口渴
Dehydrated,Player Status,48,脫水
Radiation,Player Status,48,輻射
Not irradiated,Player Status,48,無輻射
Slightly irradiated,Player Status,48,輕微輻射
Irradiated,Player Status,48,較高輻射
Dangerously irradiated,Player Status,48,危險輻射
Fatal irradiated,Player Status,48,致命輻射
MAP,PDA Icons,20,地圖
STAT,Player Status,20,狀態
SKILL TREE,Player Status,20,技能樹
BASE,Player Status,20,地堡
"Welcome to the bunker ZERO Sievert, one of the last safe places in Zakov",Tutorial,256,歡迎來到零希沃特地堡，這裡是扎科夫最後的安全地帶之一。
"In this place you'll be able to accept new missions, trade with vendors and manage your equipment.\nBefore you go out on a hunt I suggest you explore the bunker",Tutorial,256,你可以在這裡接受新任務，與商人交易並管理你的裝備。\n在你出發狩獵前，我建議你先探索一下地堡。
"Go talk to the barman, he will surely have some quests to give you.\nAlso he will explain what happened at Zakov",Tutorial,256,去和酒保談談，他肯定有一些任務要交給你。\n他還會向你解釋扎科夫發生了什麼。
"In order to leave the bunker and go on a hunt, you need to talk to the train conductor.\nHe is located to the south, outside the bunker. Before leaving ask him a few questions, he will explain how to extract from the maps",Tutorial,256,要離開地堡狩獵，你需要和列車長談談。\n他就在地堡外。出發前記得找他聊聊，他會向你解釋如何從地圖上撤離。
"There is a room in the bunker that you can use as a base, to the left of the barman.\nYou'll be able to use the workstation to craft new items, use the crates as storage, and build modules.",Tutorial,256,地堡內吧檯左邊有一個房間，你可以將其當成基地。\n你可以使用工作臺製作新物品，使用箱子存儲物品，安裝各種模組。
"By accessing your personal device [J] you will be able to see your position, current missions, install new modules and other things.",Tutorial,256,訪問你的個人終端[J]，查看地圖和任務，規劃模組安裝以及使用其他功能。
"Press [TAB] to access your inventory and equip the backpack.\nIf you need information on the game mechanics, consult the tutorial by pressing [ESC].\nGood luck hunter!",Tutorial,256,按[TAB]進入背包並裝備背包。\n如果你需要了解更多遊戲機制，請按[ESC]查看教學。\n祝你好運，獵人！
Scientists,Factions,24,科學家
Loners,Factions,24,獨行俠
Bandit,Factions,24,強盜
Player,Factions,24,玩家
MAX HP,Injector stats,16,最大生命值
HP Regen/s,Injector stats,16,生命值恢復/秒
HP Regen,Injector stats,16,生命值恢復
Health,Injector stats,16,生命值
Bleed,Injector stats,16,出血
Bleed Rec,Injector stats,16,出血恢復
Bleed Rec/s,Injector stats,16,出血恢復/秒
bleed immune,Injector stats,16,出血免疫
max stamina,Injector stats,16,最大耐力
Stamina Regen/s,Injector stats,16,耐力恢復/秒
Rad Regen/s,Injector stats,16,輻射恢復/秒
Rad Defence,Injector stats,16,輻射防禦
Hunger/s,Injector stats,16,飢餓恢復/秒
Thirst/s,Injector stats,16,口渴恢復/秒
Min Dur.,Item Stats,16,耐久下限
Max Dur.,Item Stats,16,耐久上限
Cond. Gain,Item Stats,16,耐久恢復
Hold ctrl while dragging an item to divide its quantity,Loading screen tips,256,拿起物品並按住[Ctrl]拖放以分開
Scroll mouse wheel to select a different interaction option,Loading screen tips,256,滾動滑鼠滾輪選擇不同的互動選項
Hold ctrl and click an item to move it quickly,Loading screen tips,256,滾動滾輪以選擇不同的互動選項
Weapons can be modded only in the bunker,Loading screen tips,256,武器只能在地堡中改裝
Hunger and thirst do not decrease in the bunker,Loading screen tips,256,在地堡中，飢餓和口渴不會加劇
Weight carried and running influence accumulated fatigue,Loading screen tips,256,負重和奔跑會加劇疲勞
You can add a marker on the minimap by pressing RMB,Loading screen tips,256,在地圖上右鍵點擊以添加標記
The doctor can heal you,Loading screen tips,256,醫生可以治療你，也可以幫你修理護甲
Shooting with a scope grants 100% accuracy and no bullet travel time,Loading screen tips,256,使用高倍率瞄準鏡且準星精準指向目標時，射出的子彈會瞬間命中
"Weapons durability influence the accuracy, damage and the chance of jam",Loading screen tips,256,耐久損耗會降低槍械的傷害和準確度，甚至導致卡殼
"Before using a kit for a module, you must first install it via the Personal Device",Loading screen tips,256,先在個人終端中規劃模組位置，然後進行安裝
Use a repair kit restore the durability of weapons and armour,Loading screen tips,256,使用修理套件恢復槍械和護甲的耐久
Once you have reached the maximum level of a skill you can select a specialisation,Loading screen tips,256,基礎技能達到最高等級後可以選擇一項專精
You move slowly if overencumbered,Loading screen tips,256,超重後只能緩慢移動
"To increase the number of stashes in the bunker, you have to build a storage kit",Loading screen tips,256,安裝儲藏模組以增加儲藏頁
"You can die quickly, choose wisely when to engage",Loading screen tips,256,死亡如影隨形，三思而後行
You can only die of radiation when the indicator is red,Loading screen tips,256,指示器變爲紅色表明目前輻射程度足以致死
Enemies have reduced vision at night,Loading screen tips,256,在夜間，敵人的視距會降低
Wounds decrease your max HP,Loading screen tips,256,傷口會降低你的最大生命值
Press Fire Button to end an animation,Loading screen tips,256,開火會結束角色的其他動作
Press R to rotate an item whilst in the inventory screen,Loading screen tips,256,按R旋轉背包/儲藏中的物品
You can mitigate your weapons recoil by pulling back in the opposite direction.,Loading screen tips,256,反向拖動滑鼠以抵消槍械後座力
Reticle placement matters. Reduce glancing shots by having your reticle directly over your target when shooting.,Loading screen tips,256,射擊時將準星直接指向目標可減少跳彈
"Swapping to a pistol is faster than any other type of weapon swap, making it the perfect backup weapon in a pinch.",Loading screen tips,256,作爲切換速度最快的槍械，手槍是完美的副手備用武器
"Be vigilant, some enemies are tougher than others, indicated by what armor they are wearing.",Loading screen tips,256,保持謹慎，觀察敵人的護甲，判斷他們的強弱程度
"Grenades are high value items, incredibly useful, but not to be wasted.",Loading screen tips,256,手榴彈不僅是高價值物品，在戰術上也別有妙用
Speak to the Networker in the bunker for additional quests and rewards each day.,Loading screen tips,256,每天與地堡中的聯絡員交談，領取任務和報酬
"Knowing your effective range, is knowing your enemies'. Keep an eye on enemy loadouts and adapt your strategy.",Loading screen tips,256,瞭解槍械的有效射程就是了解你的敵人，關注他們的裝備，審時度勢並調整戰術
Grenades are a great way to make an enemy move or perish. Use them to push positions.,Loading screen tips,256,使用手榴彈壓制或消滅敵人
"Holding RMB to aim your weapon will extend your view distance, with optical scopes increasing it considerably.",Loading screen tips,256,按住右鍵延長視野，使用光學瞄準鏡會顯著增強效果
"Attaching a reflex sight to your weapon will make your reticle positioning more forgiving, making glancing shots less likely.",Loading screen tips,256,使用高倍率瞄準鏡會使準星更爲精準，進而減少跳彈
Don’t peek the same corner! Enemies will react much more quickly when targeting near your last known position.,Loading screen tips,256,別一直從同一個角落探頭！敵人會瞄準你最後出現的方位，不要跟他們比拼反應
Landmines are an effective tool to defend against rushing enemies. Just remember where you put them.,Loading screen tips,256,地雷能有效抵禦一擁而上的敵人，但別忘了地雷的放置地點
"Specialist ammo types can alter a weapon's effective range, such as shotguns and slugs.",Loading screen tips,256,特殊彈藥能改變槍械的有效射程，比如霰彈槍的獨頭彈
Enemies will remember your last position in an encounter. Use that against them with flanking tactics.,Loading screen tips,256,在遭遇戰中，敵人會記住你最後出現的方位，儘量從側面發起進攻
Shotguns and SMGs offer unmatched firepower at close ranges.,Loading screen tips,256,霰彈槍和衝鋒槍在近距離內提供強大火力
"Snipers & DMR’s have the longest effective ranges out of any weapon types, but will struggle to make full contact shots at close range, best complemented with a short range weapon for close combat.",Loading screen tips,256,狙擊槍和精確射手步槍擁有最遠的有效射程，但在近距離內難以正中目標
Counter incoming flashbangs by looking away to counter the blinding effects.,Loading screen tips,256,調整視野以免受閃光彈致盲影響
Join the Discord server to stay up-to-date with the game development (click on Patch Notes in the main menu),Loading screen tips,256,加入 Discord 伺服器以掌握遊戲開發的最新動態（點擊主選單的版本說明）
Igor's house,Marker names,48,伊戈爾的房子
Normal,Marker names,48,普通
Crimson outpost,Marker names,48,深紅公司前哨站
Christmas Airdrop,Marker names,48,聖誕空投
Always remember to bring food and drink with you,"Tips, currently unused",256,永遠不要忘記帶上食物和飲品
If you haven't slept in a while you'll start to lose stamina max,"Tips, currently unused",256,長時間不睡覺會導致最大體力值減少
"Doctor can cure hp, wounds and radiation","Tips, currently unused",256,醫生可以恢復血量、治癒傷口並祛除輻射
"Weapons in poor condition do less damage, are inaccurate and can jam","Tips, currently unused",256,武器欠缺保養會導致傷害減少、準度下降且容易卡殼
You can repair weapons and armor by yourself if you have the workshop module,"Tips, currently unused",256,有工作坊模組就能自己修理武器和護甲
"Pay attention to your stamina, always keep some in case you need to escape quickly","Tips, currently unused",256,多留意體力值，務必要留一點以備不時之需
By increasing your reputation level you'll unlock new missions and new equipment from the vendors,"Tips, currently unused",256,提高聲望等級，就能從供應商處解鎖新的任務和裝備
If you die you will receive half the experience,"Tips, currently unused",256,死亡會失去一半的經驗值
"In each map there are hidden stashes, they can contain anything.","Tips, currently unused",256,每張地圖都有隱藏儲藏，什麼物資都有可能出現。
Transfusion 1,Skill Names,64,輸血 1
Increase max HP by 10,Skill Descriptions,128,最大生命值 +10
Transfusion 2,Skill Names,64,輸血 2
Mutated Platelet,Skill Names,64,變異血小板
Restore 0.5% of missing HP every second,Skill Descriptions,128,每秒恢復失去生命值的 0.5%
+10% weapon damage,Skill Descriptions,128,武器傷害 +10%
Integrated Armor,Skill Names,64,一體式護甲
-10% damage received,Skill Descriptions,128,受到傷害 -10%
Sixth sense,Skill Names,64,第六感
15% chance to not die from a fatal hit,Skill Descriptions,128,15% 機率不會因致命一擊死亡
Strong Blood,Skill Names,64,強血
-30% chance to bleed,Skill Descriptions,128,出血機率 -30%
Critical shot,Skill Names,64,致命一擊
15% to kill the target if their HP is less than 20%,Skill Descriptions,128,目標生命值低於 20% 時有 15% 機率直接擊殺
Soldier training,Skill Names,64,士兵訓練
+10% accuracy and -10% recoil,Skill Descriptions,128,準確度 +10% ，後座力 -10%
Basic craftmanship course,Skill Names,64,基礎工藝課程
Unlock basic gear crafting,Skill Descriptions,128,解鎖基礎裝備製作
Master craftmeaship course,Skill Names,64,工藝大師課程
Unlock all crafting,Skill Descriptions,128,解鎖所有物品製作
Advanced craftmanship course,Skill Names,64,高級工藝課程
Unlock more crafting,Skill Descriptions,128,解鎖更多物品製作
Charisma 1,Skill Names,64,魅力 1
Increase selling price by 5%,Skill Descriptions,128,賣出價格 +5%
Charisma 2,Skill Names,64,魅力 2
Increase selling price by 7%,Skill Descriptions,128,賣出價格 +7%
Friend or the train conductor,Skill Names,64,列車長的朋友
Decrease the price of entering a map by 25%,Skill Descriptions,128,進入地圖的費用 -25%
Just because it is you,Skill Names,64,因為是你
Traders sell more quantity of items,Skill Descriptions,128,商人販賣物品數量增加
Inventory 1,Skill Names,64,背包 1
Unlock more items from traders,Skill Descriptions,128,解鎖更多商人售賣的物品
Lost and found,Skill Names,64,失物招領
Unlock the trader which sells random stuff,Skill Descriptions,128,解鎖販賣隨機物品的商人
Survival kit,Skill Names,64,生存套件
Traders sell more medikit and ammo,Skill Descriptions,128,商人販賣更多醫療箱與彈藥
Inventory 2,Skill Names,64,背包 2
Quest devourer,Skill Names,64,任務吞噬者
Increase quest experience by 30%,Skill Descriptions,128,任務經驗值 +30%
Deposit 1,Skill Names,64,儲存 1
You gain 1 more personal chest,Skill Descriptions,128,獲得 1 個額外個人儲藏箱
Deposit 2,Skill Names,64,儲存 2
You gain two more personal chest,Skill Descriptions,128,獲得 2 個額外個人儲藏箱
Tip,Skill Names,64,小費
Increase the reward of quests,Skill Descriptions,128,任務報酬增加
Strong shoulders,Skill Names,64,鐵臂
Increase max weight by 10,Skill Descriptions,128,最大負重 +10
Strong stomach,Skill Names,64,鐵胃
You can eat everything without be irradiated,Skill Descriptions,128,吃任何東西都不受輻射影響
Steel skin,Skill Names,64,鐵皮
Radiations under 90msv/hour don't harm you,Skill Descriptions,128,每小時低於 90msv 的輻射都無法傷害你
Gold digger,Skill Names,64,淘金大師
Greatly increase the amount of items found in chests,Skill Descriptions,128,大幅增加在箱子中找到的物品數量
Cardio,Skill Names,64,有氧運動
Increase stamina by 15 points,Skill Descriptions,128,耐力 +15
Marathon runner,Skill Names,64,馬拉松選手
Consume 30% less stamina while running,Skill Descriptions,128,跑步時耐力消耗 -30%
Mule,Skill Names,64,騾子
You can move while overweighted,Skill Descriptions,128,超重時仍可移動
Agility,Skill Names,64,敏捷
Increase your movement speed by 10%,Skill Descriptions,128,移動速度 +10%
Good finder,Skill Names,64,善於尋找
Slightly increase the amount of items found in chests,Skill Descriptions,128,略微增加箱子內物品數量
Wanderer,Skill Names,64,流浪者
Increase max weight by 5 and gain 5% more expereince,Skill Descriptions,128,最大負重 +5，獲得經驗值 +5%
Sharp eye,Skill Names,64,鷹眼
Increase the amount of secret stash on maps,Skill Descriptions,128,增加地圖上的隱藏儲藏數量
Fast hands,Skill Names,64,快手
Decrease the looting time by 50%,Skill Descriptions,128,搜刮時間 -50%
Fitness,Skill Names,64,健身
Increase your physical stats,Skill Descriptions,256,提高身體素質
+2 stamina per level,Skill Value Descriptions,128,每級 +2 最大耐力
Jogger,Skill Names,64,慢跑達人
Increase stamina and running does not cost stamina if you are under a certain weight,Skill Descriptions,256,提高最大耐力，低負重下奔跑不消耗耐力
+10 +2 stamina per level\nFree run under 20 + 2 per level kg,Skill Value Descriptions,128,+10（每級額外 +2）最大耐力\n負重在20KG（每級額外 +2KG）以下時免除奔跑耐力消耗
Greatly increase your max weight,Skill Descriptions,256,大幅提高負重上限
+5 +0.6 max carry weight per level,Skill Value Descriptions,128,+5KG（每級額外 +1KG）負重上限
Sprinter,Skill Names,64,衝刺
Slightly increase stamina and running speed and reduce running cost,Skill Descriptions,256,略微提高最大耐力和奔跑速度，降低奔跑耐力消耗
+5 +1 stamina per level\n+5% +1% running speed per level\n-30% -2% running cost per level,Skill Value Descriptions,128,+5（每級額外 +1）最大耐力\n +5% （每級額外 +1% ）奔跑速度\n -30% （每級額外 -2% ）奔跑耐力消耗
Style,Skill Names,64,生存
Increase your looting speed,Skill Descriptions,256,提高搜刮速度
+3% looting speed per level,Skill Value Descriptions,128,每級 +3% 搜刮速度
Loot Goblin,Skill Names,64,拾荒哥布林
Greatly increase Looting speed. Can see chest through walls. Slightly more loot in chests.,Skill Descriptions,256,大幅提高搜刮速度\n能隔牆看見容器\n略微增加容器中的戰利品
+30% + 3% looting speed per level\n20% +2% more loot in chest per level,Skill Value Descriptions,128,+30% （每級額外 +3% ）搜刮速度\n +20% （每級額外 +2% ）容器中的戰利品
Stealth,Skill Names,64,潛行
Decrease enemies' sight range.\nEnemies take longer to detect you.\nMore damage while not detected.,Skill Descriptions,256,減少敵人視距\n增加被敵人察覺所需時間\n未被察覺時提高傷害
-10% -1% enemies sight range per level.\n100% +5% detection time per level.\n+10% +2% damage while not detected per level,Skill Value Descriptions,128,-10% （每級額外 -1% ）敵人視距\n +50% （每級額外 +5% ）被敵人察覺所需時間\n +10% （每級額外 +2% ）未被察覺時傷害
Scout,Skill Names,64,偵察
Slightly Looting speed.\nEnemies are visible for a longer time.\nMore hidden stash on maps.,Skill Descriptions,256,略微提高搜刮速度\n敵人在更長時間內可見\n發現更多隱藏儲藏
10% +2% looting speed per level.\n20% +3% time enemies are visible.\n+30% +2% more hidden chest per level,Skill Value Descriptions,128,+10% （每級額外 +2% ）搜刮速度\n +20% （每級額外 +3% ）敵人可見時間\n +30% （每級額外 +2% ）隱藏儲藏數量
Shooting,Skill Names,64,射擊
Increase your shooting abilities,Skill Descriptions,256,提高射擊水平
-2% recoil per level.\n+1% reloading speed per level,Skill Value Descriptions,128,每級 -2% 後座力\n每級 +1% 換彈速度
Operator,Skill Names,64,操作員
Greatly reduce recoil and slightly increase reloading speed,Skill Descriptions,256,大幅降低後座力，略微提高換彈速度
-15% -2% recoil per level.\n+5% +1% reloading speed per level,Skill Value Descriptions,128,-15% （每級額外 -2% ）後座力\n +5% （每級額外 +1% ）換彈速度
Fast Hands,Skill Names,64,快速換彈
Greatly increase reloading speed and slightly decrease recoil,Skill Descriptions,256,大幅提高換彈速度，略微降低後座力
-5% -1% recoil per level.\n+20% +2% reloading speed per level,Skill Value Descriptions,128,-5% （每級額外 -1% ）後座力\n +20% （每級額外 +2% ）換彈速度
Greatly increase ergonomic while aiming. Greatly increase damage while aiming,Skill Descriptions,256,使用瞄準鏡時大幅提高人體工學工效\n使用瞄準鏡時大幅提高傷害
+100% +10% ergonomic while aiming per level. +50% +8% damage while aiming per level,Skill Value Descriptions,128,+100% （每級額外 +10% ）人體工學工效\n使用瞄準鏡時 +25% （每級額外 +5% ）傷害
Charisma,Skill Names,64,交際
Better deals with vendors,Skill Descriptions,256,交易時獲得更好的條件
+1% selling price per level. +2% traders money per level.,Skill Value Descriptions,128,每級 +1% 出售價格\n每級 +2% 商人資金
Charm,Skill Names,64,魅力
Traders have more roubles,Skill Descriptions,256,商人有更多盧布
Traders have +50% + 6% roubles per level,Skill Value Descriptions,128,+50% （每級額外 +6% ）商人資金
Storage,Skill Names,64,儲藏室
Traders have more of the items they sell,Skill Descriptions,256,商人販賣物品數量增加
Traders have 50% + 5% more items per level,Skill Value Descriptions,128,+50% （每級額外 +5% ）商人物品
Workaholic,Skill Names,64,工作狂
Increase the rewards from quests,Skill Descriptions,256,提高任務報酬
+30% + 3% per level quest reward,Skill Value Descriptions,128,+30% （每級額外 +3% ）任務報酬
Medicine,Skill Names,64,醫療用品
Allows you to craft more medication based on level if you have an infirmary,Skill Descriptions,256,允許你在醫務室裏製作相應等級的醫療用品
Field medic,Skill Names,64,戰地急救
Decrease medication usage time,Skill Descriptions,256,減少使用醫療用品所需時間
-40% -6% medication usage time per level,Skill Value Descriptions,128,-40% （每級額外 -6% ）使用醫療用品所需時間
Pharmacist,Skill Names,64,藥師
Allows you to craft injectors based on level if you have an infirmary,Skill Descriptions,256,允許你在醫務室裏製作相應等級的注射器
Cooking,Skill Names,64,烹飪
Learn new recipes to cook in the kitchen and slightly increase the nutritional value of the foods you create,Skill Descriptions,256,獲得新食譜，略微提高料理的營養價值
+3% nutrition from your cooked meals per level,Skill Value Descriptions,128,每級 +3% 料理的營養價值
Chef,Skill Names,64,廚師
Learn more recipes and greatly increase the nutritional value of the foods you create,Skill Descriptions,256,獲得更多食譜，大幅提高料理的營養價值
+30% +5% nutrition from your cooked meals per level,Skill Value Descriptions,128,+30% （每級額外 +5% ）料理的營養價值
Nutritionist,Skill Names,64,營養師
When you're not starving or dehydrated you get more health and stamina,Skill Descriptions,256,喫飽喝足後提高最大生命值和最大耐力
+10 +2 hp per level. +15 +2 stamina per level.,Skill Value Descriptions,128,+10（每級額外 +2）最大生命值\n +15（每級額外 +2）最大耐力
Gunsmith,Skill Names,64,槍械師
Allows you to craft ammunition (Ammo producer tier 1 required) and repair kit based on the level,Skill Descriptions,256,可根據等級製作彈藥（需要彈藥製造機 1 級）和修理套件
Modder,Skill Names,64,武器改裝
Mounted mods are more effective,Skill Descriptions,256,提高武器改裝效果
+15% + 3% effectivness of mounted mod per level,Skill Value Descriptions,128,+15% （每級額外 +3% ）武器改裝效果
Gear lover,Skill Names,64,裝備愛好者
Greatly Decrease the durability loss for weapons and armor,Skill Descriptions,256,大幅降低武器和護甲的耐久損耗
-20% -5% weapons and armors durability loss per level,Skill Value Descriptions,128,-20% （每級額外 -5% ）槍械和護甲的耐久損耗
Remove Quest,PDA Quest,24,移除任務
TEXT,PDA Quest,16,內容
OBJECTIVE,PDA Quest,16,目標
Giver,PDA Quest,16,委託人
Slot 1,Base Building Slots,24,欄位 1
Slot 2,Base Building Slots,24,欄位 2
Slot 3,Base Building Slots,24,欄位 3
Slot 4,Base Building Slots,24,欄位 4
Slot 5,Base Building Slots,24,欄位 5
Slot 6,Base Building Slots,24,欄位 6
Slot 7,Base Building Slots,24,欄位 7
Modules are used to obtain passive bonuses.\nOnce the module is installed it will be at level 0.\nTo increase its level and acquire bonuses you must craft the corresponding kit at the workbench.\nYou can uninstall a module whenever you want but the materials needed to build it will not be refunded.,Base Building Info,320,模組用於獲得被動加成。\n安裝後模組等級為 0。\n要提升等級並獲得加成，需在工作台製作對應套件。\n可隨時解除安裝模組，但建造所需材料不會退還。
Infirmary,Base Module Names,32,醫務室
Allow crafting medication and grants passive bonus to increase overall health,"Base Module Descriptions, general",320,允許製作醫療用品，並提供提升整體生命值的被動加成
"Increase max HP, less chance of bleeding,\ngradually restore HP.","Base Module Descriptions, alt a",320,增增加最大生命值、降低出血機率，\n逐漸恢復生命值。
Provide more chest to store items,"Base Module Descriptions, general",320,提供更多儲藏箱存放物品
+1 Personal chest,"Base Module Descriptions, alt a",320,個人儲藏箱 +1
Bedroom,Base Module Names,32,臥室
Comfortable bed that heals your wounds while sleeping.\nYour skills will level up faster,"Base Module Descriptions, general",320,舒適的床，睡覺時治療傷口。\n技能升級更快
10% more experience.\nRecover fatigue and injuries 50% faster,"Base Module Descriptions, alt a",320,經驗值 +10%。\n疲勞與傷勢恢復速度 +50%
20% more experience.\nRecover fatigue and injuries 100% faster,"Base Module Descriptions, alt b",320,經驗值 +20%。\n疲勞與傷勢恢復速度 +100%
Kitchen,Base Module Names,32,廚房
Good nutrition is essential.\nThis kitchen allows to cook scrap food into more beneficial meals,"Base Module Descriptions, general",320,良好營養至關重要。\n此廚房可將廢棄食物烹調成更有益的餐點
Allows cooking basic meals,"Base Module Descriptions, alt a",320,允許烹調基礎餐點
Allows cooking all meals,"Base Module Descriptions, alt b",320,允許烹調所有餐點
Recycling center,Base Module Names,32,回收中心
Nothing is wasted! Gain more materials when you scrap them,"Base Module Descriptions, general",320,無物浪費！分解時獲得更多材料
+15% scrapped items,"Base Module Descriptions, alt a",320,分解物品 +15%
+30% scrapped items,"Base Module Descriptions, alt b",320,分解物品 +30%
Gym,Base Module Names,32,健身房
A small gym where you can work out.\nGrants more stamina and cardio experience rate,"Base Module Descriptions, general",320,鍛鍊身體的小型健身房。\n可提升最大耐力與有氧技能升級速度。
+10 stamina.\n+20% cardio experience rate,"Base Module Descriptions, alt a",320,最大耐力 +10\n運動經驗值 +20%
+20 stamina.\n+40% cardio experience rate,"Base Module Descriptions, alt b",320,最大耐力 +20\n運動經驗值 +40%
Shooting range,Base Module Names,32,射擊場
Train your shooting skill.\nGain more weapon damage and shooting experience rate,"Base Module Descriptions, general",320,訓練射擊技能。\n獲得更多武器傷害與射擊經驗值加成
+5% weapon damage.\n+20% shooting experience rate,"Base Module Descriptions, alt a",320,武器傷害 +5%\n射擊經驗值 +20%
+10% weapon damage.\n+40% shooting experience rate,"Base Module Descriptions, alt b",320,武器傷害 +10%\n射擊經驗值率值 +40%
Radio station,Base Module Names,32,電台
in development - do not install,"Base Module Descriptions, general",320,開發中 - 請勿安裝
Allows to see all the minimap,"Base Module Descriptions, alt a",320,允許查看完整小地圖
Show interesting points and chests on the minimap,"Base Module Descriptions, alt b",320,在小地圖上顯示興趣點和箱子
Provide scrap items every day,"Base Module Descriptions, general",320,每天產出廢料
Provide some scrap items every day,"Base Module Descriptions, alt a",320,每天產出一些廢料
Gives away random items every day,"Base Module Descriptions, alt a",320,每天產出隨機物品
"Grows scrap food and scrap medicine, provides a small amount every day","Base Module Descriptions, general",320,每天產出食物廢料和醫療用品廢料
20 scrap food and 10 scrap medicine,"Base Module Descriptions, alt a",320,食物廢料 +20，醫療用品廢料 +10
40 scrap food and 25 scrap medicine,"Base Module Descriptions, alt b",320,食物廢料 +40，醫療用品廢料 +25
Ammo producer,Base Module Names,32,彈藥生產器
Provide scrap ammo every day and allows you to craft ammunition,"Base Module Descriptions, general",320,允許你製作彈藥，每天產出彈藥廢料
30 scrap ammo every day and allows you to craft ammunition,"Base Module Descriptions, alt a",320,彈藥廢料 +30
50 scrap ammo every day and get 30% more ammunition from crafting,"Base Module Descriptions, alt b",320,彈藥廢料 +50 ，製作彈藥數量 +30%
Workshop,Base Module Names,32,工坊
You can repair weapons and armor by yourself,"Base Module Descriptions, alt a",320,允許你修理武器和護甲
Repair costs 50% less,"Base Module Descriptions, alt b",320,修理成本 -50%
...and those...,NPC text,96,...還有那些...
...Bloody animals...,NPC text,96,...這幫該死的畜生...
...Cough...Cough...,NPC text,96,...咳...咳...
"...Grigoriy, GRIGORIIIIY...",NPC text,96,"...格里戈里, 格里戈里里里..."
...Hunter...,NPC text,96,...獵人...
...I forgot the...,NPC text,96,...我忘了...
...let me take this...,NPC text,96,...讓我拿這個...
...Maybe I should keep quiet...,NPC text,96,...也許我應該保持沉默...
"...Mr. Junk is so sorry, Grigoriy...",NPC text,96,...「垃圾」先生很抱歉，格里戈里...
...Mr. Junk's precious...,NPC text,96,...「垃圾」先生的寶貝...
...No! No! No!...,NPC text,96,...不！不！不！...
...Now let me die....,NPC text,96,...現在...讓我歇會兒...
...Oh! Oh! Oh!...,NPC text,96,...噢！噢！噢！...
...Poor man...,NPC text,96,...可憐的傢伙...
...So beautiful...,NPC text,96,...多麼漂亮...
...The mall....,NPC text,96,...商場....
...the only friend Mr. Junk has ever had...,NPC text,96,...「垃圾」先生唯一的朋友...
...They are moving there....,NPC text,96,...他們去那裏了...
...They were torn to pieces...,NPC text,96,...他們被撕碎了...
...Treasuressss...,NPC text,96,...寶貝~~~...
...What a headache...,NPC text,96,...頭好痛...
"...What did you say, Grigoriy? Oh! Yes! Yes! Yes!...",NPC text,96,...你說什麼，格里戈里？噢！對！對對...
...What happened here...,NPC text,96,...這裡發生了什麼...
...What?!,NPC text,96,...什麼？！
...Yes! Yes! Yes!...,NPC text,96,...對！對！對！...
...You look really good today Grigoriy...,NPC text,96,...你今天氣色不錯，格里戈里...
Aaaaaaa!,NPC text,96,啊啊啊！
AAAAAHH!,NPC text,96,啊啊啊！
Ahh I am full Hunter...,NPC text,96,我喝飽了，下次吧，獵人...
Ahh! I'm hurt!,NPC text,96,啊啊！我受傷了！
AHHH MY HEAD!,NPC text,96,啊啊！我的頭！
Alright! Here should be fine,NPC text,96,好了！這裡應該沒問題了。
Alright! It's closed now...,NPC text,96,好了！現在關上了...
"I am not stupid, you are trying to fool me....",NPC text,96,我可不傻，別想騙我...
Are you on a hunt?,NPC text,96,你在狩獵嗎？
Be careful what you do,NPC text,96,你最好清楚自己在做什麼。
Be careful with that...,NPC text,96,小心那個...
BLEAH!! I threw up!,NPC text,96,嘔！我要吐了！
Can't wait to get out of here,NPC text,96,迫不及待想離開這裡。
"cannot give you any equipment, Hunter....",NPC text,96,不能給你裝備，獵人……
Come back to visit me,NPC text,96,記得回來找我。
"Come out, come out, wherever you are",NPC text,96,出來啊！你他媽躲哪裡去了？
Cover!,NPC text,96,掩護！
Coward!,NPC text,96,懦夫！
Damn it!,NPC text,96,該死！
Damn!,NPC text,96,靠！
Damn! I don't have analyzer,NPC text,96,靠！我沒帶分析儀。
Damn! I don't have the transmitter!,NPC text,96,靠！我沒帶信號發射器！
Damn...,NPC text,96,真該死...
"Did you say something, Hunter?",NPC text,96,你說什麼了嗎，獵人？
Die!,NPC text,96,給爺死！
Do not bother me,NPC text,96,別來煩我。
"Do not watch Mr. Junk's treasure, Hunter!",NPC text,96,別盯着「垃圾」先生的寶貝，獵人！
"Don't screw up, Hunter",NPC text,96,別惹麻煩，獵人。
"Don't worry, your secret is safe",NPC text,96,別擔心，我不會泄露你的祕密。
Eat this!,NPC text,96,嚐嚐這個！
Here's some equipment.,NPC text,96,給你。
Finally that shithole is closed,NPC text,96,那糞坑終於消失了。
Fire in the hole!,NPC text,96,洞裡著火了！
Found one,NPC text,96,找到一個！
"Fresh meat, huh?",NPC text,96,新來的，昂？
Fuck it! I hope Artemovich doesn't send me in there,NPC text,96,幹，希望阿爾捷莫維奇別派我進去。
Fuck!,NPC text,96,幹！
Fuck! A Grenade,NPC text,96,幹，手榴彈！
Fuck! I forgot the analyzer!,NPC text,96,幹，忘帶分析儀了！
Fuck! I forgot the gps marker!,NPC text,96,幹，忘帶定位器了！
Fuck! I forgot the repair kit!,NPC text,96,幹，忘帶修理箱了！
Fuck! I forgot to bring the cctv camera!,NPC text,96,幹，忘帶攝像頭了！
Fuck! I forgot to buy the dynamite!,NPC text,96,幹，忘記買炸藥了！
Fuck! Is that blood coming out of my ears?,NPC text,96,幹，耳朵出血了？
Fuck...,NPC text,96,幹...
Get away from there!,NPC text,96,離那兒遠點！
Get out of here!,NPC text,96,快跑！
Ghouls? Again?,NPC text,96,又是食屍鬼？
Gifts are coming!,NPC text,96,禮物來了！
Go away!,NPC text,96,滾開！
Go find your own!,NPC text,96,找你自己的寶貝去！
Go go go!,NPC text,96,衝衝衝！
"God, life is tough here",NPC text,96,天，這真不是人過的日子。
Goddammit!,NPC text,96,真該死！
Good job with the CCTV camera,NPC text,96,監控那事兒做得不錯！
Good job with the ghoul's lair Hunter!,NPC text,96,在食屍鬼洞穴裏搞得不賴，獵人！
Good luck hunter!,NPC text,96,祝你好運，獵人！
"Good luck with the ghoul's lair, Hunter",NPC text,96,祝你在食屍鬼洞穴裏好運，獵人。
Grenade!,NPC text,96,手榴彈！
Gunshots!,NPC text,96,槍聲！
HAHAHAHA!,NPC text,96,哈哈哈！
What the hell Hunter?,NPC text,96,搞什麼，獵人？
Have you ever seen a ghoul? They are terrifying,NPC text,96,你見過食屍鬼嗎？嚇死個人！
He has a silencer,NPC text,96,他有消音器！
He hit me!,NPC text,96,他打中我了！
He's dead!,NPC text,96,他死了！
He's here!,NPC text,96,他在這！
he's there?,NPC text,96,他在那裏嗎？
Hello,NPC text,96,你好！
Help!,NPC text,96,救命！
Here is one,NPC text,96,這有一個！
Here should be fine,NPC text,96,這裡應該沒問題了。
Here!,NPC text,96,這裡！
"Hey rookie, don't suppose you've seen my...",NPC text,96,嘿，菜鳥，就沒指望你見過...
Hey Yakim!,NPC text,96,嘿，亞基姆！
HEY YOU!,NPC text,96,喂！你！
HEY! Get away from Mr. Junk's treasure!,NPC text,96,喂！離「垃圾」先生的寶貝遠點！
How did I get here?,NPC text,96,我怎麼到這來了？
I am blinded,NPC text,96,我看不見了！
I bet 3000 roubles that this one doesn't come back alive!,NPC text,96,我賭 3000 盧布，這傢伙回不來。
I CAN NOT MOVE!!,NPC text,96,我動不了！！
I can't see anything!,NPC text,96,我什麼都看不見了！
I can't see him!,NPC text,96,我看不見他！
I don't have the key,NPC text,96,我沒鑰匙。
I don't wanna talk with you,NPC text,96,我不想跟你說話。
I forgot the CCTV camera!,NPC text,96,忘帶監控攝影機了！
I forgot the GPS marker!,NPC text,96,忘帶 GPS 定位器了！
I guess you're not a virgin anymore,NPC text,96,這下你不再是小處男了...
I hear gunshots!,NPC text,96,我聽到了槍聲！
I just cant seem to find it.,NPC text,96,我就是找不到。
I need help here!,NPC text,96,我這裡需要幫忙！
I need to get closer to the center,NPC text,96,我得再往裏面靠一點。
I need to reload!,NPC text,96,我需要換彈！
I need to treat the radiation,NPC text,96,我得緩解一下輻射。
I will try to collect some items for you,NPC text,96,我會試着爲你搜集一些物資。
I'm chasing!,NPC text,96,我在追！
I'm close enough to place the analyzer,NPC text,96,這麼近，可以放分析儀了。
I'm coming!,NPC text,96,我來了！
I'm in!!,NPC text,96,我跟了！
I'm not feeling good...BLEAH!!,NPC text,96,我有點難受...嘔！
I'm pushing!,NPC text,96,我上了！
"I'm tasting blood, not good",NPC text,96,我嘴裏在出血，情況不妙。
I've got one minute to get my ass out of here!,NPC text,96,我只有一分鐘時間離開這鬼地方！
"If we're lucky, we'll see the sunrise holding a cup of vodka!",NPC text,96,走運的話，我們可以喝着伏特加欣賞日出！
If you want to pass you have to pay,NPC text,96,想過去，就得掏錢。
In memory of Grigoriy...,NPC text,96,是爲了紀念格里戈里...
Interesting!,NPC text,96,有意思！
It seems that the bandits have taken everything...,NPC text,96,看來那幫強盜已經搜刮得一乾二淨了...
It was the Crimson Corporation,NPC text,96,是深紅公司。
It's beautiful isn't it? Now move away!,NPC text,96,很漂亮，對不對？趕緊走開！
It's Mr. Junk's alone! His alone!,NPC text,96,這是屬於「垃圾」先生的！屬於他一個人的！
It's you,NPC text,96,是你！
Jam! I need to reload!,NPC text,96,卡殼了！我得整一下！
Jesus Christ!,NPC text,96,我的天！
Make sure to not make mess,NPC text,96,記住，別惹麻煩。
Man down!,NPC text,96,有人倒地！
Many who venture out there never come back.,NPC text,96,許多出去闖蕩的傢伙再也沒回來。
Maybe there really is a spy....,NPC text,96,也許真的有間諜...
MILK! MILK! MILK!,NPC text,96,牛奶！牛奶！牛！奶！
Mmm...,NPC text,96,嗯...
Mmm?,NPC text,96,嗯？
MORPHINE! I need morphine!,NPC text,96,嗎啡！我需要嗎啡！
Motherfucker!,NPC text,96,他媽的！
Mr. Junk does not trade his treasure!,NPC text,96,「垃圾」先生纔不會賣他的寶貝！
My eyes!,NPC text,96,我的眼睛！
My god! It hurts so much!,NPC text,96,天哪！疼死我了！
My God...,NPC text,96,天哪...
Need something?,NPC text,96,有什麼需要的嗎？
"Nevermind, you're not ready yet.",NPC text,96,算了，你還沒準備好。
No no no no no! Go away!,NPC text,96,不不不！走開！
NO WAY!,NPC text,96,不可能！
No! No! No!,NPC text,96,不！不！不！
NO! NO! NOOOOOOOO!,NPC text,96,不！不！不~！
Not like the last one,NPC text,96,不像上次那個
Now I can go back to Artemovich and report it,NPC text,96,現在可以回去向阿爾捷莫維奇報告了。
Oh God...,NPC text,96,天哪...
Oh shit! My nose is bleeding,NPC text,96,該死，流鼻血了！
OH!,NPC text,96,哦！
Oh! Hello,NPC text,96,噢，你好！
OH! OH! OH!,NPC text,96,哎呀！
"Ohhh, here comes the rat!",NPC text,96,噢，噢，噢，來了一隻老鼠！
"OK, I found the sawmill",NPC text,96,很好，找到地方了。
Ok... Here should be fine,NPC text,96,好...這裡應該沒問題了。
Otherwise get out of my way,NPC text,96,不然就滾一邊去！
our money conbined with inventory value is too high,NPC text,96,我們的資金加上儲藏價值過高
Priviet!,NPC text,96,同志！
Put down that weapon,NPC text,96,放下武器。
Put down that weapon!,NPC text,96,放下武器！
Reload!,NPC text,96,換彈！
Right here,NPC text,96,在這！
Run!,NPC text,96,快潤！
Shut up! What are you? Cowards?,NPC text,96,閉嘴，別跟個娘們兒一樣！
SOLDIERS!,NPC text,96,士兵們！
Someone killed him!,NPC text,96,他掛了！
Someone must have saved me...,NPC text,96,有人救了我...
"Sorry Santa, I don't have any milk...",NPC text,96,抱歉，聖誕老頭，我沒有牛奶...
Sorry! I don't have time to waste,NPC text,96,抱歉，我沒空。
Stop right there!,NPC text,96,站住！
STOP STOP STOP looking at it!,NPC text,96,別！別！別再盯着看了！
"Take a rest and drink some Vodka, Hunter",NPC text,96,去休息一下，喝點伏特加，獵人。
Take care of the wounded,NPC text,96,把傷員照顧好！
Take this!,NPC text,96,嚐嚐這個！
Thank you Hunter!,NPC text,96,謝謝你，獵人！
"Thank you, Hunter",NPC text,96,謝謝你，獵人。
The barman will not be happy about this...,NPC text,96,酒保會很難過的...
The Doctor will be happy with these results,NPC text,96,醫生會高興的。
The weapon jammed!,NPC text,96,卡殼了！
There is an engraving...,NPC text,96,這...
These data are impressive!,NPC text,96,這些數據太驚人了！
THEY ARE COMING!,NPC text,96,它們來了!
They shoot me!,NPC text,96,有人朝我開槍！
They tortured and mutilated him....,NPC text,96,他被折磨得不成人樣...
This anomaly should be fine,NPC text,96,這樣應該就行了。
This fucking radiation,NPC text,96,這該死的輻射。
"This is Mr. Junk's treasure, Mr. Junk's TREASURE!",NPC text,96,這是「垃圾」先生的寶貝！「垃圾」先生的寶貝！
This one looks good!,NPC text,96,這傢伙看着還不賴！
This way,NPC text,96,這邊。
This way!,NPC text,96,這邊！
Ugh! Where is it...,NPC text,96,呃！這是哪...
W-w-what?,NPC text,96,什、什麼？
Watch out Hunter,NPC text,96,小心點，獵人。
We did it soldiers!,NPC text,96,我們成功了，士兵們！
Welcome back Hunter!,NPC text,96,歡迎回來，獵人！
"Well, there's no way in",NPC text,96,好吧，沒路進去了。
What a tremendous stench coming out of that hole,NPC text,96,那洞裏簡直臭氣熏天。
What happened here?,NPC text,96,這裡發生了什麼？
What the hell are you doing here?,NPC text,96,你在這裡搞什麼鬼？
What the hell happened here?,NPC text,96,這裡發生了什麼？
What the hell is happening?,NPC text,96,什麼鬼？
Whatever happens you must hold your positions!,NPC text,96,無論如何，我們必須堅守陣地！
Where?,NPC text,96,跑哪裡去了？
Wow!,NPC text,96,哇哦！
Yeah keep running bitch!,NPC text,96,跑吧，狗東西！
"Yeah, keep hiding",NPC text,96,喜歡玩躲貓貓是吧？
You are still alive then,NPC text,96,你還活着。
You came back to see me?,NPC text,96,你是來看我的嗎？
You did it you son of a bitch!,NPC text,96,你做到了，你個狗東西！哈哈！
You do not have authorization to pass!,NPC text,96,你未被授權通過！
You filthy little rat...,NPC text,96,你這骯髒的老鼠...
You have choosen death!,NPC text,96,你這是自尋死路！
"You would want it all for yourself, wouldn't you?",NPC text,96,你想獨吞，對不對？
Zzzz...,NPC text,96,Zzzz...
Loners work 1,Daily quest names,48,獨行俠的任務 1
Loners work 2,Daily quest names,48,獨行俠的任務 2
Soldier work 1,Daily quest names,48,綠軍的任務 1
Soldier work 2,Daily quest names,48,綠軍的任務 2
Crimson work 1,Daily quest names,48,深紅公司的任務 1
Crimson work 2,Daily quest names,48,深紅公司的任務 2
Scientist work 1,Daily quest names,48,科學家的任務 1
Scientist work 2,Daily quest names,48,科學家的任務 2
A lone raider needs a job doing.,Daily quest descriptions,96,有個獨行俠拾荒者需要搭把手。
One of the Green Army grunts has a task.,Daily quest descriptions,96,綠軍士兵來發布了一項任務。
The Crimson Corporation got in touch.,Daily quest descriptions,96,深紅公司有訊息傳來。
The scientists are doing another experiment.,Daily quest descriptions,96,科學家們又在做實驗了。
Kill Lazar,Quest objectives,128,擊殺拉扎爾
"Are you ready for some real action? You have to kill Lazar, the leader of the forest bandits.\nHe is located in the police station of the village, maybe you have already met him during one of your hunts.\nPrepare yourself well, he is always surrounded by his guards.\nIt won't be easy to kill him, but afterwards you'll be able to freely enter the police station and take what you want.",Quest descriptions,1024,準備好動真格了嗎？你必須擊殺森林強盜的首領拉扎爾。\n他位於村莊的警局，也許你在狩獵期間已經見過他了。\n做好準備，守衛總是衆星捧月似的圍着他。\n把他擊殺沒那麼簡單，但之後你就可以自由地進入警局，想要什麼拿什麼。
First steps,Quest names,64,蹣跚學步
First steps p.1,Quest names,64,蹣跚學步（第 1 階段）
"Hey stranger! Welcome to the ZERO Sievert bunker.\nI don't know how you got here and frankly I don't care.\nIt's nothing personal, it's just that we see a lot of new faces here and only a few of them come back, so I won't waste my time remembering yours for now.\nFirst let's see what you can do, I'll give you a simple job: go to the forest and survive.\nGood luck!",Quest descriptions,1024,你好，陌生人！歡迎來到零希沃特地堡。\n我不知道你是怎麼過來的，但坦白說我不在乎。\n我不是針對你，只是我們見過的新人多了去了，但回來的人寥寥無幾。所以我現在不會浪費時間記住你的。\n首先就看看你的本事吧，我會給你一項簡單的工作：在森林那兒活下來。\n祝你好運！
Kill 5 bandits in the forest,Quest objectives,128,在森林裏擊殺5名強盜
First steps p.2,Quest names,64,蹣跚學步（第 2 階段）
"Are you still alive? Fantastic!\nLooks like you have potential but it's still too early to tell, let's see how you do in combat.\nIf you survive I'll alert the Green Army that a new Hunter has arrived. I'll make sure you can get into their bunker area.",Quest descriptions,1024,你還活着啊？太棒了！\n看樣子你很有潛力，但現在下結論還爲時過早，且看你在戰鬥中表現如何。\n如果你活下來了，我會把新獵人到來的消息通報給綠軍，這樣你就能進入他們的地堡了。
Survive the forest 2 times,Quest objectives,128,在森林裏存活2次
Valuable item,Quest names,64,貴重物品
"Very good! The Green Army grants you access to their bunker area. You should go and talk to them, they can sell you new equipment and give you some work to do.\nOkay, back to us! So... When the bandits took over the village in the forest, an old friend of mine left behind an item that is considered very valuable these days.\nThe item should be inside a bag in the southern part of the village, go there and retrieve it.",Quest descriptions,1024,很好！綠軍允許你進入他們的地堡了。你應該去和他們談談。他們可以賣你新的裝備，給你安排任務。\n好了，說回我們這裡！所以...當強盜佔領了森林村，我有個老朋友落下了一件於現在而言十分貴重的物品。\n它應該在村莊以南的一個包裏，過去拿回來吧。
Retrieve the valuable item,Quest objectives,128,拿回貴重物品
Smoking kills p.1,Quest names,64,吸菸要人命（第 1 階段）
"Yeah, I know. Smoking kills, but I don't know how long we're going to survive here anyway, so you might as well indulge a bit, right?\nI need a lot of cigarettes to build up a stock.\nIf you find any blue ones don't sell them, just keep them. I'll need them later on.",Quest descriptions,1024,是，我知道。吸菸要人命，但在這能活多久還是未知數呢。那就不管那麼多了吧？\n我需要囤很多香菸。\n如果發現藍色的煙，記得保管好，別給賣了。我稍後會用得上的。
Find 10 red cigarette,Quest objectives,128,找到10紅色香菸
Smoking kills p.2,Quest names,64,吸菸要人命（第 2 階段）
"Ok hunter, now if by chance you could also bring me some blue ones it would be great!.\nThey are of a much higher quality.",Quest descriptions,1024,好的，獵人。如果可以的話，你能給我帶些藍色的就更好了！\n它們要好抽得多。
Find 5 blue cigarette,Quest objectives,128,找到5藍色香菸
The lost convoy,Quest names,64,失蹤車隊
"We lost contact with a convoy carrying supplies for the bunker.\nWhen the transmission stopped it was in the forest, go there and find out what happened.",Quest descriptions,1024,爲地堡運送物資的車隊與我們失去了聯繫。\n它最後在森林裏發出了信號，然後就音訊全無。去那裏看看發生了什麼。
Vendetta,Quest names,64,復仇
"Damn it! Was it the bandits then? I'm not surprised, they are always causing a trouble.\nIt's time for revenge, kill as many bandits as you can, Hunter.",Quest descriptions,1024,可惡！原來是強盜乾的嗎？這也正常，他們就喜歡搗亂。\n是時候讓他們血債血償了。殺他們個痛快吧，獵人。
Survivalist: Forest p.1,Quest names,64,生存專家：森林（第 1 階段）
Towards makeshift camp,Quest names,64,前往臨時營地
The motel p.2,Quest names,64,深入汽車旅館
"I see that you are becoming familiar with the hunts.\nLet's see what you are capable of, I am ready to pay you well if you can survive in these conditions.\nGood luck!",Quest descriptions,1024,我看你越來越熟悉狩獵了。\n那就看看你有多大能耐。如果你能在這樣的條件下活下來，我準備付給你豐厚的報酬。\n祝你好運！
Survivalist: Forest p.2,Quest names,64,生存專家：森林（第 2 階段）
"Not bad Hunter, let's see if you can now beat my record in the forest",Quest descriptions,1024,還不錯，獵人。那就看看你能不能打破我在森林裏的記錄了。
Supply p.1,Quest names,64,急需物資（第 1 階段）
"Hey Hunter!\nRecently, few supplies have arrived and people still need to eat.\nWe could use some help replenishing our supplies.",Quest descriptions,1024,嘿，獵人！\n最近很少有物資運過來，但人總是要喫飯的。\n我們需要人幫忙補充物資。
Find 10 bread,Quest objectives,128,找到 10 個麵包
Supply p.2,Quest names,64,急需物資（第 2 階段）
"Great!\nNow that we're settled on the essentials, I'd like you to bring me some more lasting food, like canned food.",Quest descriptions,1024,太好了！\n既然生活必需品有了，我希望你能給我再帶些保質期更長的食物，比如罐頭食品。
Find 3 generic chocolate,Quest objectives,128,找到 3 塊健怡巧克力
Chocolate for everyone,Quest names,64,無人不愛巧克力
"Chocolate is becoming a luxury good now, bring me some. I will pay you well",Quest descriptions,1024,巧克力現在已經成爲奢侈品了。給我帶一些吧。我必有重賞。
What's on the flash drive?,Quest names,64,USB 裏有什麼？
"Hunter! Last night I had the strangest dream!\nI don't know for what reason but I had to find two flash drives and take them to a strange guy with a beanie. The crazy thing was that I couldn't find these flash drives anywhere, ANYWHERE!\nCan you imagine what that feels like? To have to find two flash drives but not be able to do it?\nWell, you'll figure it out for yourself. Find two and bring them to me",Quest descriptions,1024,獵人，昨晚我做了個奇怪的夢！\n不知道爲什麼，我必須把兩個 USB 交給一個戴便帽的傢伙。可我到處都找不到！\n你能想象那是什麼感覺嗎？兩個USB都找不到？\n好吧，你會明白的。給我找兩個來。
Find 8 forks,Quest objectives,128,找到8把叉子
No more barks,Quest names,64,平息狼患
"Have you heard the latest news? A group of Hunters have been attacked by a pack of wolves, their numbers have increased a lot lately and this is causing us problems in moving around the area.\nSomeone's got to do the dirty work.\nIf you want the job, it's yours.",Quest descriptions,1024,看新聞了嗎？有夥獵人被狼羣襲擊了。最近狼羣數量激增，大大妨礙了我們在地區的行動。\n總得有人幹這份髒活。\n如果你看上了這份工作，那就是你的了。
Kill 15 wolfs,Quest objectives,128,擊殺 15 隻狼
New arrivals,Quest names,64,新軍抵達
"Very interesting. From the flash drives you brought me I found out that there is a lot of movement in the port area of the industrial zone, go there and find out what it is all about.",Quest descriptions,1024,真有意思。我看了你帶來的 USB，發現工業區的港口熱鬧着呢。去那裏看看到底是怎麼回事。
Find 2 cooking pots,Quest objectives,128,找到 2 個烹飪鍋
Cutlery,Quest names,64,收集餐具
"Hey Hunter!\nI have a very simple but boring job to do.\nThese animals that live here keep stealing my cutlery once they finish eating, assholes. I'd like to see them run a bar in this place without going crazy.\nAnyway, I need forks, knives and spoons.\nBring them to me.",Quest descriptions,1024,嘿，獵人！\n我有個很簡單但超無聊的工作。\n住在這裡的動物偷吃完我做的飯就偷我的餐具。媽的，要是他們在這開間酒吧，指不定哪天就發瘋了。\n總之我需要叉子、刀子和湯匙。\n把它們帶過來吧。
What's cooking?,Quest names,64,何以烹飪
Are you up for a simple job? I need a few things for my kitchen.,Quest descriptions,1024,你願意接個簡單的工作嗎? 我廚房需要幾樣東西。
The lost backpack,Quest names,64,遺失的背包
"We lost contact with two hunters. It appears they were attacked in the forest.\nFrom the latest transmissions it seems that one stayed in the forest and the other escaped towards the makeshift camp.\nIn any case I doubt they are still alive, search for their bodies and bring me their equipment before the bandits arrive.",Quest descriptions,1024,我們與兩名獵人失去了聯繫。看來他們是在森林裏遭到襲擊的。\n根據最新情報，其中一人留在了森林裏，另一人逃到了臨時營地。\n總之我覺得他們活下來的概率微乎其微。趕在強盜發現前找到他們的屍體，把他們的裝備帶給我。
Survivalist: Makeshift camp p.1,Quest names,64,生存專家：臨時營地（第 1 階段）
Ready to test your limits again? Are you up for it?,Quest descriptions,1024,再次挑戰極限，準備好了沒？
Survivalist: Makeshift camp p.2,Quest names,64,生存專家：臨時營地（第 2 階段）
I don't think you can make it this time.,Quest descriptions,1024,我覺得你這次撐不下來的。
"We detected movement in the makeshift camp by bandits, do some hunting and get rid of them.",Quest descriptions,1024,我們發現臨時營地裏有強盜活動。去獵殺他們吧。
The missing group p.1,Quest names,64,失蹤小組（第 1 階段）
"Hey Hunter!\nI finished analyzing the documents. There are many drawings of a strange purple crystal, from the directions it seems to be in the swamp.\nThe documents don't seem to contain any trace of scientific data and I don't know what it could be, I sent a team to the swamp to check it out but I lost their contact.\nWe know their last location but I have a bad feeling. When you lose contact with someone out there you already know what happened....\nGo to the swamp and head for their last known position, maybe you can find out more.",Quest descriptions,1024,嘿，獵人！\n我已經分析完文檔了。有很多圖畫都跟奇怪的紫色水晶有關，看方向好像在沼澤裏面。\n這些檔案好像跟科學數據完全搭不上邊，我不知道是怎麼回事。我派了一隊人去沼澤看看，但與他們失去了聯繫。\n我們知道他們最後的位置，但我有一種不好的預感。與外面的人失去聯繫，你就已經知道會是怎麼回事了...\n前往沼澤他們最後的已知位置，也許你會有所發現。
Find the missing group,Quest objectives,128,尋找失蹤車隊
The missing group p.2,Quest names,64,失蹤小組（第 2 階段）
"Damn it!\nA few reports have come in from scouts saying they've seen an incredible beast, or rather, they said they've seen their companion torn to pieces by this beast.\nThe group seems to have come into contact with it.\nMost likely it will still be in the swamp, I am not asking you to take this huge risk but if you do, the pay will be very high.\nGood luck Hunter!",Quest descriptions,1024,可惡！\n有偵察兵報告發現了一種異常兇猛的野獸。或者說得再準確點，他們說看到自己的同伴被它撕成碎片。\n看來這支小隊碰上它了。\n它很可能還在沼澤裏。我不強求你冒這麼大風險。但如果你能幹成這事，我必有厚賞。\n祝你好運，獵人！
Kill the monster,Quest objectives,128,擊殺怪物
Stylish one,Quest names,64,時髦帥仔
"Have you been to the mall yet? In any case, you must know about the guy who hangs around inside, a very tough guy.\nAnyway, his armour is of incredible quality. If you kill him a few times, I'll give you one.",Quest descriptions,1024,你去過商場了嗎？不管怎樣，你一定知道有個很難對付的傢伙在那裏面徘徊。\n總之他的護甲可謂刀槍不入。如果你殺他幾次，我就給你一件。
Secret documents,Quest names,64,絕密檔案
"Hey! The bartender told me about you. Sounds like you have potential. Well, let's see what you're capable of.\nA while ago, bandits occupied the village in the middle of the forest, it seems they are more organised and stronger than the usual bandits so you'll have to be careful.\nWhat I want you to do is retrieve some documents from a corpse in the village, it should be in the north area, outside a house.\nWe don't know the exact location so I can't put it on the map, you'll have to look for it yourself.\nGood luck!",Quest descriptions,1024,喂！酒保把你的事跟我說了。看來你是支潛力股啊。好吧，那我就要看看你有多大能耐了。\n有夥強盜不久前佔領了森林深處的村莊。他們好像比一般的強盜更有組織更厲害，你得小心點了。\n我要你做的是從村莊裏的一具屍體上取回檔案。它應該在村北的某棟房子外面。\n我們不知道確切的位置，沒法給你的地圖做標記，你得自己去找。\n祝你好運！
Retrieve documents located in the village,Quest objectives,128,取回村莊裏的檔案
The old man,Quest names,64,老人
"This is more of a personal favour than a real job.\nAfter the explosion at the nuclear power plant, we were instructed to evacuate all the surrounding areas.\nWhen we arrived at the forest my men came across an old man, I think his name was Igor.\nThe fact is that the old man did not want to leave his home and threatened my men, he was very angry.\nWe have a few men stationed in the forest and I would not want Igor to interfere with our operations, so I ask you to take care of him, it should not be a problem, he is old and weak now.",Quest descriptions,1024,這與其說是任務，不如說是個人恩怨。\n核電廠爆炸後，我們接到命令疏散周邊所有地區，而森林裏有個叫伊戈爾的老東西，不想離開他的家，仗着有把破槍對我的人蹬鼻子上臉。\n現在我們有幾個人駐紮在森林裏，我不想讓伊戈爾干擾他們的行動，所以請你照顧一下他。\n這應該沒什麼難度，他只是個瘸腿的老登。
Kill Igor,Quest objectives,128,擊殺伊戈爾
Sawmill p.1,Quest names,64,鋸木廠行動（第 1 階段）
"Since you were successful with the last mission, I want to offer you a similar job.\nThis time the destination is the sawmill in the forest. Unfortunately we don't know the exact location but you should be able to find it by looking at the map, it should be a grey rectangle.\nThere's no need to fight, you just need to do a survey. Just approach the sawmill to complete the mission.",Quest descriptions,1024,你上次的任務很成功，我想給你提供一份類似的工作。\n這次的目的地是森林裏的鋸木廠。遺憾的是我們不知道它的確切位置，但看地圖應該就能找到，那應該是個灰色的長方形。\n不必使用武力，你只需要去調查一下。抵達鋸木廠就算完成任務了。
Approach the sawmill,Quest objectives,128,抵達鋸木廠
Retaliation,Quest names,64,以牙還牙
Sawmill p.2,Quest names,64,鋸木廠行動（第 2 階段）
"Ok looks like the sawmill is currently occupied by the bandits. I'll explain what you have to do.\nInside there is a safe with a USB stick, it should contain valuable information for the Green Army, all you have to do is retrieve it.\nObviously this involves killing some bandits. Be careful Hunter, you might find a lot of them.",Quest descriptions,1024,好吧，看來鋸木廠目前成了強盜的地盤。接下來我就解釋這次行動。\n廠裏面有一個裝有USB的保險箱，USB裝有對綠軍有利的信息。你所要做的就是取回它。\n免不了要殺些強盜，記得小心行事，獵人。也許他們人還不止這些。
Find the USB drive in the sawmill,Quest objectives,128,找到鋸木廠裏的 USB
Equipment p.1,Quest names,64,整頓裝備（第 1 階段）
Hey Hunter! We are preparing for an important mission and need all the equipment we can get.\nI want you to bring me some scrap ammo and scrap weapon so that my men can get ready.,Quest descriptions,1024,嘿，獵人！我們正在爲一項重要任務做準備，裝備必須齊全。\n請你帶給我廢棄子彈和武器，好讓我的手下做好準備。
Find 250 scrap ammo,Quest objectives,128,找到 250 個廢棄子彈
Equipment p.2,Quest names,64,整頓裝備（第 2 階段）
"You seem to be almost as good at retrieving objects as a dog.\nIf you find good quality ammunition, don't sell it, bring it to me.",Quest descriptions,1024,你好像很擅長取回物品啊，跟尋回犬有的一比。\n如果你找到優質彈藥，留着別賣，把它帶過來。
Ghoul destroyer p.1,Quest names,64,食屍鬼毀滅者（第 1 階段）
"Hey Hunter!\nAre you up for a simple quest? You have to eliminate a few ghouls, nothing easier.",Quest descriptions,1024,嘿，獵人！\n你準備好執行一項簡單的任務了嗎？那就是消滅食屍鬼，這算是最簡單的吧。
Kill 40 Ghouls,Quest objectives,128,擊殺 40 隻食屍鬼
Ghoul destroyer p.2,Quest names,64,食屍鬼毀滅者（第 2 階段）
If you liked the last work you will also like this one.\nThere is always a need to eliminate threats in the area.\nIt's an optional job but the rewards will be high.,Quest descriptions,1024,如果你喜歡上一份工作，那麼這一份也會得到你的青睞。\n地區的威脅越少越好。\n這工作不是非做不可，但會有豐厚的報酬。
The Lair,Quest names,64,尋找巢穴
"We believe that there is a Ghoul's lair hidden somewhere in the forest, unfortunately we have no idea where it is so I sent explorers into the forest to find it.\nThe more people who look for it, the sooner we can find it, right?\nSo I'm asking you to go into the forest and look for it, you'll have to explore the area to find it.\nWhen you find it, approach the entrance to inspect it and then come back to report.",Quest descriptions,1024,我們認爲食屍鬼的巢穴隱藏在森林某處，可惜不知道確切位置，於是派了探險家進入森林找找看。\n找的人越多，我們就能越早找到，對吧？\n所以我請求你進入森林尋找，必須仔細探索才能找到。\n找到的時候就過去入口看一眼，然後回來彙報。
Find the Ghoul's lair in the forest,Quest objectives,128,找到森林裏的食屍鬼巢穴
Destroy the Ghoul's lair,Quest names,64,斬草除根
"Bad news, Hunter.\nWe sent a team to destroy the Ghouls' lair, but we lost contact with them.\nLast we heard, they managed to plant the explosive charges but then something went wrong.\nThere was no explosion, so it didn't end well for them...\nYou seem like a capable guy, so I want to put you in charge of this job.\nBuy some dynamite from our merchant and sneak into the lair, I don't know what you'll find in there so be careful.\nRemember, once you've planted the dynamite, you've got one minute to get out of there.\nGood luck, Hunter!",Quest descriptions,1024,有個壞消息，獵人。\n我們派了一支小隊去搗毀食屍鬼的巢穴，但與他們失去了聯繫。\n聽說他們已經放置了炸藥，但後來出了問題。\n炸藥沒能爆炸，他們的結局也不太好...\n你看着是個狠角色，所以我想讓你負責這項工作。\n從我們的商人那裏買些炸藥，然後潛入巢穴。我不知道那邊有什麼。一定要小心。\n記住，安放炸藥後你只有一分鐘的時間離開。\n祝你好運，獵人！
Destroy the ghoul's lair,Quest objectives,128,摧毀食屍鬼巢穴
Cleaning p.1,Quest names,64,清理門戶（第 1 階段）
"More and more people want to become Hunters, and while this helps us from one point of view because we have fresh meat to send on suicide missions, on the other hand these Hunters raid the territory in search of fortune.\nGet rid of them but be careful, the same mission will be given to the other Hunters...",Quest descriptions,1024,想當獵人的人越來越多了。雖然從某個角度來看是我們的一大幸事，我們可以調派更多人手執行自殺任務，但有利也有弊，這些獵人只爲求財，肆意搶掠。\n把他們解決掉吧。但要小心，其他獵人可能也收到了同樣的任務...
Kill 15 bandits in the forest,Quest objectives,128,在森林擊殺 15 名強盜
Cleaning p.2,Quest names,64,清理門戶（第 2 階段）
More bandits,Quest names,64,匪患猖獗
"Hey Hunter!\nWe have started a cleaning process, we are trying to eliminate the bandits in the area.\nI thought you might be interested in such a job, are you up for it?",Quest descriptions,1024,嘿，獵人！\n我們已經開始清理門戶了，正在努力消滅這片地區的強盜。\n你應該會對這樣的工作感興趣，準備好了沒有？
Kill 15 bandits in the makeshift camp,Quest objectives,128,在臨時營地裏擊殺15名強盜
Mark a working truck,Quest names,64,定位能用的卡車
"We have noticed that there is a fair amount of trucks in the makeshift camp.\nWe could really use some. Go to the makeshift camp and find a working one, they are located in the road.\nWhen you have found it, place a GPS tracker which you can buy from our merchant, then my men will do the rest.",Quest descriptions,1024,我們注意到臨時營地裏有不少卡車。\n這正符合我們的需要。去臨時營地找一輛能用的，它們都在路上。\n找到後放置一個 GPS跟蹤器，你可以從我們的商人那裏買到。我的手下會負責之後的事。
Find and mark a working truck,Quest objectives,128,找到並定位能用的卡車
Always in the way,Quest names,64,總有禍害
"Did you enjoy eliminating the Hunters?\nI hope so since I have another mission for you, this time I want you to eliminate them in the makeshift camp.\nGood luck!",Quest descriptions,1024,你喜歡消滅獵人嗎？\n希望如此，因爲我有新的任務給你。這次我希望你能消滅臨時營地的獵人。\n祝你好運！
Motel p.1,Quest names,64,汽車旅館探祕（第 1 階段）
"Hey Hunter!\nWe know that in the makeshift camp there is an old motel.\nIt should be abandoned by now but I want to make sure. You need to go there and check it out, check the entrance and see if there is a way in.\nUnfortunately we don't know the exact location but it should be easy to spot from the map once you get there, it should be a paved area.",Quest descriptions,1024,嘿，獵人！\n我們知道臨時營地裏有一家舊汽車旅館。\n它現在應該成了廢屋，但我想確認一下。你需要過去檢查一下入口，看看有沒有辦法進去。\n可惜我們不知道它確切的位置。但你過去後看看地圖應該很容易就能找到，應該是一片鋪設好的平整區域。
Find the motel,Quest objectives,128,找到汽車旅館
Motel p.2,Quest names,64,汽車旅館探祕（第 2 階段）
"Well Hunter, like you said the motel entrance is blocked by cars.\nI told my men to remove them and move in. They didn't find anything good. Looks like a Ghoul infestation there.\nThey saw a strange lump of flesh from which those filthy creatures seem to be emerging.\nBe careful though, we don't know how many there are.",Quest descriptions,1024,好吧，獵人，就像你說的，車輛堵死了汽車旅館的入口。\n我告訴我的人搬開車輛進去。他們沒有發現什麼好東西。那裏似乎有食屍鬼出沒。\n他們還看到了一堆奇怪的肉塊，那些討厭的生物似乎就是從那裏出來的。\n不過要小心，我們不知道它們數量有多少。
Motel infestation,Quest objectives,128,汽車旅館災害
Weird phenomena,Quest names,64,奇怪現象
Weird phenomena p.1,Quest names,64,事出反常（第 1 階段）
"You must have noticed those bodies at the entrance to the bunker, we don't know what's going on yet.\nSome of ours helicopters crashed in the vicinity of the swamp, no call for help or malfunction, just crashed for no apparent reason.\nWhen they recovered the first bodies, we realised that something very strange was happening in that area.\nDid you see the condition of the bodies? My God, I've never seen anything like it.\nThe last helicopter crashed recently, the rescue operation is dangerous because it is in the middle of the swamp, inaccessible to vehicles.\nYou have to go there and see if you can recover the flight recorder of the helicopter, for the crew I don't think there is much left to do...",Quest descriptions,1024,你看到地堡入口處的那些屍體了吧，我們還不知道發生了什麼事。\n我們有些直升機在沼澤附近墜毀，既沒有發出求救也不是發生故障，只是無緣無故地墜毀了。\n當他們找到第一批屍體時，我們就知道這片地區出現了怪事。\n你看到屍體的情況了嗎？天哪，我從來沒見過這樣的。\n最近一架直升機墜毀在車輛無法進入的沼澤中間。救援行動很危險。\n你得去那裏看看能不能恢復直升機的飛行記錄儀。至於機組人員，我覺得無力迴天了...
Retrieve the flight recorder,Quest objectives,128,拿回飛行記錄儀
Preparing for battle,Quest names,64,戰鬥準備
"From the helicopter's black box we were able to discover that the crew had spotted a strange purple crystal in the swamp.\nShortly thereafter, there appears to have been an unusual burst of radiation.\nThe crystal appears to be in the swamp village, which is bad news because that place is infested with Ghouls and we blocked the entrance some time ago.\nI'll try to put together a team to exterminate the village, but we need a lot of resources to do it.\nFor now, we're gathering as many resources as you can.\nYou need to do your part too, Hunter.\nOh! And don't forget the Vodka!",Quest descriptions,1024,通過直升機的黑匣子，我們獲悉機組人員在沼澤中發現了一種奇怪的紫色水晶。\n之後就發生了反常的輻射爆發。\n這個水晶似乎位於沼澤村。倒黴的是那個地方到處都是食屍鬼，我們不久前封鎖了入口。\n我會試着組織隊伍來將這個村莊夷爲平地，爲此我們需要大量的資源。\n現在我們也正在緊鑼密鼓地收集資源。\n你也需要儘自己的一份力量，獵人。\n對了！別忘了伏特加！
Clear the Swamp,Quest names,64,沼澤掃蕩
"Here's the plan, Hunter.\nEntering the village with all those Ghouls would be a certain death sentence.\nThe village has only one entrance so we will try to lure them out with a very bright light, so it will have to be done at night.\nGet into the swamp from 10pm to 3am, my men will be waiting for you.\nIt is advisable to bring an automatic weapon or a shotgun with a large magazine so that you have to reload as little as possible.\nOne last thing, in the chaos of battle try not to shoot my men, understand?",Quest descriptions,1024,計劃如下，獵人。\n直接闖進被食屍鬼佔據的村莊無疑是找死。\n村莊只有一個入口，所以我們會試着用亮光引它們出來，行動必須在晚上進行。\n晚上 10 點到凌晨 3 點進入沼澤，我的手下會等你的。\n建議帶上自動武器或彈匣大點的霰彈槍，儘可能減少裝彈次數。\n最後一件事，在混戰中儘量別射中我的人，明白嗎？
Clear the swamp,Quest objectives,128,肅清沼澤
Radioactive meat,Quest names,64,輻射肉
"You're new here, huh?\nWell, I'm always looking for someone to help me with my research.\nDon't worry, I'll pay you for every job you do.\nGood! I need some raw meat to conduct experiments, I want to see how radiation has affected the local fauna.",Quest descriptions,1024,你是新來的吧？\n我一直在找人幫我研究。\n放心，酬勞少不了你的。\n很好！我需要一些生肉來進行實驗，我想看看輻射對當地動物羣造成了什麼樣的影響。
Find 10 raw meat,Quest objectives,128,找到 10 塊生肉
Strange crystal p.1,Quest names,64,奇特水晶（第 1 階段）
"I don't know how much you have explored but you may have come across strange crystals, they are found near the anomalies.\nWe don't know what they are yet but they seem to be a result of the strange radiation emanating from the nuclear power station.\nGetting hold of some of the crystals would be great, I can't wait to examine them!\nFire crystals are the most common in the forest, so start by bringing me those.",Quest descriptions,1024,我不知道你探索得怎麼樣了，但你可能遇到過奇怪的水晶，它們出現在異常附近的地區。\n我們還不知道它們是什麼，但它們似乎是因爲核電廠發出異常輻射而形成的。\n能拿到一些水晶就太好了，我等不及研究了！\n火水晶是森林裏最常見的，先把那些帶過來。
Find 3 fire crystal,Quest objectives,128,找到3塊火水晶
Strange crystal p.2,Quest names,64,奇特水晶（第 2 階段）
"Great! Hope you didn't get burned, Hunter! HAHA!\nBring me more crystals, I will pay you!",Quest descriptions,1024,很好！希望你沒被燒傷，獵人！哈哈！\n再給我帶些水晶吧。我會給你錢的！
Find 3 chemical crystal,Quest objectives,128,找到 3 塊化學水晶
no data,Quest names,64,查無音信
"I sent one of my scientists into the forest to study the anomalies, but I haven't heard from him for several hours.\nThis doesn't look good, go check it out. His position will be marked on the map.\nIf he is dead, retrieve the analyser from his body.",Quest descriptions,1024,我派了一位科學家到森林裏研究異常，但我已經好幾個小時沒有收到他的消息了。\n情況不太妙的樣子，你去看看吧。他的位置將標記在地圖上。\n如果他死了，就拿走他屍體上的分析儀。
Retrieve the analyzer,Quest objectives,128,取回分析儀
Movies,Quest names,64,電影疑雲
Hey Hunter!\nSome Hunters managed to get some films on DVD but when we moved here no one thought to bring DVD players or other means of entertainment...\nRetrieve some items for me and I will be able to provide some entertainment for these miserable people,Quest descriptions,1024,嘿，獵人！\n有些獵人拿到了影碟，而當我們搬到這裡時，沒有人想到帶影碟機和別的娛樂裝置...\n替我取回些東西，我就能爲這些絕望的人提供點樂子。
Find 8 Ghoul tentacles,Quest objectives,128,找到 8 條食屍鬼觸手
Pelts p.1,Quest names,64,研究毛皮（第 1 階段）
"Hey Hunter!\nI have a number of very simple jobs to complete.\nI need furs, external radiation is absorbed by the surface layer of the skin and it's a great material for research.\nStart by bringing me some rabbit furs, they are very common on all maps.",Quest descriptions,1024,嘿，獵人！\n我有的是簡單的活要完成。\n我需要毛皮。那是很好的研究材料，外部輻射會被皮膚表層吸收。\n首先給我帶些兔皮，它們在所有地圖上都很常見。
Find 5 rabbit pelts,Quest objectives,128,找到 5 張兔皮
Pelts p.2,Quest names,64,研究毛皮（第 2 階段）
Good! Now you need to fight a bit.\nIf you find a wolf alone and see it running away it will most likely be going to its pack nearby so always move carefully.,Quest descriptions,1024,很好！現在你要稍微打一場了。\n如果你發現有狼落單並且逃跑，那它很可能會去附近的狼羣。務必小心移動。
Find 10 wolf pelts,Quest objectives,128,找到 10 張狼皮
Body parts p.1,Quest names,64,身體部位（第 1 階段）
"OK Hunter! The meat samples you brought me showed genetic mutations caused by radiation.\nI need to know more, I need you to bring me body parts of Boars and Ghouls.",Quest descriptions,1024,好吧，獵人！你給我帶來的生肉樣本，體現了輻射引起的基因變異。\n我需要深入研究，給我帶來野豬和食屍鬼的身體部位吧。
Find 5 boar tusks,Quest objectives,128,找到 5 顆野豬牙
Body parts p.2,Quest names,64,身體部位（第 2 階段）
"Good! Would you be willing to go into more advanced areas?\nI need spider and blink parts, you can find them in the industrial zone but more easily in the swamp",Quest descriptions,1024,很好！你願意進入更高級的區域嗎？\n我需要蜘蛛和亮爪怪的身體部位。工業區就有，但在沼澤更容易找到。
"You must know about the guy who hangs around the mall, a very tough guy.\nAnyway, his armour is of incredible quality. If you kill him a few times, I'll give you one.",Quest descriptions,1024,你肯定已經見過那個在商場閒逛的傢伙了！\n一個猛男，對不對？他那身護甲真是讓人印象深刻。
"You must have noticed those bodies at the entrance to the bunker, we don't know what's going on yet.\nSome of Green Army helicopters crashed in the vicinity of the swamp, no call for help or malfunction, just crashed for no apparent reason.\nWhen they recovered the first bodies, we realised that something very strange was happening in that area.\nDid you see the condition of the bodies? My God, I've never seen anything like it.\nThe last helicopter fell recently, if you hurry you should get there before the Green Army and be able to get the flight recorder.",Quest descriptions,1024,你應該注意到了地堡入口處的那些屍體。\n綠軍有幾架直升機在沼澤失事，其間沒有呼救，也沒有報告故障，莫名其妙就墜毀了。\n找到第一批屍體時，我們意識到那裏發生了非常可怕的事情。\n你看到屍體的慘狀了嗎？天哪，我從來沒見過這樣的。\n現在又有一架直升機墜毀了。如果你動作夠快，也許能趕在綠軍之前到達那裏，拿到飛行記錄儀。
"Good job Hunter!\nNow we should be able to pick up radio signals from the surrounding areas.\nWhile you were in the makeshift camp you may have noticed an old train station, it was used by the Green Army during the evacuation after the explosion at the plant to get supplies to the camp. After a short time they were forced to leave that area because of radiation.\nNow that train station is under the control of bandits, it wouldn't be a problem because there is very little left to loot now but it is the only way to the industrial zone and the other maps.\nIf we want to get to them you have to clear the station. No need to kill them all, just eliminate Orel, he is the leader in that area.\nAfter you do that I am sure they will let us pass every time.\nAfter this work I am sure the Green Army will give you some missions to do so make sure you talk to Artemovich.",Quest descriptions,1024,幹得漂亮，獵人！\n現在我們應該能接收到周邊區域的無線電信號了。\n你在臨時營地時可能注意到了那座舊火車站，。核電廠爆炸後，綠軍疏散期間曾用它運送物資，沒多久就因輻射被迫撤離。\n如今火車站落入了強盜手裏。那裏早被搜刮一空了，本來不用搭理他們，但那是通往工業區和其他地圖的唯一要道。\n想過去就得肅清車站，不用趕盡殺絕，擊殺那片的地頭蛇奧廖爾就行。\n解決他之後，這幫人絕對不敢再攔路。\n完事後綠軍估計會派些新任務，記得去找阿爾特莫維奇談談。
"Hmm...the key is ruined but I think it still works.\nTo be safe I will make a few copies and if you lose it you can buy it back from me.Alright Hunter! I think you already know what to do, I have no idea what will be inside the lab nor what you will have to look for but your goal is to find information that can open the way to the nuclear power plant for us.\nCurrently the railroad to the mall is flooded but it was not always so.\nI think it was purposely flooded by the Crimson Corporation a few days after the explosion, evidently they did not want more people to reach the areas around the plant to buy time and get organized.\nAs I said, the laboratory in the makeshift camp was under the control of the Crimson Corporation, so I think it will contain important information for us.\nGood luck!",Quest descriptions,1024,嗯……鑰匙壞了，不過估計還能用。\n保險起見先多配幾把，萬一弄丟了還能找我買。想必你已經清楚該怎麼做了，我不清楚實驗室裏有什麼，更不知道具體要找什麼，總之目標是找到能打通核電廠道路的情報。\n目前通往商場的鐵路被淹了，以前可不是這樣。\n八成是爆炸發生後赤紅公司故意放的水，顯然想拖延時間重整旗鼓，不想讓外人靠近核電廠周邊。\n臨時營地的實驗室曾受赤紅公司控制，裏面肯定有關鍵情報。\n祝你好運！
"Heeeey! The Ghoul slaughterer is back!\nOkay Hunter, now it's time to go deeper into the village and find out more about that crystal.\nBe careful",Quest descriptions,1024,哇哦！食屍鬼殺手回來了！\n好了，獵人，是時候深入村莊，尋找更多關於水晶的信息了。\n多加小心。
"When you went to the radio station you must have noticed the building there, maybe you even tried to go inside.\nWord on the street is that it was an old lab for the Crimson Corporation.\nThe entrance is locked and you need a key card to get in, unfortunately none of us here have one.\nSo I sent my man, Marat Loginov, to look for the key. He seems to have found a damaged one but we may be able to fix it or make a copy.\nMy man is operating in the industrial zone, he has a small base in the north-west, among the abandoned wagons. I haven't heard from him in days, but that's not unusual.\nGo to the industrial area, find him and bring me the key.",Quest descriptions,1024,你一定注意到了廣播站裏的建築，那是深紅公司的舊實驗室。\n實驗室入口被鎖住了，你需要門禁卡才能進去。我的朋友馬拉特·洛吉諾夫搞到了一張壞掉的，我們也許能修好它，或者複製一張。\n馬拉特在工業區西北角的列車墳場有一個小基地。我已經好幾天沒收到他的消息了，不過這也是常有的事。\n去工業區找他，把門禁卡帶回來。
"Strange electrical anomalies you say? Damn!\nWe need to repair that radio tower Hunter, it will allow us to get news from the surrounding areas.\nDon't worry about the anomalies, I'm sure anything that moves can be killed eheh.\nI will also give you the repair kit, the tower is located inside the fence in the northwest part.\nGood luck!",Quest descriptions,1024,你說奇怪的電擊異常？該死！\n我們必須修復那個無線電塔，獵人，它可以讓我們獲取周邊地區的訊息。\n不要擔心異常，我相信只要是會動的東西都可以被擊殺。\n咳咳，我會給你準備好修理箱。\n祝你好運！
The radio tower,Quest names,64,無線電塔
"It is time to repair the radio tower in the makeshift camp.\nFirst of all, I would ask you to inspect the radio station. You've probably already noticed all those strange electrical anomalies in the area.\nThe good news is that they can apparently be killed, but that doesn't concern you right now.\nWhat you need to do is find the location of the radio station, which should be easy to find on the map as it is a paved area, and inspect the entrance.\nSee if those strange anomalies are still there.",Quest descriptions,1024,是時候修復臨時營地的無線電塔了。\n首先，我想請你檢查一下無線電台。你可能已經注意到地區裏那些奇怪的電異常。\n好消息是它們能被擊殺就對了。\n你需要做的是找到無線電塔的位置，在地圖上應該很容易找到，那是一片鋪設好的平整區域，然後檢查入口。\n看看那些奇怪的異常是否仍然存在。
Locate the radio tower,Quest objectives,128,尋找無線電塔
Necessary components,Quest names,64,必要元件
"We need some electronic equipment so try to accumulate as much as possible.\nFor now we are still inspecting the antenna but we have already noticed that some of the electrical wires are damaged and we need to replace them, so bring me some new ones.",Quest descriptions,1024,我們需要電子裝置，囤得越多越好。\n目前我們仍在檢查天線，但我們已經注意到有些電線損壞了，需要把它們換掉。給我帶些新的過來。
Find 8 wires,Quest objectives,128,找到 8 條電線
Upgrade,Quest names,64,逐步升級
Are you in for a hunt for electrical components?\nWe are thinking of upgrading my station and need parts.,Quest descriptions,1024,你要去找找電子元件嗎？\n我們急需零件升級站點。
Fix the radio tower,Quest objectives,128,修復無線電塔
"Looks like those anomalies are still in the radio station.\nWell, Hunter, you're going to have to fight your way through.\nWhat you need to do is repair the radio tower outside, it's the red and white one with horizontal stripes.\nDon't forget to buy the repair kit from me!",Quest descriptions,1024,看起來那些異常還在廣播站裏。\n好吧，獵人，你得殺出一條路來。\n你需要做的是修理外面的無線電塔。那是一座紅白相間橫條紋的高塔。\n別忘了在我這買修理套件！
Medikit,Quest names,64,醫療包短缺
"Hey Hunter!\nI'm running low on medikits, so try to get some during your hunts.\nDon't worry, I'll pay you.",Quest descriptions,1024,嘿，獵人！\n我醫療用品不夠了。狩獵期間爲我找些吧。\n放心，我會給你報酬的。
Find 15 scrap med,Quest objectives,128,找到15個廢棄醫療用品
Tons of meds!,Quest names,64,大量醫療包！
"Listen, Hunter, there's always a need for medikits here so if you want to bring me more I'll make sure I pay you well.",Quest descriptions,1024,聽好了，獵人。這裡總有人要用醫療用品。如果你想要再給我帶一些，我保證會給你豐厚的報酬。
Find 50 scrap med,Quest objectives,128,找到50個廢棄醫療用品
Radiation effect,Quest names,64,輻射效應
"I would like to examine the effect of radiation on the human body.\nTo do this I need someone who is willing to absorb a large amount of radiation and report the symptoms to me.\nDon't make that face, Hunter. I'm not asking you to do it but if you want to get paid for a simple job here it is.\nYou need to reach the orange radiation level.",Quest descriptions,1024,我想研究輻射對人體的影響。\n要這樣做，我需要有人願意吸收大量輻射並向我報告症狀。\n別跟我甩臉色，獵人。我沒有強求你這樣做，但這是一件簡單的工作，我也會給你報酬。\n你的輻射等級要達到橙色。
Reach orange lvl of radiation,Quest objectives,128,輻射等級達到橙色
Laboratory p.1,Quest names,64,實驗室探險（第 1 階段）
"When you went to the radio station you must have noticed the building there, maybe you even tried to go inside.\nWord on the street is that it was an old lab for the Crimson Corporation.\nThe entrance is locked and you need a key card to get in, unfortunately none of us here have one and I don't think the Crimson Corporation will give us one.\nSo I sent my man, Marat Loginov, to look for the key. He seems to have found a damaged one but we may be able to fix it or make a copy.\nMy man is operating in the industrial zone, he has a small base in the north-west, among the abandoned wagons. I haven't heard from him in days, but that's not unusual.\nGo to the industrial area, find him and bring me the key.",Quest descriptions,1024,你在廣播站肯定看到了那邊的大樓，甚至試過進去吧。\n有風聲說那是深紅公司的舊實驗室。\n入口是鎖着的，你需要用門禁卡進去。只可惜我們都沒有。我也不覺得深紅公司會把門禁卡拱手相送。\n所以我派了手下馬拉特·洛金諾夫去找鑰匙。他好像發現了一張壞的，但我們或許能把它修好或是複製出新的。\n他在工業區執行任務，在那邊西北部廢棄的貨車堆裏有一個小基地。我已經好幾天沒有收到他的消息了。這種事時有發生。\n去工業區找到他，然後給我鑰匙。
Find the laboratory key,Quest objectives,128,找到實驗室鑰匙
Laboratory p.2,Quest names,64,實驗室探險（第 2 階段）
"So Marat is dead? Man, he was good at his job.\nFortunately, it appears the key you recovered is in good condition.\nNot good enough to use, but we can make a copy.\nAt the moment we don't have the necessary equipment but if you bring me some items we can repair it.",Quest descriptions,1024,所以馬拉特死了？天啊，他明明是這一行的高手。\n還好你找回的鑰匙狀況還不錯。\n沒有好到能用的地步，但我們可以複製出新的。\n目前我們沒有必要的裝置，但如果你給我帶幾樣東西，我們就能修好它。
Find 3 CPUs,Quest objectives,128,找到3個CPU
Laboratory p.3,Quest names,64,實驗室探險（第3階段）
"Great, Hunter!\nNow I can make a copy of the key card for the lab.\nIt will take me a while but I think I will be done by tomorrow morning and you can purchase it from me.\nOnce you've got the key you'll have to make your way to the lab and enter.\nNo one knows what's in there, so be careful. I also suggest you bring a torch because it will be pitch black.\nOnce inside explore it well and try to recover some samples, even I do not know what to look for but I'm sure you'll understand once you find it.\nGood luck, Hunter!",Quest descriptions,1024,太好了，獵人！\n現在我可以複製實驗室的門禁卡了。\n這不是三兩下的事兒，但明天早上應該能搞定，到時你可以找我買。\n有了鑰匙，你就得進入實驗室了。\n沒人知道里面有什麼，所以要小心。我還建議你帶上手電筒，那裏面會漆黑一片。\n進去後要好好探索一下，試着回收樣本。雖說我不知道那會是什麼樣的，但我相信你看到後就明白了。\n祝你好運，獵人！
Explore the laboratory,Quest objectives,128,探索實驗室
Eyes everywhere,Quest names,64,安插眼線
"So you want to do some missions for crimson Corporation?\nOK, let's start with something simple. As you know our relationship with the green army is not good, so we need to know what their intentions are.\nBuy a CCTV camera from me and place it in the Green Army headquarters in the ZERO Sievert bunker.\nPlace it in the bookshelf, it should be fine there.",Quest descriptions,1024,那麼你想爲深紅公司效力嗎？\n好吧，讓我們從簡單的事情做起。你知道我們與綠軍一向不和，所以我們需要摸清他們的意圖。\n從我這買個監控攝像頭，把它安置在零希沃特地堡的綠軍總部。\n放書架上應該就可以了。
Place the CCTV camera,Quest objectives,128,放置監控攝像頭
Cleanup,Quest names,64,剷除威脅
"Nice job with the CCTV camera hunter! Thanks to you we know their movements in Zakov.\nNow it's time to do some cleanup eheh.\nKill 15 soldiers of the Green Army. Soldiers patrol the forest and makeshift camps, there are not many of them and unfortunately we do not know their exact location so you will have to find them yourself.\nIf you complete this mission for us, you won't have to pay to enter.",Quest descriptions,1024,獵人，你的監控攝像頭安得太妙了！多虧了你，我們才知道他們在扎科夫的動向。\n現在是時候剷除部分威脅了，嘿嘿。\n擊殺15名綠軍士兵。他們數量不多，在森林和臨時營地巡邏。只可惜我們不知道他們的具體位置，所以你必須自己找找看了。\n如果你爲我們完成這個任務，以後你就再也不用給通行費了。
Kill 15 Green Army soldiers,Quest objectives,128,擊殺15名綠軍士兵
Meat for Igor,Quest names,64,給伊戈爾送些肉
Would you bring me 10 pieces of raw meat?\nYou'd be doing me a big favour.,Quest descriptions,1024,可以帶10塊生肉給我嗎？\n我會記住你的恩情。
Collect 10 raw meat,Quest objectives,128,收集10塊生肉
Materials,Quest names,64,收集材料
"Hey Hunter!\nI can't take you past the makeshift camp because some sections of the railway have to be repaired.\nWe're working on it but if you want to help, it would be quicker.\nBring me these items and we will repair the section.",Quest descriptions,1024,嘿，獵人！\n部分鐵路需要修理。我不能帶你通過臨時營地。\n我們在盡力了。但有你幫忙的話進度會更快。\n把這些物品帶給我，然後我們就把壞掉的鐵路修好。
Collect 40 scrap material,Quest objectives,128,收集40個廢棄材料
Documents p.1,Quest names,64,貴重檔案（第 1 階段）
"One of our hunters and my personal friend was on a special mission, trying to find the location of valuable documents.\nWe lost his contact when he entered the makeshift camp, fortunately we still have his last detected position.\nGo to the makeshift camp and find out what happened to him.\nI hope he is still alive...",Quest descriptions,1024,我們的一位獵人和我自己的朋友正在執行一項特殊任務，目標是找到貴重檔案的位置。\n他進入臨時營地後，我們失去了聯繫，幸運的是我們知道他最後出現的位置。\n去臨時營地看看他的情況。\n我希望他還活着...
Find the missing Hunter,Quest objectives,128,找到失蹤獵人
Documents p.2,Quest names,64,貴重檔案（第 2 階段）
"So he's dead... May he rest in peace.\nThe good news is that he found the location of the documents, from his notes it seems they are in the police station in the forest village.\nThe bad news is that you'll have to fight your way in, as you know there are much more organised bandits stationed there.\nThe documents should be inside a safe, when you're inside the station try looking around.\nGood luck Hunter!",Quest descriptions,1024,原來他死了...願他安息。\n好消息是他找到了檔案的位置，他筆記上寫的好像是森林村莊的警局。\n壞消息是你必須殺一條血路進去。你知道那裏駐紮着更有組織的強盜。\n檔案應該在保險箱裏。進入警局後記得找找看。\n祝你好運，獵人！
Retrieve the documents,Quest objectives,128,取回檔案
Find the crystal in the swamp,Quest objectives,128,尋找沼澤水晶
Inspect the village,Quest names,64,偵察村莊
Clear the way,Quest names,64,掃清道路
The War,Quest names,64,戰爭
The missing spy,Quest names,64,失蹤間諜
The sewers,Quest names,64,下水道
Trucks and generator,Quest names,64,卡車和發電動馬達
Mall's outpost,Quest names,64,商場前哨站
New equipment,Quest names,64,新裝備
Mall scouting,Quest names,64,商場偵察
Revenge for Igor,Quest names,64,爲伊戈爾復仇
Monitoring p. 1,Quest names,64,監視
Building an outpost,Quest names,64,建立前哨站
The CCTV Camera,Quest names,64,監控攝像頭
Lost informations,Quest names,64,遺失信息
Eliminate the assassins,Quest names,64,擊殺殺手
Monitoring p. 2,Quest names,64,天羅地網
Find the CCTV cameras,Quest names,64,尋找監控攝像頭
The key to the laboratory,Quest names,64,實驗室門禁卡
High-Profile Targets,Quest names,64,重點打擊
Retrieve the briefcase,Quest names,64,取回公事包
Supplies for Igor,Quest names,64,幫助伊戈爾
The crystal,Quest names,64,水晶
Raid the outpost,Quest names,64,突襲前哨站
Eliminate the spy,Quest names,64,剷除間諜
The lab,Quest names,64,實驗室
Green Army outpost,Quest names,64,綠軍前哨站
Surprise assault,Quest names,64,意外襲擊
Oh no... Not again!,Quest names,64,哦，不...怎麼又是這個！
Find the Hunter,Quest names,64,尋找獵人
The motel p.1,Quest names,64,汽車旅館
"Bandits continue to assault the train at the forest area, preventing us from reaching the makeshift camp.\nYou will have to eliminate some bandits and specific targets, that way I am sure they will calm down for a while.\n\nOnce this mission is completed I will give you access to the bunker area where the Green Army is located. I don't think Artemovich will give you any jobs just yet, but I'm sure you can trade with them.",Quest descriptions,1024,森林地區的匪幫一直在襲擊列車，讓我們無法前往臨時營地。\n去給那些傢伙找點麻煩，我相信這樣會讓他們消停一段時間。\n任務完成後，我會讓你進入綠軍控制的地堡區。阿爾捷莫維奇大概看不上你這樣的毛頭小子，但至少你可以和他們交易。
"Well done Hunter!\nNow that we have access to the makeshift camp we can finally see if the old radio station is still active.\nWe don't know the coordinates but I think it will be easy to find it on the map, it should be a paved area.\nAll I ask you to do is go there and see what the situation is like and report back, if you encounter any strange anomalies or mutants there is no need to engage in a fight.",Quest descriptions,1024,幹得好，獵人！\n是時候去確定一下臨時營地的舊廣播站到底還能不能用了。\n我們不知道它的具體座標，但在地圖上很容易找到它。\n我要你去那裏看看情況，然後回來報告。如果遇到異常或怪物，你不必與它們交戰。
"From the helicopter's black box we were able to discover that the crew had spotted a strange purple crystal in the swamp.\nShortly thereafter, there appears to have been an unusual burst of radiation.\nThe crystal appears to be in the swamp village... There are good and bad news Hunter... The bad news is that there is a large amount of Ghouls in the village in the swamp, and I don't think you will make it alone.\nThe good one is that I contacted the Green Army, they are interested in cleaning up the village to get to the crystal.\nHere's the plan, Hunter.\nEntering the village with all those Ghouls would be a certain death sentence.\nThe village has only one entrance so you will try to lure them out with a very bright light, it will have to be done at night.\nGet into the swamp from 10pm to 3am, Green Army soldiers will be waiting for you.\nIt is advisable to bring an automatic weapon or a shotgun with a large magazine so that you have to reload as little as possible. Good luck Hunter!",Quest descriptions,1024,通過直升機的飛行記錄儀，我們得知機組人員在沼澤的村莊裏發現了奇怪的紫色水晶。之後他們遭遇了一次異常的輻射爆發。\n好消息和壞消息，獵人...壞消息是村莊裏有大量食屍鬼，你一個人根本處理不了。好消息是我聯繫了綠軍，他們對肅清村莊尋找水晶有些興趣。\n計劃是這樣的。這個村莊只有一個出入口，所以我們可以在夜間用探照燈把食屍鬼全都引誘出來。\n10點至3點間前往沼澤，一隊綠軍士兵會在那裏等你，記得帶上一把好槍。\n祝你好運，獵人！
"Hey stranger! Welcome to the ZERO Sievert bunker.\nI don't know how you got here and frankly I don't care.\nIt's nothing personal, it's just that we see a lot of new faces here and only a few of them come back, so I won't waste my time remembering yours for now.\nFirst let's see what you can do...",Quest descriptions,1024,嗨，陌生人，歡迎來到零希沃特地堡。\n不知道你是爲了什麼來到這裡，說實話我也不在乎。\n並不是針對你，只是這裡出去過太多新面孔，而只有很少一部分能回來，所以我現在就不浪費時間去記住你的長相了。\n先讓我們看看你能幹點什麼...
Ah! As I thought...\nThe railroad was flooded by the Crimson Corporation.\nSmart move...\nThey used the old drainage system found in the sewers in the swamp.\nThey are easily visible on the minimap. What you have to do is go into the sewers and close the control valve. Good luck Hunter!,Quest descriptions,1024,和我想的一樣...深紅公司利用沼澤下水道里的舊排水系統把鐵路給淹了，真聰明。\n你要做的就是進入下水道，關閉控制閥門。\n祝你好運，獵人！
"Very good Hunter! I didn't expect you to come back alive!\nI have another job for you. When the bandits took over the village in the forest, an old friend of mine left behind an item that is considered very valuable these days.\nThe item should be inside a bag in the southern part of the village, go there and retrieve it.",Quest descriptions,1024,幹得好，獵人！我甚至都沒想到你能活着回來！\n我有另一項工作給你。匪幫佔領森林裏的村莊時，我的一個朋友落下了一件非常貴重的物品。\n那玩意兒應該在村莊東南角的院子裏，去把它拿回來。
"Thanks to the radio tower, we intercepted conversations from the Crimson Corporation.\nIt seems that new agreements between them and the local government allow their presence in the bunker....\nHa! Unbelievable!\nI'd be really curious to know what Artemovich's face looked like when he heard about this, he did everything he could to keep them away from here and now he has to take them in.\nIt seems that the Crimson Corporation is coming with a ship and wants to dock at the port in the industrial zone.\nThe only hope Artemovich has is that they won't succeed, and I think that will be the case since the first Hunters reported a massive Ghoul presence in that area.\nNow it's up to you Hunter, if you want you can take care of the Ghouls and allow the Crimson Corporation to land and come to the bunker.\nYou will also have to place a GPS signal in the main dock, the one between the two abandoned ships.",Quest descriptions,1024,多虧了無線電塔，我們截獲了深紅公司的訊息，看來他們和當地政府達成了新的協議。\n難以置信！我真的很想欣賞一下阿爾捷莫維奇聽到這件事時的表情。他費盡千辛萬苦把那些傢伙趕走，而現在卻要眼睜睜看着他們捲土重來。\n深紅公司的人似乎是乘船來的，準備停靠在工業區的港口。有獵人報告說那裏遊蕩着大量的食屍鬼。阿爾捷莫維奇只能寄望於他們一下船就栽在食屍鬼手裏。\n現在看你的了，獵人。如果你願意，你可以處理掉食屍鬼，讓深紅公司登陸來到地堡。\n你需要在兩艘廢船之間的主船塢放置一個 GPS 定位器。
"Great, Hunter!\nNow that we have access to the mall it's time to see what it looks like. You'll have to scout around and find the location of some stores.\nWhat do you say? Is this mission familiar to you?\nI don't understand how that could be possible.\nWhatever, back to us... Go to the mall and find these stores.",Quest descriptions,1024,太好了，獵人！\n現在我們可以前往商場了。你得四處轉轉，找出那些商店的位置，沒問題吧？\n什麼？\n這活你熟得很？我不明白.\n..算了，趕緊動身吧。
"Haha! Great, Hunter!\nThe plan worked like a charm! Now all we have to do is explore the village and find the purple crystal.\nThere should be a few Ghouls left in the village, I don't think that will be a problem for you.",Quest descriptions,1024,哈哈！幹得好呀，獵人！\n計劃圓滿成功！現在我們要做的就是探索村莊並找到紫色水晶。\n村裏應該還剩下一些食屍鬼，那些對你來說應該是小菜一碟。
Inspect the swamp village,Quest objectives,128,村莊
"Ok Hunter! First job for you.\nThe Green Army does not yet know that you are now part of the Crimson Corporation, we must take advantage of this opportunity.\nGo to their bunker area, where Artemovich is, and place a CCTV camera.\nTry to hide it among the shelves.",Quest descriptions,1024,很好，獵人！準備好執行任務了嗎？\n綠軍還不知道你現在是深紅公司的人，我們必須利用這個機會。\n去他們的地堡區，在阿爾捷莫維奇那裏放置一個攝像頭。\n試着把它藏在架子裏。
My leg is still not fully healed.\nThanks to my experience I can still move through the forest somehow.\nCould you bring me some medicine? It would heal faster,Quest descriptions,1024,我的腿傷還沒有好透，只能靠着對森林的熟悉勉強在這裡活下去。\n你能給我些藥和繃帶嗎？
"Hey Hunter!\nListen... I have a big favor to ask of you....\nThe Green Army soldier who shot me in the leg is called Bogdanov, that damn bastard must pay....\nNow I think he is in the Makeshift camp, you know what you have to do....\nThank you Hunter",Quest descriptions,1024,嘿，獵人！\n我有個難以啓齒的請求...\n射傷我腿的那個綠軍士兵叫波格丹諾夫。這個該死的混蛋必須付出代價.\n..他在臨時營地，你知道我想要你做什麼...\n謝謝你，獵人。
Oh! Oh! Can you do something for Mr. Junk?\nNow that Grigoriy has come back to life he would love to get his ring back.\nMr. Junk hid it in the swamp before he came to this place.\nIf you do this for Mr. Junk then he will sell you some of his treasure.\nNo! No! No! Mr. Junk loves his treasure...\nOh! Oh! But it's more important to make Grigoriy happy.\nYes! Yes! Yes!\nYou bring Mr. Junk the ring and he'll sell you some of his treasure.\nMr. Junk will also give you this costume he found,Quest descriptions,1024,噢！噢！你能幫「垃圾」先生做件事嗎？\n現在格里戈里復活了，他一定很想要回他的戒指，可「垃圾」先生在來這裡之前把它藏在沼澤了。\n如果你爲「垃圾」先生取回戒指，他會賣給你一些寶貝！\n不！不！「垃圾」先生愛他的寶貝...不！噢！但更重要的是讓格里戈里開心。\n對！對！你把戒指給「垃圾」先生，他會賣給你一些寶貝！\n「垃圾」先生還會把他找到的這件漂亮衣服給你！
Retrieve Grigoriy's ring,Quest objectives,128,取回格里戈里的戒指
Quest objective type: Kill A,"Quest objective types, Kill A",160,擊殺位於[MAP_NAME]的[AMOUNT_TO_KILL]個[TARGET_TO_KILL]
Quest objective type: Kill B,"Quest objective types, Kill B",160,擊殺[AMOUNT_TO_KILL]個[TARGET_TO_KILL]
Quest objective type: Contract,"Quest objective types, Contract",160,擊殺位於[MAP_NAME]的目標：[OBJECT_NAME]
Quest objective type: Collect,Quest objective type：Collect,160,收集[AMOUNT_TO_COLLECT]個[ITEM_NAME]
Quest objective type: Collect Weapon,Quest objective type：Collect Weapon,160,收集[AMOUNT_TO_COLLECT][ITEM_NAME]
Quest objective type: Survive A,Quest objective type：Survive A,160,成功從[MAP_NAME]撤離[AMOUNT_TO_SURVIVE]次
Quest objective type: Survive B,Quest objective type：Survive B,160,成功撤離[AMOUNT_TO_SURVIVE]次
Quest objective type: Survive Exp A,Quest objective type：Survive Exp A,160,成功從[MAP_NAME]撤離[AMOUNT_TO_SURVIVE]次，並獲得至少[EXP_REQUIRED]狩獵經驗值
Quest objective type: Survive Exp B,Quest objective type：Survive Exp B,160,成功撤離[AMOUNT_TO_SURVIVE]次，並獲得至少[EXP_REQUIRED]狩獵經驗值
Quest objective type: Survive Money A,Quest objective type：Survive Money A,160,成功從[MAP_NAME]撤離[AMOUNT_TO_SURVIVE]次，並獲得至少[MONEY_REQUIRED]盧布的等值戰利品
Quest objective type: Survive Money B,Quest objective type：Survive Money B,160,成功撤離[AMOUNT_TO_SURVIVE]次，並獲得至少[MONEY_REQUIRED]盧布的等值戰利品
Quest objective type: Retrieve Analyzer A,Quest objective type：Retrieve Analyzer A,160,從位於[MAP_NAME]的火焰異常附近取回分析儀
Quest objective type: Retrieve Analyzer B,Quest objective type：Retrieve Analyzer B,160,從位於[MAP_NAME]的大型火焰異常附近取回分析儀
Quest objective type: Retrieve Analyzer C,Quest objective type：Retrieve Analyzer C,160,從位於[MAP_NAME]的大型化學異常附近取回分析儀
Quest objective type: Retrieve Analyzer D,Quest objective type：Retrieve Analyzer D,160,從位於[MAP_NAME]的化學異常附近取回分析儀
Quest objective type: Place Analyzer A,Quest objective type：Place Analyzer A,160,在位於[MAP_NAME]的火焰異常附近放置分析儀
Quest objective type: Place Analyzer B,Quest objective type：Place Analyzer B,160,在位於[MAP_NAME]的大型火焰異常附近放置分析儀
Quest objective type: Place Analyzer C,Quest objective type：Place Analyzer C,160,在位於[MAP_NAME]的大型化學異常附近放置分析儀
Quest objective type: Place Analyzer D,Quest objective type：Place Analyzer D,160,在位於[MAP_NAME]的化學異常附近放置分析儀
Quest objective type: Retrieve Equipment,Quest objective type：Retrieve Equipment,160,取回位於[MAP_NAME]的裝備
No ammo reload,"User Interface, player reload",160,缺少彈藥[ITEM_NAME]
Extract time,"User Interface, extract time",128,在[TIME_REMAINING]秒後撤離
Crafted items,"User Interface, crafting",128,已製作[ITEM_NAME]x[ITEM_AMOUNT]
Repaired items,"User Interface, repair",128,已將[ITEM_NAME]修復至[ITEM_DURABILITY]%
You have joined a faction,"User Interface, joined faction",128,你已加入[FACTION_NAME]
Reputation level required,"User Interface, reputation required",128,你的聲望必須達到[REPUTATION_MINIMUM]
Quest accepted,"User Interface, quest accepted",128,已接受任務：[QUEST_NAME]
Item added to inventory,"User Interface, item added to inventory",128,[ITEM_QUANTITY]x[ITEM_NAME]已添加到背包中
Level up skill,"User Interface, level up skill",64,[SKILL_NAME]達到[SKILL_LEVEL]級
Change ammo,Controls menu,48,切換彈藥
Move up,Controls menu,48,向上移動
Move down,Controls menu,48,向下移動
Move right,Controls menu,48,向右移動
Move left,Controls menu,48,向左移動
Run,Controls menu,48,奔跑
Open/close inventory,Controls menu,48,打開/關閉背包
Reload,Controls menu,48,換彈
Torch on/off,Controls menu,48,手電筒開/關
Laser on/off,Controls menu,48,雷射開/關
Headset on/off,Controls menu,48,耳機開/關
Open device,Controls menu,48,打開個人終端
Open map,Controls menu,48,開啟地圖
Throw bolt,Controls menu,48,投擲螺栓
Switch auto/semi,Controls menu,48,切換自動/半自動
Close-up of the weapon,Controls menu,48,武器特寫
Teleport to NPC,Controls menu,48,傳送到...
Fix weapon jam,Controls menu,48,修復武器卡殼
Quick slot,Controls menu,48,快捷欄位[SLOT_NUMBER]
Hunter Difficulty Text,Difficulty menu,128,死亡時將失去物品欄內的所有物品……\n完畢。\n祝你玩得開心。
Survivor Difficulty Text,Difficulty menu,750,此難度適合有一定經驗值且追求適度挑戰的玩家。\n資源與物資不再充裕，迫使玩家更有策略地規劃消耗；\n敵人攻擊性更強且傷害更高，戰鬥時需要更加謹慎並講究戰術；\n角色最大生命值降低，容錯率更低。
Rookie Difficulty Text,Difficulty menu,750,此難度專爲初次接觸《ZERO Sievert》或偏好輕鬆體驗的玩家設計。\n彈藥、食物與醫療用品等資源隨處可見；\n敵人傷害較低，能在無壓力的情況下熟悉機制並探索世界；\n角色最大生命值提升，容錯率更高。
Fog Of War Field Of View,Video settings,64,戰爭迷霧視野盲區
Grass Sway,Video settings,64,草地晃動
Fog Of War,Video settings,64,戰爭迷霧
Fog Of War Alpha,Video settings,64,戰爭迷霧透明度
Grass Amount,Video settings,64,草地密度
Low Spec,Video settings,64,低配置模式
Fog/Rain Particles,Video settings,64,霧/雨粒子效果
Black Flashbang,Video settings,64,黑色閃光彈效果
Fullscreen,Video settings,64,全螢幕
Disclaimer Link,Data collection settings,64,免責聲明鏈接
Settings - Game Analytics,Settings titles,64,設定 - 遊戲分析
Settings - Resolution,Settings titles,64,設定 - 解析度
Settings - Audio,Settings titles,64,設定 - 音效
Settings - Controls,Settings titles,64,設定 - 控制
Settings - Video,Settings titles,64,設定 - 影像
Settings - Gameplay,Settings titles,64,設定 - 遊戲玩法
Settings - Devices,Settings titles,64,設定 - 裝置
Settings - Languages,Settings titles,64,設定 - 語言
Heartbeat,Audio settings,64,心跳
Music,Audio settings,64,音樂
Screen resolution warning,Resolution settings,750,在全螢幕模式下，遊戲將始終縮放爲顯示器的默認解析度。\n由於遊戲採用像素風格，解析度更改僅在窗口模式下生效。
Skill Experience Multipler,Difficulty menu,64,技能經驗值
You can not change difficulty settings in the main menu,Difficulty menu,128,無法在主選單中更改難度設定
Steam cloud warning,Steam cloud,512,此操作將刪除本機與雲端的所有存檔數據。\n各槽位內的物品、技能及任務進度都將失去。\n確定要繼續嗎？
Cancel,General menus,16,取消
Direct Input Devices,Gameplay settings,64,直接輸入裝置
Toggle Sprint,Gameplay settings,64,切換衝刺
Food/Drink Animation,Gameplay settings,64,食物/飲料動作
Item Overlay Timer,Gameplay settings,64,物品資訊面板延遲
Lost Focus Pause,Gameplay settings,64,後臺暫停遊戲
Close-up of weapon,Controls menu,64,檢視武器
Quick slot 1,Controls menu,64,快捷欄位 1
Quick slot 2,Controls menu,64,快捷欄位 2
Quick slot 3,Controls menu,64,快捷欄位 3
Quick slot 4,Controls menu,64,快捷欄位 4
Quick slot 5,Controls menu,64,快捷欄位 5
Quick slot 6,Controls menu,64,快捷欄位 6
Quick slot 7,Controls menu,64,快捷欄位 7
Quick slot 8,Controls menu,64,快捷欄位 8
Defaults,Controls menu,32,預設
scientiest's analyzer found in the forest,Item names or description,192,在森林中找到的科學家分析儀
scientiest's analyzer found in the makeshift camp,Item names or description,192,在臨時營地找到的科學家分析儀
Lost document found in the makeshift camp,Item names or description,192,在臨時營地找到的遺失檔案
Key used to enter the laboratory in the makeshift camp,Item names or description,192,用於進入臨時營地實驗室的門禁卡
Single use key used to open the locked room in the police station located in the village,Item names or description,192,一次性鑰匙，可打開位於村莊警局上鎖的房間
Key used to access the turbine room in the mall basement,Item names or description,192,用於進入商場地下機房的門禁卡
Immediate use of food and drink in the bunker without the animation,Item names or description,192,在地堡中顯示食物和飲料動畫
Lost backpack found in the makeshift camp,Item names or description,192,在臨時營地找到的失去背包
Key used to access the secret extraction point in the mall basement,Item names or description,192,用於進入商場地下祕密撤離點的鑰匙
scientiest's analyzer found in the industrial area,Item names or description,192,在工業區找到的科學家分析儀
Key used to access 2nd storage room of oil factory,Item names or description,192,用於進入石油工廠 2 號庫房的門禁卡
Lost document found in the industrial area,Item names or description,192,在工業區找到的遺失檔案
Key used to access the office room in the mall basement,Item names or description,192,用於進入商場地下室辦公室的鑰匙
Analyzer found near a big chemical anomaly,Item names or description,192,在大型化學異常附近找到的分析儀
Key used to access the turbine room of the oil factory,Item names or description,192,用於進入石油工廠機房的門禁卡
Documents found in the motel,Item names or description,192,在汽車旅館找到的檔案
Single use key used to enter the main room of the laboratory,Item names or description,192,用於進入實驗室主房間的一次性門禁卡
Take The Potion PR,Item names or description,192,Take the Potion PR
Key used to access the locked room in the tech store in the mall,Item names or description,192,用於進入商場數碼產品點上鎖房間的鑰匙
Time required for the overlay showing the statistics of an object to appear,Item names or description,192,顯示物品資訊面板所需的時間
Analyzer found near a medium fire anomaly,Item names or description,192,在中型火焰異常附近找到的分析儀
Single use key used to enter the supply room of the laboratory,Item names or description,192,用於進入實驗室庫房的單次使用鑰匙
The guy who saved me from that strange crystal left me this key. Maybe i should investigate more,Item names or description,192,救我脫離那個奇怪水晶的人留下了這把鑰匙。也許我應該進一步調查
scientiest's analyzer found in the mall,Item names or description,192,在商場找到的科學家分析儀
Single use key used to access the locked room in the gun store in the mall,Item names or description,192,用於進入商場槍店上鎖房間的一次性門禁卡
Analyzer found near a medium chemical anomaly,Item names or description,192,在中型化學異常附近找到的分析儀
Key used to access 1st storage room of oil factory,Item names or description,192,用於進入石油工廠1號庫房的鑰匙
Use this item to build lights,Item names or description,192,使用此物品設定燈光效果
Key used to access the locked room in svaruski store in the mall,Item names or description,192,用於進入商場 Skaruvksi 珠寶店上鎖房間的鑰匙
scientiest's analyzer found in the swamp,Item names or description,192,在沼澤找到的科學家分析儀
Use this item to increase your storage stashes by 1,Item names or description,192,使用此物品來使儲存空間 +1
Cooked pasta,Consumable,64,煮熟的義大利麵
Molbaro Cigarette,Consumable,64,萬寶路香菸
Stew with meat and bean,Consumable,64,肉豆燉菜
All NPC name will drop their armor. The durability of the armor depends on how many hits they took.,Difficulty menu tooltips,512,所有NPC都會掉落護甲，耐久取決於他們所受的傷害
Factor by which the value of an item is multiplied when selling it.\nExample: an item with a value of 100 Rubles will be bought for 100 and sold for 100 x Sell Multiplier,Difficulty menu tooltips,512,出售物品時價值所乘的倍率。\n例如：價值 100 盧布的物品，買入價爲 100 ，售出價爲[100x出售倍率]。
Factor that will be multiplied to the price of each service provided by NPC name in the bunker,Difficulty menu tooltips,512,地堡中NPC提供各項服務的費用
Factor that will be multiplied to the reputation obtained at the end of each Hunt.,Difficulty menu tooltips,512,狩獵結束時獲得的經驗值
Multiplication factor of the number of each individual item in a container.,Difficulty menu tooltips,512,容器中每項物品所包含的數量
Multiplication factor of the number of items contained in each container.,Difficulty menu tooltips,512,容器中物品總數
Multiplication factor of the number of money a trader has.,Difficulty menu tooltips,512,商人的盧布數量
Multiplier whereby all items sold by merchants are multiplied,Difficulty menu tooltips,512,商人的商品數量
Note: this value is applied only to the damage received by the player.,Difficulty menu tooltips,512,此設定僅適用於玩家所受傷害
Unused. NPC name will always drop armor,Difficulty menu tooltips,512,無效，NPC 總會掉落護甲
"Upon death, the save files related to the slot used will be deleted.\nNote: All crashes are not recognized as death, nevertheless the use of this setting is not recommended until the game is bug-free.",Difficulty menu tooltips,512,死亡時，相關的存檔將被刪除\n遊戲崩潰不會被視爲死亡
"Upon death, you lose all items that are not part of the categories above.",Difficulty menu tooltips,512,死亡時，你會失去所有不屬於上述類別的物品
"Upon death, you lose all the ammunition in your inventory.",Difficulty menu tooltips,512,死亡時，你會失去背包中的所有彈藥
"Upon death, you lose all the consumable items in your inventory.",Difficulty menu tooltips,512,死亡時，你會失去背包中的所有消耗品
"Upon death, you lose all the equipment you have worn.",Difficulty menu tooltips,512,死亡時，你會失去所有裝備
"Upon death, you lose all the keys in your inventory.",Difficulty menu tooltips,512,死亡時，你會失去背包中的所有鑰匙
"Upon death, you lose all the medication in your inventory.",Difficulty menu tooltips,512,死亡時，你會失去背包中的所有醫療用品
Duration,Inventory info,12,持續時間
Wound,Inventory info,12,傷口
Durability,Inventory info,12,耐久
Caliber,Inventory info,12,口徑
Accuracy,Inventory info,12,準確度
Fragility,Inventory info,12,易碎度
Mov. Speed,Inventory info,12,移動速度
Mazagine,Inventory info,12,彈匣
Radius,Inventory info,12,半徑
Throw Type,Inventory info,12,投擲
Type,Inventory info,12,類型
Damage,Inventory info,12,傷害
Weight,Inventory info,12,重量
Dur. Burn,Inventory info,12,耐久損耗
Fire Rate,Inventory info,12,射速
Penetration,Inventory info,12,穿透
Melee,Inventory info,12,近戰
Recoil,Inventory info,12,後座力
Class,Inventory info,32,等級
Reload Speed,Inventory info,24,換彈
Ergonomics,Inventory info,32,人體工學
Anomaly,Misc,32,異常
sell multiplier,Difficulty modifier names,72,賣出倍率
Amount of single item,Difficulty modifier names,72,單項物品數量
Minimun weapon durability,Difficulty modifier names,72,掉落武器最低耐久
maximun weapon durability,Difficulty modifier names,72,掉落武器最大耐久
NPC name drop armor,Difficulty modifier names,72,NPC 掉落護甲裝備
NPC ammo amount,Difficulty modifier names,72,NPC 彈藥數量
traders money,Difficulty modifier names,72,商人資金
price: weapon,Difficulty modifier names,72,武器價格
price: armor,Difficulty modifier names,72,護甲價格
price: backpack,Difficulty modifier names,72,背包價格
price: ammo,Difficulty modifier names,72,彈藥價格
price: medication,Difficulty modifier names,72,醫療用品價格
character health,Difficulty modifier names,72,角色生命值
Minimum transportable weight,Difficulty modifier names,72,負重上限
hunger/thirst decay rate,Difficulty modifier names,72,飢餓/口渴消耗
reputation multiplier,Difficulty modifier names,72,聲望倍率
skill experience multiplier,Difficulty modifier names,72,技能經驗值倍率
reputation from quests,Difficulty modifier names,72,任務聲望
roubles from quests,Difficulty modifier names,72,任務盧布
items from quests,Difficulty modifier names,72,任務物品
human health,Difficulty modifier names,72,人類生命值
human damage dealt,Difficulty modifier names,72,人類受到的傷害
mutant health,Difficulty modifier names,72,變異體生命值
mutant damage dealt,Difficulty modifier names,72,變異體受到的傷害
lose equipment,Difficulty modifier names,72,失去裝備
lose ammo,Difficulty modifier names,72,失去彈藥
lose medication,Difficulty modifier names,72,失去醫療用品
lose consumable,Difficulty modifier names,72,失去可消耗物品
lose other item,Difficulty modifier names,72,失去其他物品
The data collected is used to help the developer balance the game based on community statistics,Settings tooltips,512,收集的數據將用於幫助開發者基於社區統計進行遊戲平衡
Use this setting to adjust the volume of the geiger counter,Settings tooltips,512,蓋格計數器的音量
Low Spec Mode reduces the number of visual effects and particle effects,Settings tooltips,512,減少視覺效果和粒子效果
Flashbangs HUD effect is black instead of white,Settings tooltips,512,閃光彈效果爲黑色而非白色
This setting will take effect only from the next map generation.,Settings tooltips,512,此設定將在下次生成地圖時生效
Use this setting to adjust the volume of the heartbeat when health points are low,Settings tooltips,512,生命值較低時心跳的音量
Rookie Hunter,Stat experience names,64,新手獵人
Intermediate Hunter,Stat experience names,64,中級獵人
Skilled Hunter,Stat experience names,64,熟練獵人
Veteran Hunter,Stat experience names,64,資深獵人
Master Hunter,Stat experience names,64,大師獵人
Legend Hunter,Stat experience names,64,傳奇獵人
MAX Hunter,Stat experience names,64,終極獵人
Reloading!,Player text,32,換彈...
Development Team,Credits,64,開發團隊
Production babies,Credits,64,製作寶寶
Publishing,Credits,64,發行
Operations Director,Credits,64,營運總監
Producer,Credits,64,製作人
PR & Influencer Manager,Credits,64,公關與影響經理
Head of Community,Credits,64,社群主管
Marketing Manager,Credits,64,行銷經理
Community & Social Media Manager,Credits,64,社群與社群媒體經理
QA Manager,Credits,64,品質保證經理
CEO,Credits,64,執行長
Community & Player Experience Manager,Credits,64,社群與玩家體驗經理
Creative Director,Credits,64,創意總監
Production Director,Credits,64,製作總監
Head of Brand,Credits,64,品牌主管
Marketing Director,Credits,64,行銷總監
Creative Manager,Credits,64,創意經理
Senior Comms Manager,Credits,64,資深溝通經理
Associate Producer,Credits,64,助理製作人
Trailers By,Credits,64,預告片製作
Key Art By,Credits,64,主美術設計
QA Tester,Credits,64,品質保證測試員
Development Manager,Credits,64,開發經理
Senior QA Tester,Credits,64,高級品質保證測試員
QA Project Manager,Credits,64,品質保證項目經理
QA Team Lead,Credits,64,品質保證團隊負責人
QA Testers,Credits,64,品質保證測試員
Special Thanks,Credits,64,特別感謝
Discord moderation team,Credits,64,Discord管理團隊
Music by,Credits,64,音樂製作
Kickstarter,Credits,64,Kickstarter
I sincerely thank all 659 people who supported the project.,Credits,64,由衷感謝此項目的 659 名支持者
Special thanks go to SplatterCatGaming,Credits,64,特別感謝 SplatterCatGaming
Tier V - Master Hunters,Credits,64,五階 - 大師獵人
Tier IV - Expert Hunters,Credits,64,四階 - 專家獵人
Tier III - Specialist Hunters,Credits,64,三階 - 精英獵人
Tier II - Skilled Hunters,Credits,64,二階 - 熟練獵人
Tier I - Advanced Hunters,Credits,64,一階 - 高級獵人
Thank you for playing!,Credits,64,感謝遊玩！
PR Manager,Credits,64,公關經理
PR Exec,Credits,64,公關執行
Brand Manager,Credits,64,品牌經理
Compatible With,Weapons Mod UI,24,兼容
Stock,Weapons Mod UI,24,槍托
Barrel,Weapons Mod UI,24,槍管
Handguard,Weapons Mod UI,24,護木
Muzzle,Weapons Mod UI,24,槍口配件
Scope,Weapons Mod UI,24,瞄準鏡
Attachment 1,Weapons Mod UI,24,配件 1
Attachment 2,Weapons Mod UI,24,配件 2
Attachment 3,Weapons Mod UI,24,配件 3
Attachment 4,Weapons Mod UI,24,配件 4
Attachments,Weapons Mod UI,24,配件
Grip,Weapons Mod UI,24,握把
Capacity,Weapons Mod UI,24,彈匣容量
View Distance,Weapons Mod UI,24,視距
Mult. Range,Weapons Mod UI,24,射程倍率
Sort Price,Inventory Sorting UI,20,依價格排序
Sort Weight,Inventory Sorting UI,20,依重量排序
Sort Type,Inventory Sorting UI,20,依類型排序
Use,Item Context Usage,12,使用
Scrap,Item Context Usage,12,分解
Consume,Item Context Usage,12,使用
Unload,Item Context Usage,12,退出子彈
Needed X item to craft,Craftw item needed,64,需要[AMOUNT_REQUIRED]以製作[ITEM_NAME]
Needed X for quest,Quest item needed,64,需要[AMOUNT_REQUIRED]以完成「[QUEST_NAME]」
"You are stuck, hold [CTRL] and press [WASD] to move in that direction",Debug text,256,你被卡住了，按住[CTRL]以及[WASD]進行移動
Lose Progress and Exit,Exit pause menu,64,放棄進度並離開
small backpack,Item description,32,小背包
backpack,Item description,32,背包
Creates a soft light in the direction of the weapon,Item description,96,在武器彈道方向產生柔和的光
Creates a soft light in all directions,Item description,96,在所有方向產生柔和的光
Police's armor,Item description,64,警用護甲
Hunter's armor,Item description,64,獵人護甲
Explosive,Item description,32,爆炸物
Bolt Action,Item description,32,栓動
Flashbang,Item description,32,閃光彈
Place,In reference to the analyzer and placing it down,16,放置
NO STEAM,When Steam is not connected,16,未連接至Steam
NO CLOUD,When cloud saving is disabled,16,無雲存檔
TOTAL TIME,Map generation related,16,時長
sec.,"Item effect description, means seconds",12,秒
Place GPS,Player actions,16,放置 GPS
Place the GPS marker,Quest objective,40,放置 GPS
all weapons,Weapon attachment compatibility,20,所有武器
Enable Direct Input devices,Device menu inputs,96,啟用直連裝置
Enable gamepad devices,Device menu inputs,96,啟用遊戲手把裝置
Sub-Task,Sub quest UI,16,子任務
Extraction Point,Minimap UI,32,撤離點
Community Event,Settings menu,32,社區活動
Take part in community events!,Settings menu tooltip,64,參加社區活動！
"Hey Hunter, we'd like to track your progress as you scavenge and\nexplore what's left of the world. We use some in-game analytic tech to\ngather device and gameplay data to help us understand how you\nsurvive, progress and to improve the prospects for you and other\nHunters.\n\nGameAnalytics also like to track you and collect data to help them\nimprove their tech.\n\nIf you are OK with that, choose Accept & Play. If you're not, we won't\ntrack any of it. You can change your settings at any time in the Data\nmenu.\n\nSee you in the bunker!",Data analytics prompt for user,1024,嘿，獵人，我們希望在你搜尋、\n探索世界時跟蹤你的進度。我們使用遊戲內置的分析技術\n來收集裝置和遊戲數據，以便了解你的求生方法、\n進展並改善你\n和其他獵人日後的旅途。\n\nGameAnalytics 也希望跟蹤你的進度並收集數據\n來改進技術。\n\n如果同意，請選擇「接受並遊玩」。\n如果不同意，我們將不會跟進任何內容。你可以隨時\n在數據選單中更改設定。\n\n我們地堡見！
"Ok Soldier! Some of my trusted men were part of a convoy that was carrying equipment.\nThey were ambushed in the swamp and from the last radio contact it seems to have been the Crimson Corporation, which is very strange since very few people knew about this convoy...\nHopefully they are just bandits otherwise I have to consider the idea that there is a spy in our ranks...\nGo to the swamp, find the convoy and see what you can find out.",Quest text,1024,士兵，我們運送裝備的車隊在沼澤遭到了伏擊！根據最後的無線電訊息判斷，很可能是深紅公司乾的。\n這非常奇怪，因爲只有我的幾個親信知曉車隊的存在。\n希望襲擊者只是一幫遊蕩的強盜，否則我必須考慮我們的隊伍中出現間諜的可能...\n去沼澤看看能發現什麼。
"Thanks to the retaliation we now have some time to build an outpost in the makeshift camp.,Your orders are to go to the industrial area and find a bag of cement.\nI think you can find one in the port area, where all those disused concrete blocks are.",Quest text,1024,多虧了這次報復行動，我們現在有時間在臨時營地建立前哨站了。你的任務是去工業區搞些水泥。\n你應該在港口西側入口附近的混凝土方里找找。
"After the recent events at the Mall, the Green Army requested many reinforcements in the field.\nWe are prepared for this...\nYou must eliminate all Green Army captains, there is one on each map.\nGood luck Hunter! You'll need it...",Quest text,1024,在商場與我們發生一系列衝突後，綠軍向各個地區都派出了增援小隊。\n我們對此早有預料...\n立刻開始斬首行動，獵人。我發自內心地祝你好運，因爲這次你真的需要它.\n..
"Ah poor man... So when you arrived he was still alive and reported that the Green Army is heading toward the mall?\nThey probably want to build a base there.\nOk Hunter! We must have eyes inside the mall.\nKeep these transmitters, you'll have to place them in three different locations. The first two are inside the mall, near the main entrance and the east entrance. Near these entrances there are monitoring rooms, you have to place the transmitters on those monitors.\nThe third location is in the underground parking lot, in the central area. There should be a monitoring room there as well.\nGood luck!",Quest text,1024,哦，可憐的傢伙...所以你到的時候他還活着，並且報告說綠軍正前往商場？他們很可能要在那裏建立新的前哨站。\n好了，獵人！我們必須把商場也納入掌控。\n拿上這些信號發射器，把它們放置在商場的三個監控室裏。前兩個監控室在商場內部，分別鄰近正門和東門。第三個在地下停車場的中央。\n祝你好運！
"Soldier!\nMy men have reported a large amount of Crimson Corporation soldiers present everywhere. There are Crimson Captains in the field, one on each map. Your task will be to eliminate them.\nGet ready Soldier... It will be a bloodbath...",Quest text,1024,士兵！\n我的人報告說深紅公司已經傾巢出動，各個地區都有他們的小隊！\n做好準備，士兵，這是一場戰爭...
"Good job Hunter! Now my men will take care of cleaning up the place and make it our outpost.\nIn the meantime you can take care of another matter. It seems that the Green Army has discovered the CCTV camera you planted in their bunker area.\nThey have begun to scour their soldiers and I think they have discovered one of our spies working in their ranks.\nThe last known location is in the swamp, go there and see if you can find it before the Green Army.",Quest text,1024,幹得好，獵人！我會派人接管和改造這個前哨站，而你有另一個任務。\n綠軍發現了你在他們地堡區放置的攝像頭，已經開始了清洗行動。\n我們的一個間諜暴露了。\n他最後的蹤跡在沼澤，希望你能趕在綠軍之前找到他。
"Well done soldier!\nNow you have to deal with that bastard. His name is Ermolai Vlasov, he has been a Green Army recruit for a few weeks.\nI must say the son of a bitch did well, it's not easy to fool me.\nMy men spotted him but he managed to escape, now he is near the makeshift camp.\nKilling on sight soldier, no mercy. Once eliminated take his dogtag too, let's prepare a gift for Reynard...",Quest text,1024,幹得好，士兵！\n現在該對付那隻老鼠了。他叫埃爾莫萊·弗拉索夫，幾周前加入綠軍。\n我必須承認這狗孃養的有點東西，要騙過我可真不簡單。\n我的人發現了他，但被他逃掉了。他現在在臨時營地。\n格殺勿論，士兵。記得把狗牌帶回來，我們給雷納德準備一份大禮...
"OK Soldier! The outpost is almost ready.\nA trusted man of mine is leading operations at the outpost, and I know that the Crimson Corporation is about to eliminate him.\nWhat you need to do is to eliminate the Crimson Corporation assassins present inside the mall. From my information there should be three of them.\nThe first one should be inside the LIO-JU clothing store.\nThe second in the area where the Abibas shoe store and the Tools store are.\nThe third in the TECH Store, next to the GUNS Store.\nGood luck soldier, do a clean job.",Quest text,1024,很好，士兵！前哨站差不多建好了。\n我已經派人到那裏接手指揮，但深紅公司可不會坐視。\n你的任務是擊殺深紅公司派來商場的殺手。根據情報，他們一個在 Lio-ju 服裝店，一個在 Abibas 鞋店和工具店附近，還有一個在數碼產品店。\n士兵，做得乾淨點。
It's time to see what's left in the GUNS store in the mall. Go there and look for a crate with equipment.\nMaybe we can get some new equipment,Quest text,1024,是時候看看商場的槍店裏還剩些什麼了。\n去那裏找一個裝備箱。也許我們可以搞到些新傢伙。
Nice Work Hunter!\nNow it is only a matter of time before we receive information about their movements. Your next task is to eliminate some Green Army sergeants.\nThey will definitely be replaced but this will create some disorganization in their ranks and we will have some time for our operations.,Quest text,1024,幹得好，獵人！\n現在他們的一舉一動都在我們的掌控之下。\n下一個任務的目標是擊殺幾個綠軍士官。\n這不足以讓他們傷筋動骨，但引起的混亂將爲我們爭取行動的時間。
"We know that the Green Army is building a new outpost in the makeshift camp but at the moment we do not know the exact location.\nI'm asking you to go out on scout, find the outpost, and place a GPS signal.\nFor now there shouldn't be many Green Army soldiers yet so you should make it on your own.",Quest text,1024,我們得知綠軍正在臨時營地建立新的前哨站。\n我需要你去偵察一下，找到前哨站的確切位置，放置 GPS 定位器。\n現在他們抽調不出多少人手，你可以輕鬆完成任務。
"Good job on that spy, Soldier!\nNow we can get on with the next move, go recon inside the mall and look for a fairly empty place that can become our outpost on the spot.\nFrom the mall map, it looks like the area south of the loading/unloading area of the supermarket is empty.\nGo there and see if it is still like that.",Quest text,1024,間諜問題處理得不錯！\n接下來我們可以開展下一步行動了。去商場內部偵察一下，找個相對空曠、能直接改造成前哨站的地方。\n從地圖上看，超市裝卸區南邊似乎是空的。\n去確認下現在還是不是那樣。
"The Crimson corporation attacked the outpost we were building, by now I know for a fact that there is a spy and fortunately I sent more men than they needed and because of that they were able to repel the attack.\nSurely that filthy rat must have put some CCTV cameras here in the bunker, see if you can find some.",Quest text,1024,深紅公司襲擊了我們在建的前哨站，這證實了間諜的存在。還好我加派了人手，他們這次行動徒勞無功。\n那隻骯髒的老鼠肯定在地堡裏放置了攝像頭，你得把它們都找出來。
"Okay soldier! The location you found should work well.\nYour next goals are to find a generator inside the mall and trucks.\nI think you can find the generator in the northeast area inside the mall.\nMeanwhile, there should be many trucks in the underground parking lot in the north area where the back exit is.\nOnce you find them, place GPS markers, my men will take care of the rest.",Quest text,1024,幹得好，士兵！你找的地方很不錯。\n下一個任務的目標是尋找卡車和發電動馬達。\n從後門前往地下停車場，那裏應該有許多卡車。\n發電動馬達在商場內部東北角。\n放置好 GPS 定位器，我的人會搞定其他事項。
"Good job Hunter!\nWe are already getting the first pictures, it looks like the Green Army is setting up near the shoe store located on the west side of the Mall.\nThey have tampered with the mall cameras in that area so we are blind.\nGo there and place a CCTV camera inside the shoe store so we can see their movements.",Quest text,1024,幹得好，獵人！\n我們得到了一張照片，綠軍正駐紮在商場的Keri鞋店附近。\n他們對商場的監控做了手腳，我們必須在鞋店裏放置攝像頭，這樣才能掌握他們的一舉一動。
"Damn!\nThen it is very likely that there is a spy among my men, I will see what I can find out.\nIn the meantime, we are planning a retaliation against the Crimson Corporation.\nDo your part soldier, you must eliminate some targets.",Quest text,1024,該死！\n我們的隊伍中肯定有間諜！\n我會發起一次清洗，同時我們必須對深紅公司進行報復。\n士兵，履行你的職責，給他們點顏色瞧瞧！
"There is movement at the new Green Army base in the mall.\nIt seems that a Green Army sergeant has arrived on site to coordinate operations.\nTry to eliminate him Hunter, if you do we may take control of that area",Quest text,1024,商場裏的綠軍新基地有動靜。\n似乎有名綠軍士官已抵達現場協調行動。\n試着除掉他，獵人。這事辦成之後，我們就能控制這個地區了。
"Hey Hunter!\nThanks again for clearing the harbor!\nIf you want a job I have one for you, one of the convoys that was carrying supplies is delayed.\nThe last known location is in the forest, go there and find out what's going on.",Quest text,1024,嘿，獵人！\n再次感謝你肅清了港口！\n我碰到了一些麻煩。一個運送物資的車隊沒有按時抵達。\n最後的蹤跡在森林裏。去看看發生了什麼。
"Damn it! Was it the bandits then?\nI'm not surprised, they are creating quite a few problems for our supplies.\nHelp us to fix the situation Hunter, clear out the bandits.",Quest text,1024,又是該死的匪幫？\n意料之中，那幫傢伙一直在襲擾我們的補給線。\n搞定他們，獵人。
"Were they all torn apart then?\nMost likely it was a Big, another team just spotted one in the swamp.\nI don't want to risk any more men, so the job is yours Hunter.",Quest text,1024,他們被撕碎了？\n很可能是「大塊頭」！另一支小隊剛剛報告在沼澤發現了蹤跡。\n我不想讓我的人再冒險了，所以這個任務交給你，獵人。
"While disembarking at the industrial area port, my men forgot a briefcase with electronic components in it.\nDamned recruits, in such an emergency situation the Crimson Corporation sent infants.\nGo there and retrieve it Hunter, it should be in the southeastern part of the harbor.",Quest text,1024,在工業區的港口登陸時，我的人落下了一個裝有電子元件的公事包。\n該死的新兵蛋子！\n去把它取回來，獵人。它應該在港口的東南角。
"Mmm... Okay it seems that Hunter had found the documents but then he ran into Lazar, the bandit leader in the forest village.\nI'm sure he still has the documents; he must have hidden them somewhere inside the police station.\nGo there and look for them....\nOh and while you're at it, kill Lazar too. This is not the first time he has interfered with our operations",Quest text,1024,嗯...那個獵人似乎找到了一份什麼檔案，但不幸地撞見了拉扎爾，佔據了森林村莊的匪幫頭目。\n他一定把檔案藏在警局裏了。\n去把它取回來...\n哦，順便把拉扎爾也殺了。這不是他第一次干擾我們的行動了。
"I sent some of my men to clear out the entrance to the motel. There seems to be a ghoul infestation in the parking lot. Our goal is to eliminate it and retrieve some documents from a soldier who died long ago, when the makeshift camp was still inhabited and we didn't know that radiation could spread that far.\nHe was one of my advisers, his name was Yuli Antonov.\nHis body should be in one of the motel rooms.\nIt will be some time before we intervene so the job is yours if you are interested, Hunter",Quest text,1024,我派人清理了汽車旅館的入口，不過停車場裏似乎還有一處感染源。任務目標是將其清除，並進入旅館，從一位已經犧牲的同志身上取回一份檔案。尤利·安東諾夫，我的參謀之一，當時駐紮在臨時營地。\n我們沒想到輻射會擴散那麼遠。\n他的屍體應該在汽車旅館最裏面的房間裏。\n我們目前抽調不出人手，所以你有興趣的話，這活就歸你了，獵人。
"I have an easy job if you're interested, it's about scouting.\nYou need to head into the makeshift camp and find the old motel, check for any threats.",Quest text,1024,有個簡單的活。\n去臨時營地的汽車旅館，確認一下那裏是否有什麼危險。
"\nA Hunter was working for us near the forest. He hasn't been heard from for more than 24 hours now; I think he's dead by now.\nHis job was to find out what happened to the documents we were transporting to the bunker.\nHis last known location was in the forest village in the northern area.\nSearch for his body and bring back what you find, let's see if he discovered anything before he died.",Quest text,1024,在森林地區，有一個獵人爲我們工作。上一次聯絡時，他說自己躲在村莊北邊的那排院子裏，但他已經超過24小時沒有傳來消息了，我想他可能遭遇了不測。\n去找到他，把與他有關的一切都帶回來，讓我們看看他是否發現了什麼。
"Damn!\nOne of our scout teams has just been attacked by something in the swamp, these are their last coordinates.\nHurry up Hunter!\nMaybe someone is still alive...",Quest text,1024,該死！\n我們的偵察小隊在沼澤被襲擊了！這是他們最後的座標。\n快去，獵人！\n也許還有倖存者...
"The Barman told me about you; you seem to have potential.\nThe sawmill in the forest is occupied by bandits, inside there is a safe, we believe it contains important information for us.\nI need you to head there and bring back the contents of the safe.\nI think you can find the location of the sawmill easily in your map, it is a paved area.\nWhat information does the safe contain you say?\nIt's none of your business Hunter, learn to stand your ground and follow orders.",Quest text,1024,酒保跟我說起過你，你很有潛力。\n森林地區的匪幫佔據了鋸木廠，我要你去那裏把保險箱裏的東西帶回來。地圖上的大片平整區域就是鋸木廠，很容易找到。\n保險箱裏裝的是什麼？這不關你的事，獵人。搞清楚你的身份，執行命令！
Close the valve,Player prompt,32,關閉閥門
Cannot upgrade storage while stash is open!,User Interface Popup,160,查看儲藏時無法升級儲藏模組！
I have already given you the equipment.,NPC dialogue,512,我已經給過你了。
Come back next time.,NPC dialogue,512,下次再來。
Find the Green Army convoy,Quest objectives,128,尋找綠軍車隊
Find and remove the CCTV number 1,Quest objectives,256,尋找並拆除 1 號監控攝像頭
Find and remove the CCTV number 2,Quest objectives,256,尋找並拆除 2 號監控攝像頭
Find and remove the CCTV number 3,Quest objectives,256,尋找並拆除 3 號監控攝像頭
Locate the empty room,Quest objectives,256,找到空房間
Place GPS on the generator,Quest objectives,256,在發電動馬達上放置 GPS
Place GPS near the trucks,Quest objectives,256,在卡車旁放置 GPS
Destroy the infestation 1,Quest objectives,256,清除 1 號感染源
Destroy the infestation 2,Quest objectives,256,清除 2 號感染源
Destroy the infestation 3,Quest objectives,256,清除 3 號感染源
Close the control valve in the sewer,Quest objectives,256,關閉下水道控制閥門
Find the crash site,Quest objectives,256,找到墜機地點
Locate the Woody pub,Quest objectives,256,定位 Woody 酒吧
Locate abibas shop,Quest objectives,256,定位 Abibas 鞋店
Locate Lio-ju shop,Quest objectives,256,定位 Lio-ju 服裝店
Locate the pharmacy,Quest objectives,256,定位藥店
Locate Skaruvksi shop,Quest objectives,256,定位 Skaruvksi 珠寶店
You have already joined the Crimson Corporation,User Interface Popup,128,你已加入深紅公司
Minimum required reputation,User Interface Popup (followed by reputation value),128,所需聲望
You've enlisted with the Green Army,User Interface Popup,128,你已加入綠軍
Eliminate Orel,Quest objectives,256,擊殺奧廖爾
Find the lost convoy,Quest objectives,256,尋找失蹤車隊
Find the outpost and place the GPS,Quest objectives,256,尋找前哨站並放置 GPS
Find the Spy,Quest objectives,256,尋找間諜
Place the transmitter in the location 1,Quest objectives,256,在1號地點放置信號發射器
Place the transmitter in the location 2,Quest objectives,256,在2號地點放置信號發射器
Place the transmitter in the location 3,Quest objectives,256,在3號地點放置信號發射器
Eliminate Sergeant Desya Popo,Quest objectives,256,擊殺中士 德西亞·波波
"There is movement at the new Green Army base in the mall.\nIt seems that a Green Army sergeant has arrived on site to coordinate operations.\nTry to eliminate him Hunter, if you do we may take control of that area.",Quest description,1024,綠軍在商場的新前哨站有動靜。\n似乎來了一名士官負責那裏的指揮工作。\n去把他擊殺，獵人，然後我們可以試着奪取那裏的控制權。
Eliminate the Captain in the Forest,Quest objectives,256,擊殺森林的小隊隊長
Eliminate the Captain in the Makeshift Camp,Quest objectives,256,擊殺臨時營地的小隊隊長
Eliminate the Captain in the Industrial Area,Quest objectives,256,擊殺工業區的小隊隊長
Eliminate the Captain in the Mall,Quest objectives,256,擊殺商場的小隊隊長
Eliminate the Captain in the Swamp,Quest objectives,256,擊殺沼澤的小隊隊長
Find the entrance of the Motel,Quest objectives,256,尋找汽車旅館入口
Crimson Corp. Soldier,Quest objectives (a person to eliminate),256,深紅公司士兵
Kill the Crimson Assassin 1,Quest objectives,256,擊殺深紅公司 1 號殺手
Kill the Crimson Assassin 2,Quest objectives,256,擊殺深紅公司 2 號殺手
Kill the Crimson Assassin 3,Quest objectives,256,擊殺深紅公司 3 號殺手
Eliminate the infestation,Quest objectives,256,清除感染源
Green army sergeant,Quest objectives,256,綠軍中士
Kill Bogdanov,Quest objectives,256,擊殺波格丹諾夫
Speed Reload not allowed with this magazine type.,User Interface Popup,128,這把武器的彈匣類型無法快速換彈
Gun skills can only be freely changed in the Bunker.,User Interface Popup,128,只能在地堡中更改槍械技能
Improved x rank,User Interface Popup (will become Improved sniper rank or Improved pistol rank),128,[TYPE]等級提升
Close Quarters Training,Gun Skill Name,64,近戰訓練
Minimum effective range of this weapon is reduced by 40%.,Gun Skill Description,512,這類武器最小有效射程 -40%
Reload Artist: Scopes,Gun Skill Name,64,裝填藝術：瞄準鏡
Allows you to remain zoomed-in while reloading this weapon when scoped.,Gun Skill Description,512,換彈時可保持開鏡狀態
Reload Artist: Speed Reload,Gun Skill Name,64,裝填藝術：快速換彈
"Double-press the reload button to speed up the reload process of magazine-fed weapons, but any ammunition already in the magazine will be lost.",Gun Skill Description,512,雙擊換彈按鍵以快速更換彈匣，失去彈匣中的彈藥
Run and Gun,Gun Skill Name,64,奔跑射擊
You can now shoot this weapon while sprinting.,Gun Skill Description,512,在奔跑時可使用這類武器射擊
Marksman Awareness,Gun Skill Name,64,目光如炬
"When using this weapon while scoped, you will be able to partially see the area beyond the reticle interface, while the cross-hair will also be instantly visible.",Gun Skill Description,512,使用這類武器瞄準時，準星立即可見，並獲得額外開鏡視野
Fast Focus,Gun Skill Name,64,快速瞄準
Hover over the target with the cursor to make the cross-hair shrink more quickly.,Gun Skill Description,512,準星懸停在目標上時加速縮小
Switching to this type of weapon is 50% faster.,Gun Skill Description,512,切換到這類武器的速度 +50%
Penetrating Shot,Gun Skill Name,64,穿透射擊
A killing shot will result in the bullet continuing on its path to hit a target behind the first.,Gun Skill Description,512,子彈穿透第一個目標
Empowered Backup,Gun Skill Name,64,後備火力
"For 2.5 seconds after swapping to this weapon, all shots will have 15% increased damage.",Gun Skill Description,512,在切換到這類武器後的 2.5 秒內傷害 +15%
First Bullet,Gun Skill Name,64,強力首發
The first bullet of each magazine deals 30% more damage.,Gun Skill Description,512,每個彈匣的第一發子彈傷害 +30%
Impaler shot,Gun Skill Name,64,阻滯射擊
Hitting an enemy will decrease its speed by 30% for 1 second.,Gun Skill Description,512,被擊中的目標在1秒內移動速度 -30%
Prolonged Vision,Gun Skill Name,64,行動預測
When you hit a target they will remain visible for 2 seconds when going out of sight.,Gun Skill Description,512,被擊中的目標在離開視野後的 2 秒內保持可見
Killer Reload,Gun Skill Name,64,殺意不息
Increase reload speed by 20% for 1.5 seconds after killing an enemy.,Gun Skill Description,512,在擊殺目標後的 1.5 秒內換彈速度 +20%
Vital Shooting,Gun Skill Name,64,一發入魂
"By hovering over a target with your cursor for a short time before shooting, the shot will ignore some of its armor.",Gun Skill Description,512,準星短時間懸停在目標上後，射擊無視部分護甲
Improvised Sniper,Gun Skill Name,64,即興狙擊
Hovering over the target with the cursor for 1 second will increase the maximum effective range of the weapon for that shot.,Gun Skill Description,512,用準星懸停目標 1 秒會讓該發射擊的最大有效射程增加。
Shotgun Master,Gun Skill Name,64,霰彈槍精通
If using Slug ammunition the maximum effective range is increased.,Gun Skill Description,512,使用獨頭彈時最大有效射程增加。
Phantom Bullets,Gun Skill Name,64,「幻影」子彈
"When shooting Automatic weapons for at least 0.3 seconds, you can continue shooting for a short time even after the magazine is empty.",Gun Skill Description,512,持續射擊 0.3 秒以上，在彈匣清空後的短時間內可繼續射擊
Crosshair Myopia,Gun Skill Name,64,準星調校
Increases the radius of the circle in which the cursor must stay to avoid glancing shots.,Gun Skill Description,512,擴大準星的命中判定範圍，減少跳彈
Emergency Sprint,Gun Skill Name,64,緊急衝刺
"After switching to this weapon, your movement speed will increase by 20% for 3 seconds.",Gun Skill Description,512,在切換到這類武器後的3秒內移動速度 +20%
Armor? No Problem,Gun Skill Name,64,無視護甲
All shots have an additional 20% chance to penetrate armor.,Gun Skill Description,512,彈丸穿透護甲機率 +20%
Suppressive Fire,Gun Skill Name,64,壓制射擊
Provides a 15% damage boost to weapons while firing continuously for 0.5 seconds.,Gun Skill Description,512,持續射擊 0.5 秒以上，傷害 +15%
Flank Master,Gun Skill Name,64,側翼大師
"If you are undetected, or not in the viewing cone of an enemy, you will receive a 15% damage boost.",Gun Skill Description,512,未被發現或不在敵人視野範圍內，傷害 +15%
Steady Sniper,Gun Skill Name,64,穩定狙擊
"After hitting an enemy while scoped, the optic cross-hair will have double the Ergonomics statistic for 2 seconds.",Gun Skill Description,512,在開鏡狀態下命中目標後的2秒內，準星拖動的人體工學功效 +100%
Reload Artist: Double barrel,Gun Skill Name,64,雙管齊下
Allows double-barreled shotguns to be reloaded in one go by inserting both shells at once.,Gun Skill Description,512,雙管霰彈槍可一次性裝填兩發子彈
Perk Points,User Interface,24,技能點
Hey! I want to talk to you.,First Time User Experience UI,256,嘿！我想跟你談談！
I still have tasks for you!,First Time User Experience UI,256,我有任務要交給你！
Have you spoken to the Barman yet?,First Time User Experience UI,256,你跟酒保談過了嗎？
If you want to live... you should equip a gun.,First Time User Experience UI,256,如果你想活着回來...最好帶把槍出門。
Talk to me if you want to leave.,First Time User Experience UI,256,想離開地堡的話就告訴我。
"Unlucky, Hunter. Let's try again.",First Time User Experience UI,256,不走運啊獵人，再試一次吧。
I should talk to the Barman.,First Time User Experience UI,256,我應該去找酒保談談。
I think the Bunker exit is to the south.,First Time User Experience UI,256,去地堡出口得往南走。
I should equip my gun.,First Time User Experience UI,256,我得拿上我的槍。
I should reload my gun.,First Time User Experience UI,256,我需要裝填子彈。
I have a gun in my Inventory.,First Time User Experience UI,256,我帶着一把槍呢。
I still have no bullets in my gun.,First Time User Experience UI,256,我的槍裏沒子彈。
I really should be holding my gun.,First Time User Experience UI,256,我真該拿上我的槍。
I have to reload my gun.,First Time User Experience UI,256,我必須往我的槍裏塞點什麼。
I should turn in my quest at the Barman.,First Time User Experience UI,256,我應該去酒保那裏交任務。
I should find a Doctor.,First Time User Experience UI,256,我應該去找醫生。
I should store my stuff in the Stash.,First Time User Experience UI,256,我應該把東西放進儲存箱裏。
Sort Quantity,Dropdown option to change order of items.,64,按數量
DMR,Weapon Skills UI - A Weapon Type,32,精確射手步槍
Scope Drag Reduction,Weapon Skills UI - A Weapon Type,64,開鏡阻滯減少
Scope Extra Damage,Weapon Skills UI - A Weapon Type,64,開鏡額外傷害
Scope View Speed,Weapon Skills UI - A Weapon Type,64,開鏡速度
Scope Initial Drag,Weapon Skills UI - A Weapon Type,64,初始開鏡阻滯
Min Range,Weapon Skills UI - A Weapon Type,64,最小有效射程
Max Range,Weapon Skills UI - A Weapon Type,64,最大有效射程
Recover From Cursor Movement,Weapon Skills UI - A Weapon Type,64,準星移動恢復
Hit an enemy will decrease its speed by 30% for 2 seconds.,Gun Skill Description,512,被擊中的目標在2秒內移動速度 -30%
Huff... this is heavy!!,Dialogue,256,呼...好沉！！
I will move slower when carrying too much.,Dialogue,256,我背了太多東西，走不動了。
* Wheeze! *,Dialogue,256,*大口喘息*
I’m carrying a lot and will use more energy,Dialogue,256,我背了太多東西，這會快速消耗精力。
Aargh! Blood!,Dialogue,256,啊啊！血！
I'm Bleeding!!,Dialogue,256,我在出血！
I need to bandage myself.,Dialogue,256,我需要繃帶！
Hunters,"Refers to any other hunter in the game, generic",16,獵人
Enable gamepad rumble,Settings Option,64,啟用遊戲手把振動
Enable the haptic vibrations when using gamepads,Settings Description,256,使用遊戲手把時啟用振動功能
Daily Quests Completed,Stats,48,已完成日常任務
Total Items Repaired,Stats,48,已修理物品數
Total Trades,Stats,48,總交易次數
Quests Completed,Stats,48,已完成任務
Pistol kills,Stats,48,手槍擊殺
SMG kills,Stats,48,衝鋒槍擊殺
Shotgun kills,Stats,48,散彈槍擊殺
Rifle kills,Stats,48,步槍擊殺
DMR kills,Stats,48,精確射手步槍擊殺
Sniper kills,Stats,48,狙擊槍擊殺
Pistol exp,Stats - Experience,48,手槍經驗值
SMG exp,Stats - Experience,48,衝鋒槍經驗值
Shotgun exp,Stats - Experience,48,散彈槍經驗值
Rifle exp,Stats - Experience,48,步槍經驗值
DMR exp,Stats - Experience,48,精確射手步槍經驗值
Sniper exp,Stats - Experience,48,狙擊槍經驗值
First Blood,Achievement Name,48,第一滴血
Welcome to ZERO Sievert,Achievement Name,48,歡迎來到零希沃特
Die Trying,Achievement Name,48,視死如歸
Blacksmith,Achievement Name,48,工匠學徒
Gun for Hire,Achievement Name,48,賞金獵人
Pest Control,Achievement Name,48,害獸防治
Handyman,Achievement Name,48,能工巧匠
Headhunter,Achievement Name,48,無情獵手
A Big Win,Achievement Name,48,大獲全勝
Welcome To Zakov City,Achievement Name,48,歡迎來到扎科夫
All Aboard!,Achievement Name,48,上車！
Last Orders,Achievement Name,48,最後一次點酒
Down with the Sickness,Achievement Name,48,切爾諾貝利人
Done Deal,Achievement Name,48,成交
Ghoulbusters,Achievement Name,48,食屍鬼剋星
Lost in the Woods,Achievement Name,48,迷失森林
Can I Speak to the Manager?,Achievement Name,48,「你給我滾出商場！」
Camper Eliminated,Achievement Name,48,營地鬼影
Finder Keepers,Achievement Name,48,見者有份
Eye for an Eye,Achievement Name,48,以眼還眼
Nothing but Junk,Achievement Name,48,猛攻
Iron Man,Achievement Name,48,鐵人
Cannibal,Achievement Name,48,舔舐傷口
Best Friends,Achievement Name,48,可靠同志
Heavy Pockets,Achievement Name,48,腰纏萬貫
Rock Bottom,Achievement Name,48,一貧如洗
Aliens Exist,Achievement Name,48,有外星人！
Man about Town,Achievement Name,48,八面玲瓏
Milkrun,Achievement Name,48,滿載牛奶
Maxed out: Pistol,Achievement Name,48,登峯造極：手槍
Maxed out: SMG,Achievement Name,48,登峯造極：衝鋒槍
Maxed out: Shotgun,Achievement Name,48,登峯造極：霰彈槍
Maxed out: Rifle,Achievement Name,48,登峯造極：步槍
Maxed out: DMR,Achievement Name,48,登峯造極：精確射手步槍
Maxed out: Sniper,Achievement Name,48,登峯造極：狙擊槍
Defeat your first enemy,Achievement Description,256,首次擊殺敵人
Die for the first time,Achievement Description,256,首次死亡
Die 100 times,Achievement Description,256,死亡 100 次
Craft your first item,Achievement Description,256,首次製作物品
Complete 10 quests,Achievement Description,256,完成 10 個任務
Open 50 containers,Achievement Description,256,打開 50 個容器
Kill 50 animals,Achievement Description,256,擊殺 50 隻動物
Repair 50 items (armour or weapons),Achievement Description,256,修理 50 件裝備
Defeat 1000 enemies,Achievement Description,256,擊殺 1000 名敵人
Defeat a big for the first time,Achievement Description,256,首次擊殺「大塊頭」
Enter the city map,Achievement Description,256,進入扎科夫市
Board the train 100 times,Achievement Description,256,搭乘列車 100 次
Complete all of the Barman’s quests,Achievement Description,256,完成酒保的所有任務
Complete the quest ‘Radiation Effect’,Achievement Description,256,完成任務「輻射效果」
Complete 50 trades,Achievement Description,256,完成 50 次交易
Defeat 100 ghouls,Achievement Description,256,擊殺 100 隻食屍鬼
Defeat Lazar in the forest zone,Achievement Description,256,擊殺位於森林的拉扎爾
"Defeat Kibba, the boss of the mall",Achievement Description,256,擊殺位於商場的基巴
Defeat Arman in the makeshift camp,Achievement Description,256,擊殺位於臨時營地的阿爾曼
Loot from 10 Hidden Stashes,Achievement Description,256,搜刮 10 個隱藏儲藏
Complete Igor's questline,Achievement Description,256,完成伊戈爾的任務線
Litter the ground with 1000 bullets in one raid,Achievement Description,256,在單次行動中消耗 1000 發彈藥
Complete the game with permadeath enabled,Achievement Description,256,啟用永久死亡並通關
[Heal bleed]/[Heal HP] at 10HP or less,Achievement Description,256,在生命值不超過 10 時使用醫療用品
Reach maximum relationship with any faction,Achievement Description,256,在任意陣營中達到最高聲望
Hold 1 million Roubles at once,Achievement Description,256,持有 100 萬盧布
Hold less than 10 Roubles at once,Achievement Description,256,持有少於 10 盧布
Kill 182 Blinks,Achievement Description,256,擊殺 182 隻「閃爍」
Complete 5 daily quests,Achievement Description,256,完成5個日常任務
Fill your inventory with milk,Achievement Description,256,用牛奶填滿物品欄
Reach maximum level for pistols,Achievement Description,256,手槍技能達到等級上限
Reach maximum level for SMGs,Achievement Description,256,衝鋒槍技能達到等級上限
Reach maximum level for shotguns,Achievement Description,256,霰彈槍技能達到等級上限
Reach maximum level for rifles,Achievement Description,256,步槍技能達到等級上限
Reach maximum level for DMR,Achievement Description,256,精確射手步槍技能達到等級上限
Reach maximum level for sniper,Achievement Description,256,狙擊槍技能達到等級上限
Reached max x rank,User Interface Popup (will become Reached max sniper rank or Reached max pistol rank),128,[TYPE]技能達到等級上限
Only available from the main menu.,User Interface Popup used in reference to the language menu being disabled,128,只能在主選單設定
Rotate,This is a control (to rotate an item),64,旋轉
Quick move,This is a control (to quickly move an item),64,快速移動
Split stack,This is a control (to split a stack of items in half),64,分開
Eliminate Lazar,Quest objective,64,擊殺拉扎爾
Hey soldier!\nNow that we have access to Zakov it is time to establish a camp there. There should be a construction zone in the southeast part of town. Find the site and place a GPS marker in the center of the site.\nYour comrades will then take care of building the encampment.\nNow go!,Quest text,1024,嘿，士兵！\n我們終於打通了進入扎科夫的路，是時候在那裏建立營地了。城市東南有片工地，在中央放置一個 GPS 定位器，之後你就不用操心了。\n去吧！
Hey Hunter!\nNow that we have access to Zakov it is time to establish a camp there.\nThere should be a construction zone in the southeast part of town. Find the site and place a GPS marker in the center of the site.\nMy men will then take care of building the encampment.\nGood luck Hunter!,Quest text,1024,嘿，獵人！\n我們終於打通了進入扎科夫的路，是時候在那裏建立營地了。城市東南有片工地，在中央放置一個 GPS 定位器，之後你就不用操心了。\n祝你好運，獵人！
Place the GPS marker in the contruction area in Zakov.,Quest objectives,64,在扎科夫的工地放置 GPS
"Hey soldier!\nNow that we've established an encampment, it's time to proceed with some missions. There are some classified douments in the police station.\nFind them and bring them back soldier.",Quest descriptions,1024,嘿，士兵！\n營地已經完工了，有新任務給你。\n警局裏有些機密檔案，去把它們取回來。
"Hey Hunter!\nNow that we've established an encampment, it's time to proceed with some missions. There are some classified douments in the fire station.\nFind them and bring them back Hunter.",Quest descriptions,1024,嘿，獵人！\n營地已經完工了，有新任務給你。\n消防局裏有些機密檔案，去把它們取回來。
"Hey Hunter!\nSome medical supplies always come in handy, there is a pharmacy in town.\nFind the entrance to the building.",Quest descriptions,1024,嘿，獵人！\n我們急需醫療用品。\n現在就出發，去扎科夫找找藥店在哪裡。
Find the entrance of the pharmacy in Zakov.,Quest objectives,64,尋找扎科夫藥店的入口
Nudist,Hunter Skill Name,24,赤裸狂奔
"When wearing armor of class 3 or below, your movement speed is increased by 10% and stamina cost of items is reduced by 20%",Hunter Skill Description,256,穿戴 3 階或以下護甲時，移動速度 +10%，體力消耗 -20%
Big Boned,Hunter Skill Name,24,虎背熊腰
The weight of equipped armour is reduced by 70%,Hunter Skill Description,256,護甲重量 -70%
Doe-Eyed,Hunter Skill Name,24,眼觀六路
Increase your view cone size from 90 degrees to 110 degrees,Hunter Skill Description,256,視野從 90 度提高到 110 度
No Jam Thanks,Hunter Skill Name,24,牛油快手
"Low durability guns will jam less often, while fixing a jam will prevent further gun from jamming for the following 5 seconds",Hunter Skill Description,256,降低槍械卡殼機率，槍械在被修復後的5秒內不會再次卡殼
Bite Immune,Hunter Skill Name,24,咬傷免疫
Attacks from mutants will no longer slow you down,Hunter Skill Description,256,免除變異體攻擊造成的減速
"Increases your maximum carry weight by 5kg, and allows you to move at a slow walking speed even when incredibly over-encumbered",Hunter Skill Description,256,負重上限 +5KG，在嚴重超重狀態下保持移動能力
Big Hands,Hunter Skill Name,24,輕裝上陣
"For each empty weapon slot, you gain 10kg max carry capacity and a 5% movement speed increase",Hunter Skill Description,256,每空置一個武器欄，負重上限 +10KG ，移動速度 +5%
Eye For Value,Hunter Skill Name,24,利動人心
"Increases the sale price of items by 5%, and allows you to see those prices during raids",Hunter Skill Description,256,物品出售價格 +5%，可在狩獵期間瞭解價格
Increases your looting speed by 50%,Hunter Skill Description,256,搜刮速度 +50%
X-Ray View,Hunter Skill Name,24,一覽無餘
Allows you to see containers through walls,Hunter Skill Description,256,可發現牆後的容器
Doubles the number of hidden item stashes,Hunter Skill Description,256,隱藏儲藏的數量翻倍
Allows free running if the weight you’re carrying is under 50% of your maximum,Hunter Skill Description,256,在負重低於上限的 50% 時免除奔跑體力消耗
Favor From Traders,Hunter Skill Name,24,優先供應
Doubles the quantity of each item stocked by vendors,Hunter Skill Description,256,商人的商品數量翻倍
Field Medic,Hunter Skill Name,24,戰地急救
Decreases the amount of time it takes to use meds by 50%,Hunter Skill Description,256,使用醫療用品所需的時間 -50%
Scrap Lord,Hunter Skill Name,24,垃圾大王
Increases the amount of material you gain from scrapping items by 50%,Hunter Skill Description,256,分解物品獲得的廢料 +50%
Gear Lover,Hunter Skill Name,24,裝備養護
Halves the durability loss of your weapons and armor,Hunter Skill Description,256,武器和護甲的耐久損耗 -50%
Night Owl,Hunter Skill Name,24,夜巡人
"Improves your night vision, and also works indoors",Hunter Skill Description,256,增強夜視能力
Stalker,Hunter Skill Name,24,潛行者
Slows rate at which you absorb radiation by 50% while also decreasing the damage you take from anomalies by 30%,Hunter Skill Description,256,受到的輻射 -50%，異常傷害 -30%
Grenade Expert,Hunter Skill Name,24,投彈手
Increase the range of your grenades by 30%,Hunter Skill Description,256,手榴彈的爆炸範圍增加 30%
Explorer,Hunter Skill Name,24,探險家
Adds an additional extraction point to each map,Hunter Skill Description,256,發現一個額外的撤離點
Adrenaline Rush,Hunter Skill Name,24,腎上腺素
When your health drops below 20% you will gain a 25% increase in movement speed for 5 seconds. This has a cooldown of 30 seconds,Hunter Skill Description,256,在生命值降至40% 以下後的 5 秒內，移動速度 +25%，冷卻時間 30秒
Immortal,Hunter Skill Name,24,不死之身
"Once per raid, when something should have killed you, instead you survive with 50hp",Hunter Skill Description,256,在受到致命攻擊時，生命值恢復至 50 ，狩獵期間只能生效一次
Marathon Runner,Hunter Skill Name,24,和平信使
You move 40% faster when not holding a weapon,Hunter Skill Description,256,在未裝備武器時移動速度 +40%
Stylish one p.1,Quest names,64,時髦帥仔
Stylish one p.2,Quest names,64,死纏爛打
"You must know about the guy who hangs around the mall, a very tough guy.\nAnyway, his armour is of incredible quality. If you kill him, I'll give you one in good condition.",Quest descriptions,1024,你肯定已經見過那個在商場閒逛的傢伙了！\n一個猛男，對不對？\n他那身護甲真是讓人印象深刻。你要是能把他擊殺，我就給你件同款。
"Good job on killing him.\nNow I'll leave you with a challenge, kill him 15 times to get a unique perk.",Quest descriptions,1024,幹得不錯，殺手。\n現在有一項新挑戰。單挑他15次，我就給你一件更好的。
Bowel problems,Quest names,64,人有三急
Listen Hunter... Everyone has to go to the bathroom.\nSurvey the Mall and find all the bathrooms.\nIt will be helpful to everyone during a Hunt.,Quest descriptions,1024,聽着，獵人…人總得拉屎的。\n去商場檢查各處洗手間的狀況。\n這會在狩獵期間方便所有人。
Find the first bathroom in the mall.,Quest objectives,64,尋找商場的第一個洗手間
Find the second bathroom in the mall.,Quest objectives,64,尋找商場的第二個洗手間
Find the third bathroom in the mall.,Quest objectives,64,尋找商場的第三個洗手間
Find the fourth bathroom in the mall.,Quest objectives,64,尋找商場的第四個洗手間
Underground Extraction,Quest names,64,地下撤離
"Hey Hunter!\nThere should be an extraction point in the underground of the mall.\nFrom what the maps show it is located in the north east area of the underground. Try to find it, you might find it useful.",Quest descriptions,1024,嘿，獵人！\n聽說商場地下有個祕密撤離點。\n它應該位於車庫的東北角。去找找，說不定會派上用場。
Find the underground extraction in the mall.,Quest objectives,64,尋找商場的地下撤離點
I should be in the right place...,NPC text,64,我應該是來對地方了…
"I need a key to get in, though...",NPC text,64,不過需要鑰匙才能進去。
Power grid documents,Quest names,64,電網檔案
"There is a bridge blocking the road to the town of Zakov.\nFrom what some of the Hunters have reported, it appears to still be in good condition.\nTo lower the bridge we will have to use the power grid from the mall. Part of the grid is not working and needs to be repaired, however, we do not know which one.\nIn the north area of the mall underground, where the back entrance is, there should be some documents that show the state of the power grid.\nIf you can get your hands on those documents we will know what we need to do.\nGood luck Hunter!",Quest descriptions,1024,通往扎科夫的必經之路被一座橋攔着。\n根據其他獵人的報告，那座橋的狀況還不錯。\n要放下這座橋，就必須使用商場的電力，但部分電網出了故障。\n在商場地下北部區域，靠近後門的地方，應該有電網的相關檔案。\n如果能拿到這些檔案，我們就知道該怎麼做了。\n祝你好運，獵人！
Exploring Zakov,Quest names,64,探索扎科夫
"Ha! Great job Hunter!\nThe train can now get to the city.\nFirst do a general survey, see what the city looks like.",Quest descriptions,1024,哈！幹得好，獵人！\n列車現在可以直達城市了。\n我需要你去摸一摸情況。
The guide,,,
"Hey Hunter!\nI have a new challenge for you, survive all the maps.\nRest assured, you will be amply rewarded.",Quest descriptions,1024,嘿，獵人！\n我需要你對各地區的撤離點做一遍檢查。\n這活不輕鬆，不過放心，報酬絕對讓你滿意。
Fire station documents,Quest names,64,消防局檔案
Police station documents,Quest names,64,警局檔案
Need for gasoline,Quest names,64,急需汽油
"Good job soldier!\nNow we must find as many supplies for our vehicles as possible. There should be a gas station in the town.\nFind it, it will help your comrades.",Quest descriptions,1024,幹得好，士兵！\n我們的車輛正渴望着寶貴的汽油。\n找到扎科夫加油站，同志們對此感激不盡！
Find the gas station in Zakov.,Quest objectives,64,尋找扎科夫加油站
Health emergency,Quest names,64,醫療用品告急
Zakov outpost,Quest names,64,扎科夫前哨站
Hey soldier!\nNow that we can accere to Zakov it is time to establish a camp there. There should be a construction zone in the southeast part of town. Find the site and place a GPS marker in the center of the site.\nYour comrades will then take care of building the encampment.\nNow go!,Quest descriptions,1024,嘿，士兵！\n我們終於打通了進入扎科夫的路，是時候在那裏建立營地了。城市東南有片工地，在中央放置一個 GPS 定位器，之後你就不用操心了。\n去吧！
Hey Hunter!\nNow that we can accere to Zakov it is time to establish a camp there.\nThere should be a construction zone in the southeast part of town. Find the site and place a GPS marker in the center of the site.\nMy men will then take care of building the encampment.\nGood luck Hunter!,Quest descriptions,1024,嘿，獵人！\n我們終於打通了進入扎科夫的路，是時候在那裏建立營地了。城市東南有片工地，在中央放置一個 GPS 定位器，之後你就不用操心了。\n祝你好運，獵人！
Repair the power grid in the mall.,Quest objectives,64,修復商場電網
The bridge to Zakov,Quest names,64,通往扎科夫的橋
"Mmm...\nIt seems that the power grid is not working because there is a malfunctioning pylon.\nThe good news is that it can be accessed directly in the northern part of the mall. The bad is that that area is fenced off and is full of radiation and anomalies.\nYou will have to look for an underground passage Hunter, hopefully the Ghouls have already dug one. I am sure it is in the northeast area of the mall.\nGo there and look for the tunnel entrance, make your way through the Ghouls and come out the other side.\nOnce you get there you will have to repair the malfunctioning pylon, I will give you the repair kit.\nOh, last thing Hunter... Bring some anti-radiation pills or equip a good suit to protect you from radiation, you will need them.\nGood luck Hunter!",Quest descriptions,1024,嗯……\n看來電網停擺是因爲有座輸電塔出了故障。\n好消息是可以從商場北側直接過去，壞消息是那片區域被封鎖了，而且充斥着輻射與異常現象。\n獵人，你得去找條地下通道。希望食屍鬼已經挖通了一條，入口肯定就在商場東北部。\n去那找找隧道，從食屍鬼羣中殺出一條血路穿過去。\n到達後把故障輸電塔修好，修理套件會提前給你。\n最後囑咐一句，帶上抗輻射藥片或者穿身好點的防護服，防輻射肯定用得上。\n祝你好運，獵人！
The Psy Helmet p.1,Quest names,64,尋找醫生
Laboratory elevator key,Keys,64,實驗室電梯鑰匙
Key used to access the elevator of the laboratory,Keys,96,用於進入實驗室電梯的鑰匙
"Want to learn more about the crystal, Hunter? For now you are a mere human and can do nothing against it.\nI will give you my Psy Helmet, it has served me well in the past. To work, however, it needs some adjustment with the same technology that the Crimson Corporation used to carry out studies in Zakov.\nIn the lab in the makeshift camp there is an elevator that will take you to where they used to carry out experiments.\nTo access it, however, you need the key card. From what I know, right after everything went to hell, the Crimson Corporation blocked the elevator. I dare not imagine the fear and horrors they suffered in their last moments of life.\nOnly one of them managed to escape, Dr. Frolov. I highly doubt that he returned with the Crimson Corporation, too afraid of the consequences.\nI don't think he went far; he must be holed up somewhere in the industrial zone.\nI know the pricipal Oil Factory facility in the industrial zone has some very secure locked rooms, I would start looking for him there....",Quest descriptions,1024,紫色水晶？不，獵人，現在你只是一個普通人，對付不了它。\n我想你需要我的靈能頭盔。它很管用，不過那是以前了，現在我們必須利用深紅公司在扎科夫的研究成果對它進行一些升級。\n臨時營地的實驗室裏有一部電梯，通往他們曾經的祕密實驗基地，但你需要門禁卡才能進去。\n災難發生時，深紅公司封鎖了電梯。無法想象裏面的人在最後一刻有多麼恐懼。\n據我所知只有弗羅洛夫醫生從基地裏逃了出來。他算是脫離了深紅公司，不過肯定逃不遠，很可能躲在工業區的某個地方。\n石油工廠裏有一些上鎖的房間，我建議從那裏開始搜查…
Violet crystal,Barter,72,紫水晶
Psy Helmet,Item names or description,64,靈能頭盔
The Psy Helmet p.2,Quest names,64,靈能頭盔
"So Frolov is dead.\nI'm not surprised; he didn't have the skills to survive out there.\nNow that you have the key you can go to the lab in the makeshift camp and take the elevator.\nThey were conducting experiments with radiation there, try to find the machine they used to study it and retrieve one of its electrical circuits.\nWith that I can modify my Psy Helmet for you.",Quest descriptions,1024,所以弗羅洛夫已經死了？\n說實話，這也算意料之中。\n他不懂扎科夫的生存法則。\n現在你有了門禁卡，可以去臨時營地的實驗室乘坐電梯了。\n找到他們的研究機器，取回裏面的電路板。
Take Elevator,Interactions,64,乘坐電梯
"The time has come, Hunter...\nTake your helmet with you and go to the swamp.\nFace the crystal... Face the outer deity....\nIf you survive, maybe we can put an end to this.",Quest descriptions,1024,是時候了，獵人…\n帶上你的頭盔前往沼澤，面對水晶和外神…\n希望我們走運，讓這一切結束吧。
Face the Crystal in the swamp,Quest objectives,64,揭開水晶之謎
Outer Deity,Quest names,64,外神
Revelations,Quest names,64,啓示錄
"You are still alive... This is very... curious...\nIt must mean that ... um, I'm not sure yet....\nAt this point I would say we can proceed. Be patient Hunter, soon all your questions will be answered.\nSomething must have happened just before the explosion at the nuclear plant, something that set all these events in motion.\nI knew a person at the plant, he worked closely with the crystal that was there. He was a smart person and he asked a lot of moral questions about how the studies were supposed to proceed and what the consequences were.\nIf I knew him well, I'm sure he was able to escape before the explosion and take some documents with him.\nTry looking for the documents in the offices located northwest of the city.\nAlso search his house, it is located on the second floor of the large apartment block, the ones that divide the central area and the old communist urban area.",Quest descriptions,1024,你還活着…難以置信！這意味着…不，還不能確定…\n耐心，獵人，只要我們不停下腳步，所有問題終歸會有答案。\n在覈電站爆炸前肯定發生了什麼事，最終引發了這一切。\n我認識一個專程來核電廠近距離研究水晶的人，一個頭腦清醒的傢伙，關心道德層面的問題，比如研究應該如何進行、可能帶來什麼後果...\n如果我對他的瞭解足夠，我敢肯定他會在爆炸前逃走，手裏還帶着我們想要的東西。\n去城市西北搜查他的辦公室。\n還有他家，中心區和舊共產主義城區交界處那棟公寓的二樓，也不能落下。
The Headquarter,Quest names,64,總部
Machinery,Quest names,64,機器
Find the entrance of the Watcher Headquarter.,Quest objectives,64,尋找觀察者總部的入口
Here's the entrance...,NPC text,64,入口在這裡…
I don't think it's a good idea to try to enter...,NPC text,64,就這麼進去可不是個好主意...
Let's see if the Barman know another way.,NPC text,64,找酒保問問還有沒有別的路吧。
Turn off the first machinery.,Quest objectives,64,關閉第一臺機器
Turn off the second machinery.,Quest objectives,64,關閉第二臺機器
Turn off the third machinery.,Quest objectives,64,關閉第三臺機器
Turn off the fourth machinery.,Quest objectives,64,關閉第四臺機器
Turn off the fifth machinery.,Quest objectives,64,關閉第五臺機器
Turn off the sixth machinery.,Quest objectives,64,關閉第六臺機器
"Hey Hunter!\nYou've probably noticed the new faction that has invaded the maps, we call them the Watchers.\nThey seem to be closely connected with the events at the nuclear power plant. They have their main base in the city, in the northern area, just past the big plaza.\nGo there and see if you can get in, just do a scouting for now, then we'll think of a plan of action.",Quest descriptions,1024,嘿，獵人！\n你應該早就跟他們打過交道了，那些暫且稱之爲觀察者的傢伙。他們似乎與核電廠事件密切相關！\n他們的總部基地位於城市北部，鄰近大型廣場。\n先去偵察一下，然後我們再製定具體的行動計劃。
"So the entrance is blocked huh?\nYou have to find a way to turn off that strange machinery.\nAfter the explosion at the nuclear power plant and before evacuating the city, the Green Army set up a first aid camp in the school.\nMany people died from radiation in there.... It's not going to be a pretty sight.\nGo to the school and search through the dead bodies, try to see if you can find any documents that can tell us more about that machinery blocking the entrance to the base.",Quest descriptions,1024,入口被堵住了？\n該死，我們必須想辦法關掉那些奇怪的機器！\n核電廠爆炸後，綠軍無法疏散所有人員，所以在學校設立了一個難民營。\n那裏有很多人死於輻射，死狀尤爲慘烈...\n去學校搜查每一具屍體。目前只能寄希望於那裏遺留了能幫我們關閉機器的信息了...
"Good job Hunter!\nFrom the documents it looks like the machinery may be turned off.\nThe bad news is that the switches are in the Watchers base subterranean areas, there is no way to get to them from the inside.\nGo into the city park and find a back entrance, I'm sure the Ghouls have dug tunnels down there, just like the mall power grid pylons.\nGo in through the tunnels and get to the underground area, there are six switches to turn off.\nGood luck Hunter!",Quest descriptions,1024,幹得漂亮，獵人！\n根據檔案，這些機器的開關位於觀察者基地的地下，所以我們得換條思路。\n去城市公園找找有沒有聰明的食屍鬼挖了隧道，就像商場的電塔那次一樣。\n六個開關，一個也不能落下。\n祝你好運，獵人！
What next?,"User Interface, interaction with NPC",64,下一步是什麼？
"The railway to get to the nuclear power plant is unusable for tens of kilometres, not to mention the extremely high level of radiation.\nGo to the Watchers' Headquarters and find out if there is an alternative route.\nIf you manage to get to the nuclear plant, well.... I wouldn't know what else to tell you except good luck, Hunter!","User Interface, interaction with NPC",1024,核電廠周邊數十公里的鐵路都癱瘓了，更不用提那可怕的輻射！\n去觀察者總部找找有沒有別的路線。\n萬一你能到達核電廠，那...只能祝你真的好運了，獵人！
What's in the documents?,"User Interface, interaction with NPC",64,檔案寫了什麼？
"Subject number 23. Male, age 32.",NPC text,64,實驗對象編號23，男性，32歲。
Death occurred in three days.,NPC text,64,三天後死亡。
No mutation.,NPC text,64,未產生變異。
"Subject number 53. Female, age 21.",NPC text,64,實驗對象編號53，女性，21歲。
Death occurred in five days.,NPC text,64,五天後死亡。
Slight mutation.,NPC text,64,輕度變異。
"From tests conducted so far,",NPC text,64,根據目前的測試結果，
it appears the mutation on humans is random.,NPC text,64,人類的變異似乎是隨機的。
"Subject number 102. Male, age 55.",NPC text,64,實驗對象編號102，男性，55歲。
Mutation completed in 7 days.,NPC text,64,七天後變異結束。
Crystal radiation is confirmed to mutate humans.,NPC text,64,已證實水晶輻射會導致人類變異。
"Subject number 153. Male, age 43.",NPC text,64,實驗對象編號153，男性，43歲。
Mutation completed in 10 days.,NPC text,64,十天後變異結束。
"In subjects who survive at least 8 days,",NPC text,64,對於存活至少8天的實驗對象，
mutation confirmed within 15 days.,NPC text,64,已證實變異會在15天內結束。
Military bandage,Medication Items,32,軍用繃帶
Modules Tier 2+,Modules description,64,2+ 級模組
Energy restore rate +50%\nHunger and thirst decrease rate -40%\nRestore wounds rate +50%\nRestore HP rate +50%\nRestore radiation rate +50%,Modules description,256,睡眠時精力/傷口恢復 +50% \n睡眠時飢餓/口渴消耗 -40% \n睡眠時生命值恢復/輻射緩解 +50%
Energy restore rate +100%\nDon't decrease hunger and thirst while sleeping\nRestore wounds rate +100%\nRestore HP rate +300%\nRestore radiation rate +300%,Modules description,256,睡眠時精力/傷口恢復 +100% \n睡眠時免除飢餓/口渴消耗\n睡眠時生命值恢復/輻射緩解 +300%
Gain +15% material when you scrap an item,Modules description,256,分解物品獲得的廢料 +15%
Gain +40% material when you scrap an item,Modules description,256,分解物品獲得的廢料 +40%
A small gym where you can work out.\nGrants physical benefits.,Modules description,64,鍛鍊身體的小型健身房。\n提供體能加成。
Stamina +10\n+3kg max carried weight\nFatigue decrease rate -20%,Modules description,64,最大耐力 +10\n +3KG 負重上限\n精力消耗 -20%
Stamina +20\n+6kg max carried weight\nFatigue decrease rate -50%,Modules description,64,最大耐力 +20\n +6KG 負重上限\n精力消耗 -50%
Weapon damage +3%\nWeapon mastery exp +10%,Modules description,64,武器傷害 +5% \n武器技能經驗值 +10%
Weapon damage +5%\nWeapon mastery exp +20%,Modules description,64,武器傷害 +10% \n武器技能經驗值 +20%
Provide scrap medication and scrap food everyday,Modules description,64,每天產出食物廢料和醫療用品廢料
Provide scrap ammo everyday\nCraft more type of ammunition,Modules description,64,每天產出彈藥廢料\n允許你製作彈藥
You can repair weapons and armor in the craftbench,Modules description,64,允許你修理武器和護甲
Repair an item requires 25% less materials,Modules description,64,修理武器和護甲所需材料 -25%
"As you know, years after the closure of the nuclear power plant, the Crimson Corporation detected a high level of strange radiation coming from underground and reached an agreement with the local government to install a research laboratory.\nUnder the ground, they discovered a cavity containing purple crystals, responsible for this radiation.\nThe research continued for several years, leading to discoveries that enabled significant advances in the pharmaceutical and biological sectors, turning the company into the largest multinational in the world.\nSo far, it would all seem legitimate, but the documents show that the Crimson Corporation had numerous contracts with world governments for the development of prototype weapons.\nI believe it is from these contracts that the company made its fortune.\nMoreover, the long-term effects of the drugs derived from these discoveries on the population are still unclear.\nIndeed, the Crimson Corporation has never been transparent about its research, but their products are so innovative that no one, among those who matter, has ever asked too many questions about their origin and effects.\n\nA few hours before the explosion at the nuclear power plant, a strange anomaly appeared in the crystals being studied, triggering general panic.\nIt seems that the commander-in-chief of the plant insisted on interacting with the anomaly, and that is when Frolov escaped, taking the documents with him.\nThe Crimson Corporation's instruments were all down and incessantly repeated the same sequence of numbers:\n\n0 1 0 1 0 0 1 1\n0 1 1 1 0 1 0 0\n0 1 1 0 0 0 0 1\n0 1 1 0 1 1 0 0\n0 1 1 0 1 0 1 1\n0 1 1 0 0 1 0 1\n0 1 1 1 0 0 1 0\n\nIt is unclear from the documents what actually triggered the explosion, but one possible cause is the forced interaction with the anomaly, rather than taking the time to work out an operational plan.\nGetting back to us, the only way to reach the anomaly is through the Watcher's HQ in Zakov, from where an underground line leads to the nuclear power plant.\nOnce you reach the anomaly, don't be fooled by what it will tell you....\nDecipher the code and input the result... And this will all be over.\nI can't tell you any more, Hunter, now it's your turn.","User Interface, interaction with NPC",4096,舊核電廠關閉多年後，深紅公司在其地下發現了奇怪的高強度輻射。他們與當地政府達成協議，建立了實驗室。\n最終他們找到了一個佈滿紫色水晶的洞穴，那正是輻射的源頭。\n研究持續了數年，層出不窮的重大發現推動了生物和醫學領域的進步，使公司一躍成爲跨國巨頭企業。\n似乎一切都合理合法？然而這份檔案表明，深紅公司與世界各國政府簽訂了多份關於開發原型武器的合同。\n我確信，公司實際上是依靠這些合同才迅速崛起的。\n此外，基於他們研究成果開發的醫療用品對於人羣是否存在長期影響也是一個未知數。\n深紅公司從未對外披露過研究詳情，但他們的產品革新了整個行業，連有頭有臉的大人物都無法因其來源和影響成疑而拒絕。\n\n核電廠爆炸前幾個小時，水晶樣品出現了異常。\n負責人堅持要接觸。弗羅洛夫也是在那時逃出了實驗室。\n公司的儀器全都發生了故障，開始反覆刷屏如下代碼：\n\n0 1 0 1 0 0 1 1\n0 1 1 1 0 1 0 0\n0 1 1 0 0 0 0 1\n0 1 1 0 1 1 0 0\n0 1 1 0 1 0 1 1\n0 1 1 0 0 1 0 1\n0 1 1 1 0 0 1 0\n\n從這份檔案中無法弄清究竟是什麼引發了爆炸，不過強行接觸異常應當算作一個潛在因素。\n說回現在，想揭開異常背後的祕密，只有前往觀察者在扎科夫的總部，那裏有條隧道通向核電廠。\n你大概會看見一些令人瘋狂的景象，我只希望你能保持清醒。\n破譯這些代碼並輸入結果，一切也許就都結束了。\n就說到這裡吧，獵人，此行動了。
My knowledge only allows me to repair armour with a class below 4.,"User Interface, interaction with NPC",256,我只能修理不超過4級的護甲。
Armor class is too high,,64,不適用於目前護甲等級
Armor durability is too high,,64,不適用於目前護甲耐久
Provide scrap material and scrap weapon every day,Modules description,64,每天產出普通廢料和武器廢料
Looting speed,Modules description,64,搜刮速度
Allows cooking basic meals\nHunger and thirst decrease 15% slower\n+50% positive effect of hunger and thirst\n-25% negative effect of hunger and thirst,Modules description,256,解鎖基礎食譜\n飢餓/口渴消耗 -15% \n飽足狀態的正面效果 +50% \n飢渴狀態的負面效果 -25%
Allows cooking all meals\nHunger and thirst decrease 30% slower\n+100% positive effect of hunger and thirst\n-50% negative effect of hunger and thirst,Modules description,256,解鎖所有食譜\n飢餓/口渴消耗 -30% \n飽足狀態的正面效果 +100% \n飢渴狀態的負面效果 -50%
"The doctor would like to examine the effect of radiation on the human body.\nTo do this he needs someone who is willing to absorb a large amount of radiation and report the symptoms to me.\nDon't make that face, Hunter. I'm not asking you to do it but if you want to get paid for a simple job here it is.\nYou need to reach the orange radiation level.",Quest descriptions,1024,醫生想測試輻射對人體的影響。\n志願者需要承受大量輻射並報告身體狀況。\n別跟我甩臉子，獵人，我也沒強求你這樣做。這對你來說其實不算難事，而且還有報酬。\n醫生預期的輻射程度是橙色。
Reach orange level of radiation,Quest objectives,64,輻射的嚴重程度達到橙色
Armor class doesn't match with the repair kit,,64,修理套件不適用於目前護甲等級
Crosshairs and Range,User Interface,32,準星和有效射程
Enemies and Armor,User Interface,32,敵人和護甲
"Full hit, blocked by armor, no damage.","User Interface, Tutorial",128,有效命中，被護甲阻擋，鈍傷
Navigate,"User Interface, The action the player takes when moving the map.",32,引導
"Full hit, penetrated armor, full damage.","User Interface, Tutorial",128,有效命中，穿透護甲，全額傷害
"Glancing hit, blocked by armor, no damage.","User Interface, Tutorial",128,跳彈，被護甲阻擋，減半鈍傷
"Glancing hit, penetrated armor, partial damage.","User Interface, Tutorial",128,跳彈，穿透護甲，減半傷害
A full-white cursor means that the hit will be 100% effective.,"User Interface, Tutorial",128,準星完全變白，表明百分之百可有效命中
Not in the ideal range. Can still get a 100% effective hit if the bullet hits their center of mass.,"User Interface, Tutorial",128,不在最佳射程內，即使準星完全鎖定目標，也無法百分之百有效命中
"Beyond max range, will not do any damage.","User Interface, Tutorial",128,超出最大射程，無法造成傷害
Helper Dialogue,Setting name,32,遊戲幫助
Display helper dialogue prompts to help new players,Tooltip that describes Helper Dialogue setting,128,顯示遊戲幫助提示
All that for a Drop of Blood,Achievement Name,64,就為了那一滴血！
You are overencumbered!,Notice to player about weight limit,64,已超重！
Provide scrap material every day,"Base Module Descriptions, alt a",64,每天產出普通廢料
"Provide scrap material, weapon and armor every day","Base Module Descriptions, alt b",64,每天產出普通廢料、武器廢料和護甲廢料
"Provide scrap material, weapon and armor every day\nAllows you to scrap items during hunts but you get 50% fewer items","Base Module Descriptions, alt c",64,每天產出更多普通廢料、武器廢料和護甲廢料\n可在狩獵期間分解物品，獲得的廢料減少 50%
Building kit: forge 3,Upgrade Base Kit,64,建造套件：鍛造台 3
items collected by Igor,Container name,64,伊戈爾收集的雜物
Tooltip,This is short for Display Tooltip. This is used to say this is the action you press to see a tooltip.,32,提示信息
N45O1,Weapons,64,M45A1
APAR,Weapons,64,ADAR
EC 12,Weapons,64,AK-12
EC 15,Weapons,64,AK-15
EC 308,Weapons,64,AK-308
CC12,Weapons,64,AA-12
PMK,Weapons,64,PKM
CC12 5 round magazine,Weapon Mods,64,AA-12 5發彈匣
CC12 10 round magazine,Weapon Mods,64,AA-12 10發彈匣
CC12 drum magazine,Weapon Mods,64,AA-12 彈鼓
APAR wooden stock,Weapon Mods,64,ADAR 木質槍托
APAR modern stock,Weapon Mods,64,ADAR 現代槍托
APAR wooden handguard,Weapon Mods,64,ADAR 木質護木
EC-12 standard stock,Weapon Mods,64,AK-12 標準槍托
"... So be it, Hunter ...",Dialogue,128,...那就這樣吧，獵人...
... I shall leave this reality ...,Dialogue,128,...我該離開這個現實了...
"... Yet across the void, countless worlds still tremble in darkness ...",Dialogue,128,然而縱觀虛空，仍有無數世界在黑暗中顫抖
"... Their light barely flickers, as shadows quietly press in ...",Dialogue,128,...陰影悄悄逼近，它們的光愈見黯淡...
You already have this module installed,,64,你已經安裝此模組了
Soldier,NPC title part (Green Army Soldier for example),64,士兵
Green,NPCs,48,格林
Army,NPC title part (Green Army for example),64,軍
Crimson,NPC title part (Crimson Corporation for example),64,深紅
Kills,Used on stats page as Kills：Weapon_Name,64,擊殺
lead,NPC title part (Lead scientist),64,首席
Crimson Corp.,NPC title part (Crimson Corp. scientist),64,深紅公司
Mythic,Hunter level name,32,神話
Legendary,Hunter level name,32,傳奇
Unlock a total of 1 stash pages,Base Module description,256,解鎖 1 儲藏頁
Unlock a total of 3 stash pages,Base Module description,256,解鎖 3 儲藏頁
Unlock a total of 6 stash pages,Base Module description,256,解鎖 6 儲藏頁
Unlock a total of 9 stash pages,Base Module description,256,解鎖 9 儲藏頁
Unlock a total of 12 stash pages,Base Module description,256,解鎖 12 儲藏頁
Allows you to craft more medication item\n-10% bleeding chance,Base Module description,256,允許你製作更多醫療用品\n -10% 出血機率
Allows you to craft more medication item\n-15% bleeding chance\nHeal 2 HP per minute\nHeal 0.1 radiation per minute,Base Module description,256,允許你製作更多醫療用品\n -15% 出血機率\n每分鐘恢復2生命值\n每分鐘緩解 0.1 輻射
Allows you to craft more medication item\n-30% bleeding chance\nHeal 5 HP per minute\nHeal 0.2 radiation per minute,Base Module description,256,允許你製作更多醫療用品\n -30% 出血機率\n每分鐘恢復5生命值\n每分鐘緩解 0.2 輻射
Zakov police station documents,Documents,32,扎科夫警局檔案
Zakov's police station armory key,Keys,96,扎科夫警局鑰匙
I think the bunker exit is in the south,FTUE text,128,地堡出口可不在這。
Construction area,Player prompt,32,工地
Apartment block,Player prompt,32,公寓樓
Central area,Player prompt,32,中央區
Increase the maximum range for all weapon by this percentage,Gameplay setting tooltip,128,提高武器的最大有效射程
Decrease the minimum range for all weapon by this percentage,Gameplay setting tooltip,128,降低武器的最小有效射程
Building kit: Infirmary 3,Upgrade Base Kit,48,建造套件：醫務室 3
Building kit: ammo 3,Upgrade Base Kit,48,建造套件：彈藥 3
Building kit: ammo 4,Upgrade Base Kit,48,建造套件：彈藥 4
Building kit: storage 3,Upgrade Base Kit,48,建造套件：儲存 3
Building kit: storage 4,Upgrade Base Kit,48,建造套件：儲存 4
Split,Controls tooltip,16,分開
chest,Chest name,24,箱子
Ammo box tier II,Chest name,24,二級彈藥箱
The school,Quest name,48,學校
Documents found in the school,Quest item,48,在學校找到的檔案
Reset,UI button,16,重置
Armor class,Repair kit stats,24,護甲等級
Doctor Egorov,NPCs,32,醫生 - 葉戈羅夫
Strange circuit,Item name,32,奇怪的電路板
"Good job on killing him.\nNow I'll leave you with a challenge, kill him 15 times to get an unique variant of his armor.",Quest descriptions,512,幹得好。\n現在我給你一個挑戰，再殺他 15 次，你將獲得他盔甲的獨特變體。
Savedata is from a legacy version of the game,User Interface,72,存檔數據來自遊戲的較低版本
Comfortable bed that restores you faster.,Base Module description,128,提供良好的睡眠和高效的恢復
Increase weapons max range,Gameplay settings,48,提高武器的最大有效射程
Decrease weapons min range,Gameplay settings,48,降低武器的最小有效射程
Single use key used to open the locked armory in the Zakov's police station,Item description,256,一次性鑰匙，用於打開扎科夫警局上鎖的軍械庫
"This will delete all savedata stored in both your local and cloud storage.\nYou will lose all your items, skills, and quest progress in every save slot.\nAre you sure you want to do this?",Menu popup text,512,刪除存本地和雲存檔。\n你將失去所有物品、技能和任務進度。\n確定要這樣做嗎？
Zakov fire station documents,Quest item,64,扎科夫消防局檔案
Eliminate the Crimson in the Swamp,Quest objective,96,擊殺沼澤的深紅公司士兵
Current:,Displaying which ammo the player is currently holding,48,目前:
Second part of the Crystal documents,Quest objective,128,《啓示錄》第二部分
First part of the Crystal documents,Quest objective,128,《啓示錄》第一部分
"You are still alive... This is very... curious...\nIt must mean that ... um, I'm not sure yet....\nAt this point I would say we can proceed. Be patient Hunter, soon all your questions will be answered.\nSomething must have happened just before the explosion at the nuclear plant, something that set all these events in motion.\nI knew a person at the plant, he worked closely with the crystal that was there. He was a smart person and he asked a lot of moral questions about how the studies were supposed to proceed and what the consequences were.\nIf I knew him well, I'm sure he was able to escape before the explosion and take some documents with him.\nTry looking for the documents in the offices located northwest of the city.\nAlso search his house, it is located on the first floor of the large apartment block, the ones that divide the central area and the old communist urban area.",Quest dialogue,512,你還活着…難以置信！這意味着…不，還不能確定…\n耐心，獵人，只要我們不停下腳步，所有問題終歸會有答案。\n在覈電站爆炸前肯定發生了什麼事，最終引發了這一切。\n我認識一個專程來核電廠近距離研究水晶的人，一個頭腦清醒的傢伙，關心道德層面的問題，比如研究應該如何進行、可能帶來什麼後果...\n如果我對他的瞭解足夠，我敢肯定他會在爆炸前逃走，手裏還帶着我們想要的東西。\n去城市西北搜查他的辦公室。\n還有他家，中心區和舊共產主義城區交界處那棟公寓的二樓，也不能落下。
I should get my gun out.,FTUE text,64,我得把槍拿出來。
Are you sure?,Module uninstall popup,64,確定嗎？
Turn Off,Interfactions,48,關閉
Bowel problem,Quest names,64,人有三急
Remove CCTV,Player action,64,移除監控攝像頭
Towards Nuclear Power Plant,Player action,64,前往核電廠
"...Ah, mere Human...",Dialogue,128,...區區人類…
...Thy courage shall be rewarded...,Dialogue,128,勇氣卻着實值得嘉獎…
...Oh... My daring Hunter...,Dialogue,128,哦...我勇敢的獵人...
Every death you suffer...,Dialogue,128,一次次粉身碎骨...
...Every fall you endure...,Dialogue,128,一次次遭受挫折...
...Are merely a whisper in the symphony of existence...,Dialogue,128,只不過是生命值樂章中的低語...
"...In countless worlds, you have walked the same path...",Dialogue,128,你在無數的世界裏走過同樣的路...
"...Yet only here, in this reality...",Dialogue,128,但只有在這裡，在這個現實中...
...Have you reached me...,Dialogue,128,你終於來到了我面前...
...In this moment...,Dialogue,128,在這一刻...
...The fates of all beings and all worlds...,Dialogue,128,所有生靈和世界的命運...
...Lie within thy grasp...,Dialogue,128,取決於你...
...Now speak...,Dialogue,128,說吧...
...Let thy true desire be known...,Dialogue,128,說出你心中真正的欲求...
"For aeons, I have watched, timeless and indifferent.",Dialogue,128,千萬年來，我一直觀察着這一切。
...Speak now...,Dialogue,128,說吧...
...Reveal thy wishes....,Dialogue,128,說出你的願望...
... So be it ...,Dialogue,128,...那就這樣吧...
... thy wish shall be fulfilled ...,Dialogue,128,...你的願望將會實現...
Place Transmitter,Insert,256,放置信號發射器
Place CCTV,Insert,256,放置監控攝像頭
Key to a locked door in the sewer,Keys,96,下水道門鑰匙
The guy who saved me from that strange crystal left me this key. Maybe I should investigate more.,Item description,256,救我脫離那個奇怪水晶的人留下了這把鑰匙。也許我該繼續調查下去。
Move,Player action (moving items around inventory),32,移動
You are encumbered!,Notice to player about weight limit,64,已超重！
My knowledge only allows me to repair armour with a class below 5.,"User Interface, interaction with NPC",256,由於知識所限，我只能修復 5 級以下的護甲。
Christmas Grenade,Grenades,64,聖誕手榴彈
Display Onscreen Controls,Settings Option,64,在屏幕上顯示操控方法
Choose if a popup is displayed that shows helpful controls,Settings option tooltip,128,選擇是否顯示有關操控方法的彈窗
Weather station kit,Item name,128,氣象站套件
Use this item to see the weather while selecting the map,Item description,256,在選擇地圖時，使用此物品可查看天氣
Always show the quickbar,Settings Option,64,始終顯示物品快捷欄
h,PDA,64,h
Post Processing Colour,Main menu,64,色調後處理
Toggle full screen overlay effects. (used for weather),Settings option tooltip,128,切換天氣視覺效果
Upload,Button to upload,12,上傳
Uploading Mod...,Status of Steam Workshop Mod upload,50,正在上傳模組...
Mod name:,Display for the name of the mod Mod Name：Dave's Gun Mod,40,模組名稱:
Stage,We are going through the upload process so this will say stage 8 of 12,40,進度
[VALUE1] of [VALUE2],4 of 12,40,[VALUE1]（共[VALUE2]）
Status:,Status of Steam Workshop Mod upload,40,狀態:
Steam Response:,Status of Steam Workshop Mod upload,40,Steam 響應:
Progress:,Status of Steam Workshop Mod upload,40,進度:
Connecting to Steam...,Status of Steam Workshop Mod upload,40,正在連接至 Steam...
Gathering files...,Status of Steam Workshop Mod upload,40,正在收集檔案...
Making Workshop Page...,Status of Steam Workshop Mod upload,40,正在生成創意工坊頁面...
Uploading...,Status of Steam Workshop Mod upload,40,正在上傳...
Error Happened,Status of Steam Workshop Mod upload,40,發生錯誤
Finished,Status of Steam Workshop Mod upload,40,已完成
Done,Status of Steam Workshop Mod upload,40,確認
Missing 'name' in mod meta file,Steam Workshop error message,160,模組元檔案中缺少 「名稱」
Missing 'description' in mod meta file,Steam Workshop error message,160,模組元檔案中缺少 「描述」
Missing 'version' in mod meta file,Steam Workshop error message,160,模組元檔案中缺少 「版本」
Missing 'author' in mod meta file,Steam Workshop error message,160,模組元檔案中缺少 「作者」
Failed to find mod meta file,Steam Workshop error message,160,無法找到模組元檔案
Error: Folder of mod not found or not readable.,Steam Workshop error message,160,錯誤：未找到或無法讀取模組檔案夾。
"Notice: Steam stopped replying, unable to find status.",Steam Workshop error message,160,注意：Steam 中止響應，無法找回狀態。
Steam returned invalid during upload. Maybe Steam Cloud storage is full or mod/icon is too big?,Steam Workshop error message,160,上傳時 Steam 返回無效。請檢查 Steam 雲存儲是否已滿或模組/圖標過大。
Warning: Problem getting progress from Steam. (may still have uploaded),Steam Workshop error message,160,警告：從 Steam 獲取進度時出現問題（可能已上傳）。
Mod successfully uploaded to Steamworks.,Steam Workshop error message,160,模組已成功上傳至 Steam 工坊。
Close Window,Window Close Buttons,30,關閉窗口
View On Steam,Window Close Buttons,30,在Steam上瀏覽
Resolution Scaling,Main menu,64,解析度縮放
This setting affects the resolution scale of the game. This does not affect the user interface.,Setting description,160,此設定會影響遊戲的解析度比例。但不會影響用戶界面。
Settings - Performance,Main menu,64,設定 - 性能
Loot - Armor,Difficulty Menu,64,搜刮 - 護甲
Class 0-3 drop chance,Difficulty Menu,64,0-3 級護甲掉落
Class 0-3 minimum durability,Difficulty Menu,64,0-3 級護甲最低耐久
Class 0-3 maximum durability,Difficulty Menu,64,0-3 級護甲最大耐久
Class 4 drop chance,Difficulty Menu,64,4 級護甲掉落
Class 4 minimum durability,Difficulty Menu,64,4 級護甲最低耐久
Class 4 maximum durability,Difficulty Menu,64,4 級護甲最大耐久
Class 5 drop chance,Difficulty Menu,64,5 級護甲掉落
Class 5 minimum durability,Difficulty Menu,64,5 級護甲最低耐久
Class 5 maximum durability,Difficulty Menu,64,5 級護甲最大耐久
Class 6 drop chance,Difficulty Menu,64,6 級護甲掉落
Class 6 minimum durability,Difficulty Menu,64,6 級護甲最低耐久
Class 6 maximum durability,Difficulty Menu,64,6 級護甲最大耐久
Save,Difficulty Menu,32,儲存
Difficulty settings saved,Difficulty Menu,64,難度設定已儲存
UI Radiation,Sound Setting,64,輻射 UI
Adjust the volume of the radiation buttons sound,Setting description,64,輻射 UI 音效的音量
Reload Mod Data,Settings Button,64,重新加載模組數據
Mods Pending Reload,Mod screen notice,32,模組等待重新加載
Error in Mod,Mod screen notice,32,模組錯誤
Cannot upload:,Steam Workshop error message,32,無法上傳:
No Internet,Steam Workshop error message,64,無網絡
Steam not active,Steam Workshop error message,64,Steam離線
Steam not logged in,Steam Workshop error message,64,未登錄 Steam
Directory does not exist,Steam Workshop error message (do not translate file name),64,目錄不存在
init.script' is a mandatory file,Steam Workshop error message (do not translate file name),64,init.script 是必需檔案
metadata.ini' is a mandatory file,Steam Workshop error message (do not translate file name or name),64,metadata.ini 是必需檔案
Missing 'name' in metadata.ini,Steam Workshop error message (do not translate file name or name),64,metadata.ini 缺少「名稱」
Missing 'description' in metadata.ini,Steam Workshop error message (do not translate file name or description),64,metadata.ini 缺少 「描述」
Missing 'version' in metadata.ini,Steam Workshop error message (do not translate file name or version),64,metadata.ini 缺少 「版本」
Missing 'author' in metadata.ini,Steam Workshop error message (do not translate file name or author),64,metadata.ini 缺少 「作者」
icon.png' is required in mod folder,Steam Workshop error message (do not translate file name),64,icon.png 必須在模組檔案夾內
Carret N82,Weapons,64,巴雷特 M82
Carret N82 10 round magazine,Weapon Mods,64,巴雷特 M82 10發彈匣
Carret N82 5 round magazine,Weapon Mods,64,巴雷特 M82 5發彈匣
"Clear the way, again",Quest Name,128,捲土重來
"Most of our forces are focusing on Zakov, this has given Orel room to do what he wants in the Makeshift Camp.\nI managed to get my hands on a very special weapon, Hunter. It's yours if you put Orel back in his place.\nAs a reminder, Orel is located in the western part of Makeshift Camp, where the old train station is.\nAfter you complete this job I should be able to sell you ammunition as well, but you will have to wait for the next restock",Quest description,None,我們大多數人手都投入到了扎科夫，這讓Orel有機可乘。他又成了臨時營地的土皇帝。\n我搞到了一把大傢伙，獵人。如果你能挫挫Orel的銳氣，它就是你的了。\n提醒你一下，Orel躲在舊火車站那裏。\n搞定他之後，我會賣彈藥給你，但得等到下一次補貨。
foregrip desert,Weapon Mods,64,沙漠色前握把
foregrip green,Weapon Mods,64,綠色前握把
Pistol .50 BMG,Weapons,64,.50 BMG 手槍
Pistol .50 BMG handguard,Weapon Mods,64,.50 BMG 手槍護木
A new Devil,Quest Name,64,地下魔影
Some Hunters have reported an unique Watcher roaming the underground parking lots of the mall.\n\nFind it and kill it.,Quest description,None,有獵人報告說商場的地下停車場裏遊蕩着一個古怪的觀察者。\n\n擊殺它。
Devil,NPCs,48,惡魔
WA Devil suit,Armor,64,WA 惡魔衣裝
I want peace with everyone,Insert,256,我希望與所有人都和平共處
I want to be rich,Insert,256,我要發財
I want to be immortal,Insert,256,我要永生
Resurrect Igor and Mr Junk,End game player options,64,復活伊戈爾和「垃圾」先生
Mods,Main menu,64,模組
Modding Menu,Main menu,64,模組選單
Performance,Main menu,64,性能
Wolves,Quest kill,64,狼
no item,Popup text,32,無物品
Additional Options,Settings,64,其他
Settings - Additional Options,Settings,64,設定 - 其他
The first step into the wasteland,Map description,128,通往扎科夫的第一步
"An open area of tents, debris, and ruined vehicles",Map description,128,遍佈帳篷、殘骸和廢棄車輛的開闊地帶
Steel and concrete have become the perfect hunting ground,Map description,128,鋼鐵與混凝土構成了完美的狩獵場
"Low visibility, high danger, nowhere to hide",Map description,128,能見度低，危險重重，無處可藏
Don't trust the quiet corridors,Map description,128,別相信寂靜的走廊
"Urban warfare at its deadliest, only the best survive here",Map description,128,致命的城區熱戰，唯有強者才能在這生存
Hey. Wake up!,NPC text,64,喂，醒醒！
Can you hear me?,NPC text,64,能聽到我說話嗎？
You are lucky I found you...,NPC text,64,還好我發現了你，算你走運...
...What happened?,NPC text,64,...這是怎麼回事？
No time. Get up. We've got company!,NPC text,64,沒時間解釋了，快起來！有「客人」來了！
Grab the equipment from the box,NPC text,64,從箱子裏獲取裝備！
They are coming!,NPC text,64,它們來了！
Damn wolves...,NPC text,64,該死的狼...
...They've got me...,NPC text,64,...它們咬傷了我...
There’s a medkit in the shack up north.,NPC text,64,北邊的營地裏能找到醫療包。
Go!,NPC text,64,快去吧！
...Oh...,NPC text,64,...哦...
...I'm Viktor by the way...,NPC text,64,...順便說下，我叫維克托...
I'm feeling better now,NPC text,64,我現在感覺好多了。
You’ll need to learn how to keep yourself alive too,NPC text,64,你得學習怎麼在這裡生存下去。
Try healing up now,NPC text,64,現在試試治療自己。
Well done!,NPC text,64,做得好！
Now let's trade,NPC text,64,現在來做個交易吧。
You'll need more gear,NPC text,64,你需要更多裝備。
One last thing.,NPC text,64,還有最後一件事。
There is a letter in a camp further west.,NPC text,64,再往東一點的營地裏有一封信。
You can find it in the body of my friend Roman.,NPC text,64,你可以在我朋友羅曼的遺體上找到它。
We were running away from bandits...,NPC text,64,我們當時在躲避匪幫...
...But Roman was hit at the last moment.,NPC text,64,...但羅曼在最後一刻中彈了。
Anyway...,NPC text,64,總之...
...Take the letter and bring it to the extraction point,NPC text,64,...帶上那封信，把它送到撤離點。
What are these things?,NPC text,64,這些是什麼東西？
They look dangerous.,NPC text,64,看起來很危險。
Maybe I should try throwing a bolt at it.,NPC text,64,朝它扔顆螺栓試試好了。
Yeah I should definitely avoid these things,NPC text,64,我絕對應該避開這些東西。
Come inside and go to the extraction point,NPC text,64,進來，去撤離點。
Loot the chest and equip a gun,Tutorial text,128,搜刮箱子並裝備武器
To reload,Tutorial text,128,換彈
Find the medical box up North,Tutorial text,128,找到北邊營地裏的醫療用品箱
Loot the medical box,Tutorial text,128,搜刮醫療用品箱
Go back to Viktor,Tutorial text,128,回到維克托身邊
Give Medkit to Viktor,Tutorial text,128,把醫療包交給維克托
Use a medkit,Tutorial text,128,使用醫療包
Trade with Viktor,Tutorial text,128,與維克托交易
To open the map,Tutorial text,128,打開地圖
To add a marker,Tutorial text,128,標記
Find the body right East,Tutorial text,128,找到東邊營地裏的遺體
Loot the letter from the body,Tutorial text,128,從遺體上搜刮信件
Go to the extraction point,Tutorial text,128,前往撤離點
To throw a bolt at the anomaly,Tutorial text,128,朝異常投擲螺栓
Avoid the anomalies,Tutorial text,128,避開異常
Craft the corresponding kit to built the module,Base Module description,128,製作相應模組以完成升級
Buy,Trading menu,16,購買
Sell,Trading menu,16,出售
[In Progress],Quest UI,32,[進行中]
Accept,Quest UI,32,接受[進行中]
Quests,Menu button that goes to the Quests screen.,20,任務
Stats,Menu button that goes to the Stats screen.,20,數據
Hunter Skills,Menu button that goes to the Hunter Skills screen.,20,技能
Gun Mastery,Menu button that goes to the Gun Mastery screen.,20,槍械
Base,Menu button that goes to the Base screen.,20,基地
Price,The price of an item,20,價格
Items available for reward,Quest menu text,64,可獲得的物品獎勵
Thank you Hunter! Here are some Roubles,Dialogue,64,謝謝你，獵人！拿上這些盧布。
You have to install previous levels first,When crafting a base module kit,128,你必須先安裝低級模組
You have received 10000 Roubles,Reward for giving prologue letter to Barman,128,已獲得 10000 盧布
Recoil:,Shooting range displayed data,16,準星偏移:
Move:,Shooting range displayed data,16,移動偏移:
Shot:,Shooting range displayed data,16,射擊偏移:
Total:,Shooting range displayed data,16,總計偏移:
Precision:,Shooting range displayed data,16,散佈:
Base DMG:,Shooting range displayed data,16,基礎傷害:
Mastery:,Shooting range displayed data,16,槍械:
Scoped:,Shooting range displayed data,16,開鏡:
Skills:,Shooting range displayed data,16,技能:
Final DMG:,Shooting range displayed data,16,最終傷害:
Hit%,Shooting Range info text,32,命中:
Dmg:,Shooting range displayed data,16,傷害:
Pen%,Shooting range displayed data,16,穿透:
Select Reward,Telling player they need to select a reward to continue.,40,選擇獎勵
Opening sound of the PDA,Sound Setting,64,開啓個人終端
General PDA sounds,Sound Setting,64,個人終端
Single use storage kit,Item name,32,儲藏附加模組
Paiga-12,Weapons,64,Saiga-12
Paiga-12 5 round magazine,Weapon Mods,64,Saiga-12 5發彈匣
Paiga-12 10 round magazine,Weapon Mods,64,Saiga-12 10發彈匣
Paiga-12 20 round magazine,Weapon Mods,64,Saiga-12 20發彈鼓
Paiga-12 polymer handguard,Weapon Mods,64,Saiga-12 聚合物護木
Paiga-12 short handguard,Weapon Mods,64,Saiga-12 短護木
Paiga-12 tactical handguard,Weapon Mods,64,Saiga-12 戰術護木
Paiga-12 long handguard,Weapon Mods,64,Saiga-12 長護木
12x70mm AP BUCKSHOT,ammunition name,32,12x70mm 穿甲散彈
OUG,Weapons,64,AUG
OUG 9x19mm,Weapons,64,AUG 9x19mm
OUG 30 round magazine,Weapon Mods,64,AUG 30發彈匣
OUG 30 round desert magazine,Weapon Mods,64,AUG 30發沙漠色彈匣
OUG 60 round magazine,Weapon Mods,64,AUG 60發彈匣
OUG foregrip,Weapon Mods,64,AUG 前握把
OUG green stock,Weapon Mods,64,AUG 綠色槍托
OUG desert stock,Weapon Mods,64,AUG 沙漠色槍托
OUG black stock,Weapon Mods,64,AUG 黑色槍托
OUG default handguard,Weapon Mods,64,AUG 標準護木
OUG handguard,Weapon Mods,64,AUG 護木
OUG scope,Weapon Mods,64,AUG 瞄準鏡
NP9 9x19mm,Weapons,64,MP9 9x19mm
NP9 .45acp,Weapons,64,MP9 .45 ACP
NP9 20 round magazine,Weapon Mods,64,MP9 20發彈匣
NP9 30 round magazine,Weapon Mods,64,MP9 30發彈匣
NP9 40 round magazine,Weapon Mods,64,MP9 40發彈匣
Heal prompt,Setting name,32,確認接受治療
Prompt yes/no before healing,Setting description,64,在接受治療前進行確認
Medications,Stash page name,32,醫療用品
Food,Stash page name,32,食物
Armors,Stash page name,32,護甲
Weapons,Stash page name,32,武器
Keys,Stash page name,32,鑰匙
Grenades,Stash page name,32,手榴彈
Valuables,Stash page name,32,貴重物品
Injectors,Stash page name,32,注射器
"Increase the range of your grenades by 30%, immunity from flashbangs and take no damage from your own grenade",Hunter Skill Description,256,手榴彈範圍提升30% ，閃光免疫，自傷無效
Explosion Ringing,Sound Setting,64,爆炸耳鳴
Adjust the volume of the tinnitus ringing after explosions,Audio Setting Description,128,爆炸後耳鳴聲的音量
Rotfang,Enemy Name,32,腐牙
Rotking,Enemy Name,32,腐爛之王
Rotking Armor,Armor,64,腐爛之王護甲
Restore HP while standing on chemical anomalies,Item description,256,站在化學異常區域時恢復生命值
Rotking BBsH,Weapons,64,腐爛之王 PPSh-41
Chemical Grenade,Grenades,64,化學手榴彈
Chemical anomaly document,Documents,48,化學異常檔案
"Hey Hunter!\nRemember when you went into the sewers? The Doctor told me that some scientists have reported strange activity down there.\nThey suspect it's coming from the area infested with Rotfang. Go down there and see what you can find, you probably have to look for some machinery.\nOh, one last thing, Hunter! All the reputation you earn from this mission will go to the scientists' faction.",Quest description,None,獵人你好！\n記得你去過的下水道嗎？醫生提到有科學家報告下面有異常動靜，懷疑是腐牙區域傳來的。\n下去看看能發現什麼，最好找找機械裝置。\n此外，這趟任務賺的聲望會全算在科學家陣營頭上。
Chemical activity,Quest name,32,化學活動
Sewer shortcut key,Keys,96,下水道捷徑鑰匙
Key used to open the shortcut in the sewer,Item Description,128,用於開啓下水道捷徑的鑰匙
Horizon suit,Armor,64,地平線護甲
15% chance to deflect incoming bullets.,Item Description,256,15% 概率偏轉子彈
Commander Voss suit,Armor,64,指揮官沃斯護甲
15% chance to deflect incoming bullets.\nDeflected bullets heals for 25% of deflected damage.,Item Description,256,15% 機率彈開子彈。\n觸發時恢復等同於偏轉傷害 25% 的生命值。
Commander Voss,NPCs,32,指揮官-沃斯
Commander Voss EC 74,Weapons,64,指揮官沃斯 AK 74
Any news?,Dialogue,32,有什麼消息嗎？
"Yeah, word’s going around. A new group showed up in the industrial area. They call themselves the Horizon.\nNot army, not bandits. Corporate types with shiny gear and bad intentions.\nThey've locked down the docks and anyone who dares get too close just... vanishes without a trace.",Dialogue,None,是啊，都傳開了，工業區來了一幫自稱「地平線」的新勢力。\n既不是軍隊也不是強盜，倒像是一身精良裝備且心懷鬼胎的企業武裝。\n他們封鎖了碼頭，膽敢靠近的人……全都人間蒸發了。
Improving the base,Quest name,32,建設基地
"You can upgrade your base by installing new modules.\nOpen your PDA, go to the Base Building page, click on an empty slot,\nchoose a module and click the Install button,\nthen craft its Building Kit at the crafting bench,\nright-click the kit in your inventory and use it to place the module in your base.",Quest description,None,你可以通過安裝新模組來建設基地。\n打開個人終端，進入基地頁面， 點擊一個空欄，選擇一個模組並點擊「安裝」。\n在工作臺製作模組，右鍵點擊儲藏中的模組並使用，即可將模組安裝到基地中。
7.62x25mm Chemical,Ammo Types,64,7.62x25mm 化學
5.45x39mm BP,Ammo Types,64,5.45x39mm 穿甲彈
5.45x39mm Horizon,Ammo Types,64,5.45x39mm 地平線
Build a base Module,Quest objective,32,安裝一個模組
Point Blank,Perk Name,32,抵近射擊
Full hits have an additional 20% chance to penetrate armor.,Perk description,256,有效命中時彈丸有額外 20% 機率穿透護甲
Rolling Start,Perk Name,32,彈射起步
"After standing still for 1 second, gain +30% movement speed for 2 seconds",Perk description,256,保持靜止 1 秒後的 2 秒內，移動速度提高 30%
Sticky Fingers,Perk Name,32,黏手指
You find 5 times the amount of Roubles,Perk description,32,搜刮所得盧布變爲 5 倍
Horizon,Faction Name,32,地平線
BCK Backpack,Backpacks,48,BCK 背包
TRF Backpack,Backpacks,48,TRF 背包
PTQ Backpack,Backpacks,48,PTQ 背包
Backpack CC-01,Backpacks,48,背包 CC-01
Backpack CC-02,Backpacks,48,背包 CC-02
Backpack CC-03,Backpacks,48,背包 CC-03
Backpack GA-01,Backpacks,48,背包 GA-01
Backpack GA-02,Backpacks,48,背包 GA-02
Backpack GA-03,Backpacks,48,背包 GA-03
Backpack Tier 1,Difficulty Menu,32,掉落 1 級背包
Backpack Tier 2,Difficulty Menu,32,掉落 2 級背包
Backpack Tier 3,Difficulty Menu,32,掉落 3 級背包
HO! HO! HO!,Event phrase,32,HO! HO! HO!
Show ammo icon,Settings Option,64,彈藥提示
Play Prologue,User Interface,40,遊玩序章
Here's the letter,Tutorial text,128,給酒保的信
I cannot give you any equipemt Hunter....,Dialogue,512,我不能給你任何裝備，獵人...
Your money comined with inventory value is too high,Dialogue,512,"你的錢加上庫存價值太高了。"""
The scientists are doing another experiment.,Quest text,1024,科學家們正在進行另一項實驗。
A lone raider needs a job doing.,Quest text,1024,一個孤獨的掠奪者需要一份工作。
Custom,Difficulty Menu,32,自定義
NPC markers,Gameplay settings,64,NPC標記
Dispaly markers to help locating NPC in the bunker,Setting description,128,顯示標記以輔助定位地堡內的 NPC
Heal prompt,Settings option,64,治療提示
Prompt yes/no before healing,Settings option tooltip,128,在地堡付費治療前提示是否選項
Auto close inventory,Setting option,128,自動關閉背包
Automatically close the inventory when hit,Gameplay setting tooltip,128,在受到攻擊時自動關閉背包
Auto close PDA,Setting option,128,自動關閉個人終端
Automatically close the PDA when hit,Gameplay setting tooltip,128,在受到攻擊時自動關閉個人終端
Give Medkit,Interfactions,48,送出醫療包
Let's trade,Tutorial text,128,來交易吧
.50 bmg standard,Ammo Types,64,.50 BMG 標準
Bandit B01 armor,Armor,64,強盜 B01 護甲
Bandit B02 armor,Armor,64,強盜 B02 護甲
Bandit B03 armor,Armor,64,強盜 B03 護甲
Bandit B04 armor,Armor,64,強盜 B04 護甲
Valentin armor,Armor,64,瓦倫丁護甲
Lazar armor,Armor,64,拉扎爾護甲
Orel armor,Armor,64,奧廖爾護甲
NU01 Armor,Armor,64,NU01 護甲
NU02 Armor,Armor,64,NU02 護甲
NU03 Armor,Armor,64,NU03 護甲
Armor WA-0,Armor,64,WA-0 護甲
Armor WA-1,Armor,64,WA-1 護甲
Armor WA-2,Armor,64,WA-2 護甲
Armor WA-3,Armor,64,WA-3 護甲
WA Cyclops suit,Armor,64,WA 獨眼巨人防護服
NU Backpack,Backpacks,48,NU 背包
Crystal backpack,Backpacks,48,晶體背包
scientist's analyzer,Barter,72,科學家分析儀
Repair kit for the power grid,Barter,72,電網修理套件
scrap metal UNUSED,Barter,72,廢棄金屬 (未使用)
scrap armor,Barter,72,廢棄護甲
Single use storage kit,Barter,64,一次性儲物套件
Book craftmanship,Books,64,工藝書
Box,Chests,64,箱子
Dr. Frolov,Chests,48,弗羅洛夫博士
Roman,Chests,64,羅曼
Valentin,Chests,48,瓦倫丁
backpack_box,Chests,64,背包箱
key_box,Chests,64,鑰匙箱
quest_item,Chests,64,任務物品
weapon_box_moddable,Chests,64,可改裝武器箱
Crystallized Ghoul,NPCs,48,結晶化食屍鬼
Valentin's Guard,NPCs,48,瓦倫丁的守衛
Knockback,Weapon Skills UI - A Weapon Type,64,擊退力
Quest generation...,Map Generation,64,正在生成任務...
Find the letter,Quest objective,128,找到信件
Letter for Barman,Quest item,64,給酒保的信
Detach suppressor,Item Context Usage,12,拆卸消音器
Detach grip,Item Context Usage,12,拆卸前握把
Detach stock,Item Context Usage,12,拆卸槍托
Detach barrel,Item Context Usage,12,拆卸槍管
Detach handguard,Item Context Usage,12,拆卸護木
Detach muzzle,Item Context Usage,12,拆卸槍口
Detach scope,Item Context Usage,12,拆卸瞄準鏡
Detach magazine,Item Context Usage,12,拆卸彈匣
Detach attachment 1,Item Context Usage,12,拆卸配件 1
Detach attachment 2,Item Context Usage,12,拆卸配件 2
Detach attachment 3,Item Context Usage,12,拆卸配件 3
Detach attachment 4,Item Context Usage,12,拆卸配件 4
Phantom,NPCs,48,「幻影」
Boss: Phantom,Stats,48,頭目: 「幻影」
Phantom's stash coordinates,Quest objective,64,「幻影」的隱藏儲藏座標
N1o ghillie stock,Weapon Mods,64,M1A 吉利服槍托
Ghillie suit,Armor,64,吉利服
suppressor 7.62x51 PTS/UDK Ghillie,Weapon Mods,64,7.62x51 PTS/UDK 吉利偽裝消音器